ISO-10303-21;
HEADER;
FILE_DESCRIPTION (( 'STEP AP214' ),
    '1' );
FILE_NAME ('B4B-XH-AM.STEP',
    '2023-11-16T08:56:53',
    ( '' ),
    ( '' ),
    'SwSTEP 2.0',
    'SolidWorks 2021',
    '' );
FILE_SCHEMA (( 'AUTOMOTIVE_DESIGN' ));
ENDSEC;

DATA;
#1 = CARTESIAN_POINT ( 'NONE',  ( -0.3199999999999886824, 1.200000000000000622, -0.3199999999999477152 ) ) ;
#2 = EDGE_LOOP ( 'NONE', ( #3629, #1042, #834, #4833 ) ) ;
#3 = DIRECTION ( 'NONE',  ( -6.033820786006284731E-16, 0.000000000000000000, 1.000000000000000000 ) ) ;
#4 = LINE ( 'NONE', #916, #1690 ) ;
#5 = LINE ( 'NONE', #5115, #5151 ) ;
#6 = ORIENTED_EDGE ( 'NONE', *, *, #5127, .T. ) ;
#7 = CARTESIAN_POINT ( 'NONE',  ( 0.000000000000000000, 0.5000000000000000000, -0.3200000000000000622 ) ) ;
#8 = VERTEX_POINT ( 'NONE', #4073 ) ;
#9 = LINE ( 'NONE', #1801, #5562 ) ;
#10 = ADVANCED_FACE ( 'NONE', ( #940 ), #5924, .F. ) ;
#11 = DIRECTION ( 'NONE',  ( -1.993935029858399143E-16, 0.000000000000000000, -1.000000000000000000 ) ) ;
#12 = DIRECTION ( 'NONE',  ( -0.9396926207859096492, 0.3420201433256655488, 5.669936867754743462E-16 ) ) ;
#13 = ORIENTED_EDGE ( 'NONE', *, *, #3965, .T. ) ;
#14 = FACE_OUTER_BOUND ( 'NONE', #1328, .T. ) ;
#15 = ORIENTED_EDGE ( 'NONE', *, *, #3799, .F. ) ;
#16 = LINE ( 'NONE', #5976, #5965 ) ;
#17 = DIRECTION ( 'NONE',  ( 0.000000000000000000, -1.000000000000000000, 9.856383386231847734E-17 ) ) ;
#18 = EDGE_CURVE ( 'NONE', #982, #5730, #5572, .T. ) ;
#19 = CARTESIAN_POINT ( 'NONE',  ( 8.149999999999998579, 0.8000000000000000444, -1.649999999999999911 ) ) ;
#20 =( NAMED_UNIT ( * ) SI_UNIT ( $, .STERADIAN. ) SOLID_ANGLE_UNIT ( ) );
#21 = ORIENTED_EDGE ( 'NONE', *, *, #497, .F. ) ;
#22 = DIRECTION ( 'NONE',  ( 1.000000000000000000, 0.000000000000000000, 0.000000000000000000 ) ) ;
#23 = ADVANCED_FACE ( 'NONE', ( #3271 ), #882, .F. ) ;
#24 = EDGE_CURVE ( 'NONE', #5430, #1311, #2265, .T. ) ;
#25 = ADVANCED_FACE ( 'NONE', ( #1423, #1396, #2810, #5463, #2361 ), #4189, .T. ) ;
#26 = ORIENTED_EDGE ( 'NONE', *, *, #5743, .F. ) ;
#27 = ORIENTED_EDGE ( 'NONE', *, *, #2579, .T. ) ;
#28 = ORIENTED_EDGE ( 'NONE', *, *, #4406, .F. ) ;
#29 = ADVANCED_FACE ( 'NONE', ( #5003 ), #4542, .F. ) ;
#30 = VECTOR ( 'NONE', #4770, 1000.000000000000000 ) ;
#31 = CYLINDRICAL_SURFACE ( 'NONE', #1206, 0.09999999999999999167 ) ;
#32 = DIRECTION ( 'NONE',  ( -1.000000000000000000, 0.000000000000000000, 6.033820786006285717E-16 ) ) ;
#33 = UNCERTAINTY_MEASURE_WITH_UNIT (LENGTH_MEASURE( 1.000000000000000082E-05 ), #1216, 'distance_accuracy_value', 'NONE');
#34 = ORIENTED_EDGE ( 'NONE', *, *, #1225, .T. ) ;
#35 = CARTESIAN_POINT ( 'NONE',  ( 7.179999999999998828, -0.5500000000000000444, 0.3199999999999015854 ) ) ;
#36 = DIRECTION ( 'NONE',  ( 7.959506100974069273E-17, -0.3420201433256653267, 0.9396926207859096492 ) ) ;
#37 = EDGE_CURVE ( 'NONE', #2255, #5052, #5496, .T. ) ;
#38 = ADVANCED_FACE ( 'NONE', ( #447 ), #4131, .F. ) ;
#39 = VECTOR ( 'NONE', #3365, 1000.000000000000000 ) ;
#40 = CARTESIAN_POINT ( 'NONE',  ( 2.820000000000014939, -3.399999999999999911, -0.2108089297201864720 ) ) ;
#41 = VECTOR ( 'NONE', #2003, 1000.000000000000000 ) ;
#42 = ORIENTED_EDGE ( 'NONE', *, *, #811, .F. ) ;
#43 = DIRECTION ( 'NONE',  ( -0.3236155771181767893, -0.8891264907159766029, 0.3236155771182244734 ) ) ;
#44 = ORIENTED_EDGE ( 'NONE', *, *, #2831, .T. ) ;
#45 = CARTESIAN_POINT ( 'NONE',  ( 7.179999999999998828, -3.099999999999996536, 0.3199999999999015854 ) ) ;
#46 = PLANE ( 'NONE',  #279 ) ;
#47 = DIRECTION ( 'NONE',  ( 0.000000000000000000, 0.000000000000000000, 1.000000000000000000 ) ) ;
#48 = ORIENTED_EDGE ( 'NONE', *, *, #5529, .T. ) ;
#49 = LINE ( 'NONE', #5635, #4613 ) ;
#50 = VERTEX_POINT ( 'NONE', #1575 ) ;
#51 = PLANE ( 'NONE',  #4123 ) ;
#52 = DIRECTION ( 'NONE',  ( -1.000000000000000000, 0.000000000000000000, 0.000000000000000000 ) ) ;
#53 = DIRECTION ( 'NONE',  ( 0.000000000000000000, 0.000000000000000000, 1.000000000000000000 ) ) ;
#54 = LINE ( 'NONE', #2353, #2117 ) ;
#55 = VERTEX_POINT ( 'NONE', #1603 ) ;
#56 = DIRECTION ( 'NONE',  ( 0.000000000000000000, 1.000000000000000000, 0.000000000000000000 ) ) ;
#57 = EDGE_LOOP ( 'NONE', ( #3398, #5484, #2932, #1391 ) ) ;
#58 = ORIENTED_EDGE ( 'NONE', *, *, #159, .T. ) ;
#59 = CARTESIAN_POINT ( 'NONE',  ( 0.000000000000000000, 1.200000000000000622, 0.000000000000000000 ) ) ;
#60 = EDGE_CURVE ( 'NONE', #5627, #1253, #1031, .T. ) ;
#61 = VECTOR ( 'NONE', #4598, 1000.000000000000000 ) ;
#62 = CARTESIAN_POINT ( 'NONE',  ( 6.850000000000002309, 1.200000000000002398, -1.649999999999999911 ) ) ;
#63 = LINE ( 'NONE', #4575, #2999 ) ;
#64 = ORIENTED_EDGE ( 'NONE', *, *, #1170, .T. ) ;
#65 = ADVANCED_FACE ( 'NONE', ( #2869 ), #2010, .T. ) ;
#66 = LINE ( 'NONE', #2425, #77 ) ;
#67 = CARTESIAN_POINT ( 'NONE',  ( 0.3199999999999991185, -2.820106242396757779, 0.3245727331609177813 ) ) ;
#68 = VECTOR ( 'NONE', #1115, 1000.000000000000000 ) ;
#69 = VECTOR ( 'NONE', #5807, 1000.000000000000000 ) ;
#70 = CARTESIAN_POINT ( 'NONE',  ( 1.849999999999995648, 0.8000000000000000444, -1.650000000000000799 ) ) ;
#71 = ADVANCED_FACE ( 'NONE', ( #4277 ), #5194, .F. ) ;
#72 = CIRCLE ( 'NONE', #4588, 0.09999999999999996392 ) ;
#73 = ORIENTED_EDGE ( 'NONE', *, *, #912, .F. ) ;
#74 = DIRECTION ( 'NONE',  ( -0.3236155771181817853, 0.8891264907159904807, 0.3236155771181817298 ) ) ;
#75 = ORIENTED_EDGE ( 'NONE', *, *, #5554, .T. ) ;
#76 = PLANE ( 'NONE',  #5277 ) ;
#77 = VECTOR ( 'NONE', #2302, 1000.000000000000000 ) ;
#78 = LINE ( 'NONE', #3849, #2125 ) ;
#79 = SURFACE_STYLE_USAGE ( .BOTH. , #2436 ) ;
#80 = EDGE_LOOP ( 'NONE', ( #495, #2079, #4863, #2809 ) ) ;
#81 = LINE ( 'NONE', #989, #1269 ) ;
#82 = ORIENTED_EDGE ( 'NONE', *, *, #5681, .T. ) ;
#83 = DIRECTION ( 'NONE',  ( -6.033820786006285717E-16, 0.000000000000000000, 1.000000000000000000 ) ) ;
#84 = CARTESIAN_POINT ( 'NONE',  ( -0.6500000000000055733, 0.8000000000000000444, -1.650000000000001021 ) ) ;
#85 = ORIENTED_EDGE ( 'NONE', *, *, #418, .T. ) ;
#86 = CYLINDRICAL_SURFACE ( 'NONE', #4545, 0.6500000000000000222 ) ;
#87 = COLOUR_RGB ( '',0.7960784313725489669, 0.8235294117647058432, 0.9372549019607843146 ) ;
#88 = ORIENTED_EDGE ( 'NONE', *, *, #2174, .F. ) ;
#89 = ORIENTED_EDGE ( 'NONE', *, *, #1294, .F. ) ;
#90 = CARTESIAN_POINT ( 'NONE',  ( -2.500000000000000000, 6.800000000000000711, 0.000000000000000000 ) ) ;
#91 = AXIS2_PLACEMENT_3D ( 'NONE', #5690, #1930, #1563 ) ;
#92 = DIRECTION ( 'NONE',  ( -0.3236155771181818963, 0.8891264907159904807, -0.3236155771181816743 ) ) ;
#93 = DIRECTION ( 'NONE',  ( -1.000000000000000000, 0.000000000000000000, 0.000000000000000000 ) ) ;
#94 = EDGE_LOOP ( 'NONE', ( #2734, #1217, #3635, #4066, #1745 ) ) ;
#95 = CARTESIAN_POINT ( 'NONE',  ( -1.600000000000000089, -1.500000000000000000, 2.000000000000000000 ) ) ;
#96 = EDGE_CURVE ( 'NONE', #5282, #4563, #5674, .T. ) ;
#97 = EDGE_CURVE ( 'NONE', #1489, #1089, #2054, .T. ) ;
#98 = CARTESIAN_POINT ( 'NONE',  ( 7.179999999999998828, -0.5500000000000000444, 0.4199999999999015632 ) ) ;
#99 = AXIS2_PLACEMENT_3D ( 'NONE', #469, #4564, #437 ) ;
#100 = VERTEX_POINT ( 'NONE', #2475 ) ;
#101 = CARTESIAN_POINT ( 'NONE',  ( 5.649999999999997691, 0.8000000000000000444, 2.699999999999994849 ) ) ;
#102 = EDGE_CURVE ( 'NONE', #5099, #438, #5646, .T. ) ;
#103 = EDGE_CURVE ( 'NONE', #1469, #4688, #4725, .T. ) ;
#104 = ORIENTED_EDGE ( 'NONE', *, *, #278, .F. ) ;
#105 = CARTESIAN_POINT ( 'NONE',  ( -2.450000000000000622, 0.000000000000000000, -2.350000000000000089 ) ) ;
#106 = DIRECTION ( 'NONE',  ( 1.508455196501571429E-16, 0.000000000000000000, 1.000000000000000000 ) ) ;
#107 = VERTEX_POINT ( 'NONE', #577 ) ;
#108 = CARTESIAN_POINT ( 'NONE',  ( 7.819999999999998508, -1.729893757603242044, -0.004572733161116655440 ) ) ;
#109 = VERTEX_POINT ( 'NONE', #544 ) ;
#110 = PLANE ( 'NONE',  #3354 ) ;
#111 = CARTESIAN_POINT ( 'NONE',  ( 2.710808929720138316, 6.800000000000000711, 0.2108089297200920198 ) ) ;
#112 = ORIENTED_EDGE ( 'NONE', *, *, #3001, .F. ) ;
#113 = CARTESIAN_POINT ( 'NONE',  ( 0.6499999999999943601, 0.000000000000000000, 2.699999999999999734 ) ) ;
#114 = VERTEX_POINT ( 'NONE', #2508 ) ;
#115 = PLANE ( 'NONE',  #5823 ) ;
#116 = ORIENTED_EDGE ( 'NONE', *, *, #4297, .F. ) ;
#117 = ORIENTED_EDGE ( 'NONE', *, *, #5131, .F. ) ;
#118 = DIRECTION ( 'NONE',  ( -0.000000000000000000, 1.000000000000000000, -0.000000000000000000 ) ) ;
#119 = DIRECTION ( 'NONE',  ( 8.470329472543004623E-17, -0.000000000000000000, 1.000000000000000000 ) ) ;
#120 = DIRECTION ( 'NONE',  ( -0.000000000000000000, -1.000000000000000000, -0.000000000000000000 ) ) ;
#121 = ORIENTED_EDGE ( 'NONE', *, *, #5025, .T. ) ;
#122 = CARTESIAN_POINT ( 'NONE',  ( -0.1552188807741900489, 6.952732404225376861, -0.1552188807742895804 ) ) ;
#123 = EDGE_CURVE ( 'NONE', #4951, #2328, #2421, .T. ) ;
#124 = DIRECTION ( 'NONE',  ( 1.172110456741083807E-15, 0.000000000000000000, 1.000000000000000000 ) ) ;
#125 = VECTOR ( 'NONE', #1683, 1000.000000000000000 ) ;
#126 = AXIS2_PLACEMENT_3D ( 'NONE', #3253, #5255, #2782 ) ;
#127 = ORIENTED_EDGE ( 'NONE', *, *, #4055, .T. ) ;
#128 = DIRECTION ( 'NONE',  ( 0.000000000000000000, 1.000000000000000000, 0.000000000000000000 ) ) ;
#129 = ORIENTED_EDGE ( 'NONE', *, *, #586, .T. ) ;
#130 = VECTOR ( 'NONE', #1736, 1000.000000000000000 ) ;
#131 = DIRECTION ( 'NONE',  ( -5.860552283705417060E-16, 0.000000000000000000, 1.000000000000000000 ) ) ;
#132 = EDGE_CURVE ( 'NONE', #540, #4129, #1996, .T. ) ;
#133 = CARTESIAN_POINT ( 'NONE',  ( 1.849999999999996536, 0.8000000000000000444, -2.350000000000000089 ) ) ;
#134 = AXIS2_PLACEMENT_3D ( 'NONE', #948, #5624, #4257 ) ;
#135 = CARTESIAN_POINT ( 'NONE',  ( 7.819999999999998508, -0.5500000000000000444, 0.3199999999999011968 ) ) ;
#136 = VERTEX_POINT ( 'NONE', #4667 ) ;
#137 = LINE ( 'NONE', #3403, #5928 ) ;
#138 = EDGE_CURVE ( 'NONE', #5032, #2690, #2390, .T. ) ;
#139 = VERTEX_POINT ( 'NONE', #5251 ) ;
#140 = CARTESIAN_POINT ( 'NONE',  ( 7.179999999999997051, 0.5000000000000000000, 0.3200000000000000067 ) ) ;
#141 = CARTESIAN_POINT ( 'NONE',  ( -1.750000000000000222, 1.200000000000000622, 3.489386302252199425E-16 ) ) ;
#142 = ORIENTED_EDGE ( 'NONE', *, *, #2538, .F. ) ;
#143 = FACE_OUTER_BOUND ( 'NONE', #5283, .T. ) ;
#144 = ADVANCED_FACE ( 'NONE', ( #3330 ), #1491, .T. ) ;
#145 = VERTEX_POINT ( 'NONE', #2449 ) ;
#146 = ORIENTED_EDGE ( 'NONE', *, *, #5300, .F. ) ;
#147 = DIRECTION ( 'NONE',  ( -1.239088197126292444E-15, 0.000000000000000000, 1.000000000000000000 ) ) ;
#148 = PLANE ( 'NONE',  #1303 ) ;
#149 = DIRECTION ( 'NONE',  ( 0.000000000000000000, 1.000000000000000000, -0.000000000000000000 ) ) ;
#150 = ORIENTED_EDGE ( 'NONE', *, *, #3974, .F. ) ;
#151 = CARTESIAN_POINT ( 'NONE',  ( 8.150000000000002132, 6.649999999999999467, -1.737927405783629142 ) ) ;
#152 = CARTESIAN_POINT ( 'NONE',  ( 8.150000000000002132, 1.200000000000000622, -1.649999999999999911 ) ) ;
#153 = VECTOR ( 'NONE', #1309, 1000.000000000000000 ) ;
#154 = EDGE_LOOP ( 'NONE', ( #1456, #1367, #206, #44 ) ) ;
#155 = CARTESIAN_POINT ( 'NONE',  ( -3.108766318521322613E-14, 6.800000000000000711, -0.2108089297194019329 ) ) ;
#156 = VECTOR ( 'NONE', #5852, 999.9999999999998863 ) ;
#157 = EDGE_LOOP ( 'NONE', ( #290, #999, #5424, #4199 ) ) ;
#158 = DIRECTION ( 'NONE',  ( 0.000000000000000000, -1.000000000000000000, 1.475104996578917155E-17 ) ) ;
#159 = EDGE_CURVE ( 'NONE', #5662, #1917, #1970, .T. ) ;
#160 = VECTOR ( 'NONE', #158, 1000.000000000000000 ) ;
#161 = PLANE ( 'NONE',  #4231 ) ;
#162 = CARTESIAN_POINT ( 'NONE',  ( 8.000000000000000000, 6.500000000000000000, -2.350000000000000089 ) ) ;
#163 = VECTOR ( 'NONE', #641, 1000.000000000000000 ) ;
#164 = ORIENTED_EDGE ( 'NONE', *, *, #3696, .F. ) ;
#165 = CARTESIAN_POINT ( 'NONE',  ( 3.469446951953614189E-15, 4.649999999999998579, -1.650000000000000355 ) ) ;
#166 = ORIENTED_EDGE ( 'NONE', *, *, #1170, .F. ) ;
#167 = CARTESIAN_POINT ( 'NONE',  ( 7.179999999999998828, 6.499999999999997335, -0.3200000000001000378 ) ) ;
#168 = EDGE_CURVE ( 'NONE', #1238, #5914, #177, .T. ) ;
#169 = AXIS2_PLACEMENT_3D ( 'NONE', #1265, #2698, #370 ) ;
#170 = CLOSED_SHELL ( 'NONE', ( #2509, #29, #1802, #803, #2304, #3280, #394, #3316, #3281, #5547, #2362, #2529, #4664, #837, #4730, #2434, #695, #4035, #1629, #2345, #4551, #215, #2972, #3534, #3981, #4668 ) ) ;
#171 =( NAMED_UNIT ( * ) PLANE_ANGLE_UNIT ( ) SI_UNIT ( $, .RADIAN. ) );
#172 = FACE_OUTER_BOUND ( 'NONE', #4370, .T. ) ;
#173 = ORIENTED_EDGE ( 'NONE', *, *, #3820, .F. ) ;
#174 = DIRECTION ( 'NONE',  ( -1.000000000000000000, 0.000000000000000000, -0.000000000000000000 ) ) ;
#175 = VERTEX_POINT ( 'NONE', #1547 ) ;
#176 = ORIENTED_EDGE ( 'NONE', *, *, #848, .T. ) ;
#177 = LINE ( 'NONE', #3835, #4682 ) ;
#178 = ADVANCED_FACE ( 'NONE', ( #5139 ), #5703, .F. ) ;
#179 = EDGE_CURVE ( 'NONE', #593, #4218, #3779, .T. ) ;
#180 = CARTESIAN_POINT ( 'NONE',  ( 0.6499999999999978018, 6.497705265805027608, -1.649999999999999911 ) ) ;
#181 = AXIS2_PLACEMENT_3D ( 'NONE', #4657, #2381, #52 ) ;
#182 = CARTESIAN_POINT ( 'NONE',  ( 9.949999999999999289, 4.750000000000000888, -0.1249999999999989730 ) ) ;
#183 = ORIENTED_EDGE ( 'NONE', *, *, #3212, .T. ) ;
#184 = DIRECTION ( 'NONE',  ( 1.000000000000000000, 0.000000000000000000, 0.000000000000000000 ) ) ;
#185 = DIRECTION ( 'NONE',  ( -1.000000000000000000, -0.000000000000000000, -0.000000000000000000 ) ) ;
#186 = LINE ( 'NONE', #4344, #5243 ) ;
#187 = VECTOR ( 'NONE', #1756, 1000.000000000000000 ) ;
#188 = VECTOR ( 'NONE', #869, 1000.000000000000000 ) ;
#189 = ORIENTED_EDGE ( 'NONE', *, *, #458, .T. ) ;
#190 = DIRECTION ( 'NONE',  ( 1.000000000000000000, -0.000000000000000000, 3.016910393003142859E-16 ) ) ;
#191 = ORIENTED_EDGE ( 'NONE', *, *, #2392, .T. ) ;
#192 = DIRECTION ( 'NONE',  ( 1.000000000000000000, 0.000000000000000000, -6.033820786006286703E-16 ) ) ;
#193 = PRODUCT_DEFINITION_FORMATION_WITH_SPECIFIED_SOURCE ( 'ANY', '', #3112, .NOT_KNOWN. ) ;
#194 = CARTESIAN_POINT ( 'NONE',  ( 0.3199999999999991185, -0.5500000000000000444, -0.3200000000000999267 ) ) ;
#195 = CARTESIAN_POINT ( 'NONE',  ( -1.750000000000000666, 1.200000000000000622, -1.649999999999999911 ) ) ;
#196 = VERTEX_POINT ( 'NONE', #4756 ) ;
#197 = CARTESIAN_POINT ( 'NONE',  ( 7.179999999999997051, 0.000000000000000000, -0.3200000000000000622 ) ) ;
#198 = VERTEX_POINT ( 'NONE', #5166 ) ;
#199 = DIRECTION ( 'NONE',  ( 0.000000000000000000, -1.000000000000000000, 0.000000000000000000 ) ) ;
#200 = FILL_AREA_STYLE_COLOUR ( '', #87 ) ;
#201 = PLANE ( 'NONE',  #2692 ) ;
#202 = EDGE_CURVE ( 'NONE', #3910, #2379, #3951, .T. ) ;
#203 = ORIENTED_EDGE ( 'NONE', *, *, #5077, .T. ) ;
#204 = CARTESIAN_POINT ( 'NONE',  ( 4.349999999999997868, 0.8000000000000000444, 2.699999999999994849 ) ) ;
#205 = EDGE_LOOP ( 'NONE', ( #5183, #4159, #4572, #1680, #2532, #2551, #3883, #4597, #500, #4254 ) ) ;
#206 = ORIENTED_EDGE ( 'NONE', *, *, #5113, .T. ) ;
#207 = ADVANCED_FACE ( 'NONE', ( #2648 ), #1153, .T. ) ;
#208 = CARTESIAN_POINT ( 'NONE',  ( 7.179999999999998828, -0.5500000000000000444, -0.3200000000000999267 ) ) ;
#209 = DIRECTION ( 'NONE',  ( -1.000000000000000000, 0.000000000000000000, 0.000000000000000000 ) ) ;
#210 = EDGE_CURVE ( 'NONE', #3343, #5937, #3446, .T. ) ;
#211 = CARTESIAN_POINT ( 'NONE',  ( 0.3199999999999991185, 6.800000000000000711, -0.3200000000001000378 ) ) ;
#212 = ORIENTED_EDGE ( 'NONE', *, *, #1243, .F. ) ;
#213 = DIRECTION ( 'NONE',  ( 0.000000000000000000, 1.000000000000000000, 0.000000000000000000 ) ) ;
#214 = LINE ( 'NONE', #2060, #252 ) ;
#215 = ADVANCED_FACE ( 'NONE', ( #2115 ), #4482, .F. ) ;
#216 = DIRECTION ( 'NONE',  ( 0.000000000000000000, 0.000000000000000000, 1.000000000000000000 ) ) ;
#217 = ORIENTED_EDGE ( 'NONE', *, *, #1053, .F. ) ;
#218 = CARTESIAN_POINT ( 'NONE',  ( 9.250000000000000000, 6.497705265805027608, -0.1249999999999992228 ) ) ;
#219 = ADVANCED_FACE ( 'NONE', ( #2620 ), #1636, .F. ) ;
#220 = ORIENTED_EDGE ( 'NONE', *, *, #5229, .F. ) ;
#221 = CARTESIAN_POINT ( 'NONE',  ( 0.3199999999999991185, -0.7712138062639923852, -0.2861617746085795000 ) ) ;
#222 = AXIS2_PLACEMENT_3D ( 'NONE', #3401, #5238, #1141 ) ;
#223 = CARTESIAN_POINT ( 'NONE',  ( 2.179999999999999272, 6.499999999999997335, -0.3199999999999528222 ) ) ;
#224 = DIRECTION ( 'NONE',  ( -1.000000000000000000, -0.000000000000000000, 1.474684361169737143E-13 ) ) ;
#225 = ORIENTED_EDGE ( 'NONE', *, *, #387, .F. ) ;
#226 = DIRECTION ( 'NONE',  ( 2.503857664561932376E-16, -0.8660254037844389297, 0.4999999999999996114 ) ) ;
#227 = ORIENTED_EDGE ( 'NONE', *, *, #5905, .T. ) ;
#228 = FACE_OUTER_BOUND ( 'NONE', #2673, .T. ) ;
#229 = VECTOR ( 'NONE', #522, 1000.000000000000114 ) ;
#230 = AXIS2_PLACEMENT_3D ( 'NONE', #608, #4850, #209 ) ;
#231 =( NAMED_UNIT ( * ) SI_UNIT ( $, .STERADIAN. ) SOLID_ANGLE_UNIT ( ) );
#232 = CARTESIAN_POINT ( 'NONE',  ( 0.6499999999999952482, 0.8000000000000000444, -1.650000000000001021 ) ) ;
#233 = ORIENTED_EDGE ( 'NONE', *, *, #548, .F. ) ;
#234 = DIRECTION ( 'NONE',  ( 1.239088197126292247E-15, -0.000000000000000000, -1.000000000000000000 ) ) ;
#235 = ORIENTED_EDGE ( 'NONE', *, *, #4543, .F. ) ;
#236 = EDGE_LOOP ( 'NONE', ( #5950, #4473, #844, #5520, #3537 ) ) ;
#237 = PLANE ( 'NONE',  #5955 ) ;
#238 = DIRECTION ( 'NONE',  ( -1.000000000000000000, 0.000000000000000000, 0.000000000000000000 ) ) ;
#239 = LINE ( 'NONE', #727, #1357 ) ;
#240 = EDGE_LOOP ( 'NONE', ( #3808, #4624, #1528, #646 ) ) ;
#241 = FACE_OUTER_BOUND ( 'NONE', #5551, .T. ) ;
#242 = LINE ( 'NONE', #3006, #5200 ) ;
#243 = CARTESIAN_POINT ( 'NONE',  ( 9.249999999999998224, 0.5000000000000000000, 2.699999999999999734 ) ) ;
#244 = DIRECTION ( 'NONE',  ( 1.000000000000000000, 0.000000000000000000, 1.084202172485503961E-14 ) ) ;
#245 = EDGE_CURVE ( 'NONE', #3203, #3213, #4876, .T. ) ;
#246 = ADVANCED_FACE ( 'NONE', ( #1697 ), #237, .F. ) ;
#247 = ORIENTED_EDGE ( 'NONE', *, *, #3132, .F. ) ;
#248 = CARTESIAN_POINT ( 'NONE',  ( -0.6500000000000055733, 0.8000000000000000444, -1.650000000000001021 ) ) ;
#249 = ORIENTED_EDGE ( 'NONE', *, *, #4183, .F. ) ;
#250 = LINE ( 'NONE', #4766, #823 ) ;
#251 = LINE ( 'NONE', #5721, #3791 ) ;
#252 = VECTOR ( 'NONE', #271, 1000.000000000000000 ) ;
#253 = EDGE_LOOP ( 'NONE', ( #5249, #5359, #5087, #4974 ) ) ;
#254 = PLANE ( 'NONE',  #5593 ) ;
#255 = ORIENTED_EDGE ( 'NONE', *, *, #3190, .F. ) ;
#256 = LINE ( 'NONE', #4869, #2963 ) ;
#257 = VECTOR ( 'NONE', #311, 1000.000000000000000 ) ;
#258 = DIRECTION ( 'NONE',  ( -0.000000000000000000, 0.000000000000000000, 1.000000000000000000 ) ) ;
#259 = DIRECTION ( 'NONE',  ( -1.000000000000000000, 0.000000000000000000, 1.474684361169737143E-13 ) ) ;
#260 = ORIENTED_EDGE ( 'NONE', *, *, #2101, .F. ) ;
#261 = CARTESIAN_POINT ( 'NONE',  ( 0.3200000000000129963, 0.5000000000000000000, 0.3200000000000524092 ) ) ;
#262 = ORIENTED_EDGE ( 'NONE', *, *, #548, .T. ) ;
#263 = AXIS2_PLACEMENT_3D ( 'NONE', #2519, #2975, #1166 ) ;
#264 = CARTESIAN_POINT ( 'NONE',  ( 5.649999999999997691, 0.8000000000000000444, -2.350000000000000089 ) ) ;
#265 = DIRECTION ( 'NONE',  ( 0.000000000000000000, -0.000000000000000000, -1.000000000000000000 ) ) ;
#266 = VECTOR ( 'NONE', #4374, 1000.000000000000000 ) ;
#267 = CARTESIAN_POINT ( 'NONE',  ( -1.749999999999999778, 0.000000000000000000, 2.699999999999999734 ) ) ;
#268 = ORIENTED_EDGE ( 'NONE', *, *, #2174, .T. ) ;
#269 = DIRECTION ( 'NONE',  ( -1.000000000000000000, 0.000000000000000000, -1.239088197126291458E-15 ) ) ;
#270 = FACE_BOUND ( 'NONE', #5298, .T. ) ;
#271 = DIRECTION ( 'NONE',  ( 0.000000000000000000, 0.000000000000000000, 1.000000000000000000 ) ) ;
#272 = VERTEX_POINT ( 'NONE', #3479 ) ;
#273 = DIRECTION ( 'NONE',  ( 0.000000000000000000, -1.000000000000000000, 0.000000000000000000 ) ) ;
#274 = VECTOR ( 'NONE', #4431, 1000.000000000000000 ) ;
#275 = VERTEX_POINT ( 'NONE', #3507 ) ;
#276 = CARTESIAN_POINT ( 'NONE',  ( 0.000000000000000000, 0.000000000000000000, 0.000000000000000000 ) ) ;
#277 = VERTEX_POINT ( 'NONE', #724 ) ;
#278 = EDGE_CURVE ( 'NONE', #460, #3921, #5803, .T. ) ;
#279 = AXIS2_PLACEMENT_3D ( 'NONE', #4087, #3291, #4532 ) ;
#280 = LINE ( 'NONE', #1655, #125 ) ;
#281 = EDGE_CURVE ( 'NONE', #4417, #445, #2203, .T. ) ;
#282 = EDGE_LOOP ( 'NONE', ( #1867, #5685, #331, #1019 ) ) ;
#283 = DIRECTION ( 'NONE',  ( -0.000000000000000000, -1.000000000000000000, -0.000000000000000000 ) ) ;
#284 = VERTEX_POINT ( 'NONE', #1723 ) ;
#285 = CARTESIAN_POINT ( 'NONE',  ( 2.820000000000008278, 0.5000000000000000000, 0.000000000000000000 ) ) ;
#286 = EDGE_CURVE ( 'NONE', #4363, #5587, #1213, .T. ) ;
#287 = AXIS2_PLACEMENT_3D ( 'NONE', #1299, #5974, #3208 ) ;
#288 = FACE_OUTER_BOUND ( 'NONE', #2493, .T. ) ;
#289 = LINE ( 'NONE', #2559, #3858 ) ;
#290 = ORIENTED_EDGE ( 'NONE', *, *, #4894, .F. ) ;
#291 = DIRECTION ( 'NONE',  ( -0.000000000000000000, 1.000000000000000000, -0.000000000000000000 ) ) ;
#292 = ORIENTED_EDGE ( 'NONE', *, *, #2175, .F. ) ;
#293 = EDGE_CURVE ( 'NONE', #3262, #5030, #2997, .T. ) ;
#294 = DIRECTION ( 'NONE',  ( 1.000000000000000000, 0.000000000000000000, -0.000000000000000000 ) ) ;
#295 = CARTESIAN_POINT ( 'NONE',  ( 9.250000000000000000, 6.497705265805027608, -0.1249999999999992228 ) ) ;
#296 = CARTESIAN_POINT ( 'NONE',  ( 0.000000000000000000, 0.000000000000000000, 0.000000000000000000 ) ) ;
#297 = ORIENTED_EDGE ( 'NONE', *, *, #5709, .T. ) ;
#298 = DIRECTION ( 'NONE',  ( -1.000000000000000000, 0.000000000000000000, 0.000000000000000000 ) ) ;
#299 = DIRECTION ( 'NONE',  ( -2.882438254889902645E-32, 1.000000000000000000, -1.445602896647339903E-16 ) ) ;
#300 = DIRECTION ( 'NONE',  ( 0.000000000000000000, -1.000000000000000000, 0.000000000000000000 ) ) ;
#301 = AXIS2_PLACEMENT_3D ( 'NONE', #1713, #3909, #2105 ) ;
#302 = DIRECTION ( 'NONE',  ( -0.000000000000000000, -1.000000000000000000, -0.000000000000000000 ) ) ;
#303 = VERTEX_POINT ( 'NONE', #2536 ) ;
#304 = FACE_OUTER_BOUND ( 'NONE', #4987, .T. ) ;
#305 = DIRECTION ( 'NONE',  ( 1.000000000000000000, 0.000000000000000000, 6.033820786006285717E-16 ) ) ;
#306 = VECTOR ( 'NONE', #3206, 1000.000000000000000 ) ;
#307 = CARTESIAN_POINT ( 'NONE',  ( 7.710808929720137428, -3.399999999999999911, -0.3200000000001003153 ) ) ;
#308 = ORIENTED_EDGE ( 'NONE', *, *, #626, .F. ) ;
#309 = CARTESIAN_POINT ( 'NONE',  ( 0.3200000000000129963, 0.000000000000000000, -0.3199999999999477152 ) ) ;
#310 = ORIENTED_EDGE ( 'NONE', *, *, #1882, .F. ) ;
#311 = DIRECTION ( 'NONE',  ( 0.000000000000000000, -0.000000000000000000, 1.000000000000000000 ) ) ;
#312 = CIRCLE ( 'NONE', #4937, 0.5000000000000004441 ) ;
#313 = DIRECTION ( 'NONE',  ( 0.000000000000000000, -1.000000000000000000, 0.000000000000000000 ) ) ;
#314 = EDGE_CURVE ( 'NONE', #3402, #5058, #4816, .T. ) ;
#315 = DIRECTION ( 'NONE',  ( 0.000000000000000000, 0.000000000000000000, 1.000000000000000000 ) ) ;
#316 = VECTOR ( 'NONE', #3758, 1000.000000000000000 ) ;
#317 = ORIENTED_EDGE ( 'NONE', *, *, #2633, .F. ) ;
#318 = LINE ( 'NONE', #4361, #4457 ) ;
#319 = ORIENTED_EDGE ( 'NONE', *, *, #4553, .F. ) ;
#320 = LINE ( 'NONE', #4429, #5559 ) ;
#321 = VECTOR ( 'NONE', #3926, 1000.000000000000000 ) ;
#322 = CARTESIAN_POINT ( 'NONE',  ( 2.289191070279859908, 6.800000000000000711, 0.000000000000000000 ) ) ;
#323 = DIRECTION ( 'NONE',  ( 0.000000000000000000, 0.000000000000000000, 1.000000000000000000 ) ) ;
#324 = VECTOR ( 'NONE', #5504, 1000.000000000000000 ) ;
#325 = VERTEX_POINT ( 'NONE', #3979 ) ;
#326 = DIRECTION ( 'NONE',  ( 1.000000000000000000, -0.000000000000000000, 0.000000000000000000 ) ) ;
#327 = FACE_BOUND ( 'NONE', #5280, .T. ) ;
#328 = LINE ( 'NONE', #1250, #4693 ) ;
#329 = CARTESIAN_POINT ( 'NONE',  ( -0.6500000000000047962, 0.000000000000000000, -2.350000000000000533 ) ) ;
#330 = DIRECTION ( 'NONE',  ( -1.000000000000000000, 0.000000000000000000, -1.239088197126292444E-15 ) ) ;
#331 = ORIENTED_EDGE ( 'NONE', *, *, #281, .T. ) ;
#332 = DIRECTION ( 'NONE',  ( -1.000000000000000000, -6.077163357286272548E-64, -6.033820786006286703E-16 ) ) ;
#333 = FACE_OUTER_BOUND ( 'NONE', #4896, .T. ) ;
#334 = CARTESIAN_POINT ( 'NONE',  ( 5.188731534135313517, 6.860657145849674343, -0.1887315341353424658 ) ) ;
#335 = VERTEX_POINT ( 'NONE', #1667 ) ;
#336 = DIRECTION ( 'NONE',  ( 1.000000000000000000, -0.000000000000000000, -6.033820786006285717E-16 ) ) ;
#337 = ADVANCED_FACE ( 'NONE', ( #756 ), #4364, .F. ) ;
#338 = ORIENTED_EDGE ( 'NONE', *, *, #3131, .F. ) ;
#339 = PLANE ( 'NONE',  #5655 ) ;
#340 = CARTESIAN_POINT ( 'NONE',  ( -0.5610624306758437152, 6.649999999999999467, -1.737927405783631807 ) ) ;
#341 = ADVANCED_FACE ( 'NONE', ( #4455 ), #3566, .T. ) ;
#342 = CARTESIAN_POINT ( 'NONE',  ( 0.6499999999999978018, 6.497705265805027608, -1.649999999999999911 ) ) ;
#343 = ORIENTED_EDGE ( 'NONE', *, *, #5566, .F. ) ;
#344 = DIRECTION ( 'NONE',  ( 0.000000000000000000, -1.000000000000000000, 1.475104996578917155E-17 ) ) ;
#345 = AXIS2_PLACEMENT_3D ( 'NONE', #5346, #5772, #2173 ) ;
#346 = EDGE_CURVE ( 'NONE', #1853, #2429, #320, .T. ) ;
#347 = ORIENTED_EDGE ( 'NONE', *, *, #471, .F. ) ;
#348 = CARTESIAN_POINT ( 'NONE',  ( 0.3199999999999991185, -3.399999999999999911, -0.2108089297202393186 ) ) ;
#349 = VECTOR ( 'NONE', #2440, 1000.000000000000000 ) ;
#350 = AXIS2_PLACEMENT_3D ( 'NONE', #1728, #4488, #3005 ) ;
#351 = DIRECTION ( 'NONE',  ( 0.000000000000000000, 0.9542726683898372642, 0.2989375760324216036 ) ) ;
#352 = DIRECTION ( 'NONE',  ( 0.000000000000000000, 0.000000000000000000, 1.000000000000000000 ) ) ;
#353 = VECTOR ( 'NONE', #2129, 1000.000000000000000 ) ;
#354 = ORIENTED_EDGE ( 'NONE', *, *, #4445, .T. ) ;
#355 = DIRECTION ( 'NONE',  ( -5.669936867754744448E-16, 0.3420201433256656598, -0.9396926207859095381 ) ) ;
#356 = EDGE_CURVE ( 'NONE', #605, #3082, #2288, .T. ) ;
#357 = EDGE_CURVE ( 'NONE', #272, #4991, #2801, .T. ) ;
#358 = CARTESIAN_POINT ( 'NONE',  ( 9.249999999999998224, 6.497705265805027608, 2.699999999999999734 ) ) ;
#359 = VECTOR ( 'NONE', #703, 1000.000000000000000 ) ;
#360 = EDGE_CURVE ( 'NONE', #951, #2910, #3149, .T. ) ;
#361 = VECTOR ( 'NONE', #3276, 1000.000000000000000 ) ;
#362 = DIRECTION ( 'NONE',  ( -0.000000000000000000, 0.4999999999999996114, 0.8660254037844389297 ) ) ;
#363 = LINE ( 'NONE', #1341, #4608 ) ;
#364 = DIRECTION ( 'NONE',  ( -1.000000000000000000, 0.000000000000000000, 1.474684361169737143E-13 ) ) ;
#365 = LINE ( 'NONE', #4054, #5043 ) ;
#366 = VECTOR ( 'NONE', #1538, 1000.000000000000000 ) ;
#367 = DIRECTION ( 'NONE',  ( 0.000000000000000000, 0.9542726683898372642, 0.2989375760324215481 ) ) ;
#368 =( GEOMETRIC_REPRESENTATION_CONTEXT ( 3 ) GLOBAL_UNCERTAINTY_ASSIGNED_CONTEXT ( ( #2139 ) ) GLOBAL_UNIT_ASSIGNED_CONTEXT ( ( #933, #2383, #1416 ) ) REPRESENTATION_CONTEXT ( 'NONE', 'WORKASPACE' ) );
#369 = ORIENTED_EDGE ( 'NONE', *, *, #978, .T. ) ;
#370 = DIRECTION ( 'NONE',  ( 0.000000000000000000, 0.000000000000000000, -1.000000000000000000 ) ) ;
#371 = ORIENTED_EDGE ( 'NONE', *, *, #3463, .T. ) ;
#372 = PLANE ( 'NONE',  #3827 ) ;
#373 = AXIS2_PLACEMENT_3D ( 'NONE', #1691, #5314, #5825 ) ;
#374 = CARTESIAN_POINT ( 'NONE',  ( 7.819999999999998508, -1.699999999999999956, -0.1000000000001003558 ) ) ;
#375 = PLANE ( 'NONE',  #4356 ) ;
#376 = ORIENTED_EDGE ( 'NONE', *, *, #5449, .T. ) ;
#377 = DIRECTION ( 'NONE',  ( 0.000000000000000000, 0.000000000000000000, -1.000000000000000000 ) ) ;
#378 = EDGE_CURVE ( 'NONE', #5730, #303, #932, .T. ) ;
#379 = VECTOR ( 'NONE', #4852, 1000.000000000000000 ) ;
#380 = ORIENTED_EDGE ( 'NONE', *, *, #2026, .T. ) ;
#381 = LINE ( 'NONE', #3627, #3065 ) ;
#382 = VECTOR ( 'NONE', #826, 1000.000000000000000 ) ;
#383 = CARTESIAN_POINT ( 'NONE',  ( -0.3200000000000008393, -3.099999999999996536, 0.3199999999999011968 ) ) ;
#384 = DIRECTION ( 'NONE',  ( 0.000000000000000000, 0.9542726683898371531, -0.2989375760324216036 ) ) ;
#385 = ORIENTED_EDGE ( 'NONE', *, *, #1695, .T. ) ;
#386 = CARTESIAN_POINT ( 'NONE',  ( 8.150000000000000355, 6.500000000000000000, 5.969556544854365931 ) ) ;
#387 = EDGE_CURVE ( 'NONE', #2328, #3396, #381, .T. ) ;
#388 = ORIENTED_EDGE ( 'NONE', *, *, #4848, .T. ) ;
#389 = ORIENTED_EDGE ( 'NONE', *, *, #3754, .T. ) ;
#390 = EDGE_CURVE ( 'NONE', #5849, #5678, #1755, .T. ) ;
#391 = DIRECTION ( 'NONE',  ( -6.033820786006285717E-16, 0.000000000000000000, 1.000000000000000000 ) ) ;
#392 = DIRECTION ( 'NONE',  ( -1.000000000000000000, 0.000000000000000000, -6.033820786006286703E-16 ) ) ;
#393 = ORIENTED_EDGE ( 'NONE', *, *, #168, .T. ) ;
#394 = ADVANCED_FACE ( 'NONE', ( #4964 ), #4567, .T. ) ;
#395 = DIRECTION ( 'NONE',  ( 1.239088197126291852E-15, -0.000000000000000000, -1.000000000000000000 ) ) ;
#396 = FACE_OUTER_BOUND ( 'NONE', #2128, .T. ) ;
#397 = EDGE_CURVE ( 'NONE', #678, #5147, #4105, .T. ) ;
#398 = PLANE ( 'NONE',  #1778 ) ;
#399 = EDGE_LOOP ( 'NONE', ( #3939, #3762, #2223, #5191 ) ) ;
#400 = DIRECTION ( 'NONE',  ( -1.000000000000000000, 0.000000000000000000, -6.033820786006286703E-16 ) ) ;
#401 = VERTEX_POINT ( 'NONE', #5918 ) ;
#402 = CARTESIAN_POINT ( 'NONE',  ( 9.949999999999997513, 7.000000000000000000, 3.399999999999999911 ) ) ;
#403 = AXIS2_PLACEMENT_3D ( 'NONE', #870, #3822, #47 ) ;
#404 = LINE ( 'NONE', #2281, #4137 ) ;
#405 = LINE ( 'NONE', #4147, #3605 ) ;
#406 = ORIENTED_EDGE ( 'NONE', *, *, #1989, .F. ) ;
#407 = CYLINDRICAL_SURFACE ( 'NONE', #5112, 0.7400000000000014344 ) ;
#408 = ORIENTED_EDGE ( 'NONE', *, *, #812, .T. ) ;
#409 = AXIS2_PLACEMENT_3D ( 'NONE', #713, #4322, #4895 ) ;
#410 = CARTESIAN_POINT ( 'NONE',  ( -0.6500000000000047962, 0.000000000000000000, 2.699999999999993960 ) ) ;
#411 = VECTOR ( 'NONE', #998, 1000.000000000000000 ) ;
#412 = LINE ( 'NONE', #2260, #3848 ) ;
#413 = LINE ( 'NONE', #4515, #2219 ) ;
#414 = ORIENTED_EDGE ( 'NONE', *, *, #2665, .T. ) ;
#415 = DIRECTION ( 'NONE',  ( -1.000000000000000000, -0.000000000000000000, -0.000000000000000000 ) ) ;
#416 = EDGE_LOOP ( 'NONE', ( #3777, #1614, #3582, #5515 ) ) ;
#417 = CARTESIAN_POINT ( 'NONE',  ( 0.3199999999999991185, 6.800000000000000711, -0.3200000000001000378 ) ) ;
#418 = EDGE_CURVE ( 'NONE', #5052, #1891, #1782, .T. ) ;
#419 = FACE_OUTER_BOUND ( 'NONE', #5134, .T. ) ;
#420 = VECTOR ( 'NONE', #4495, 1000.000000000000000 ) ;
#421 = CARTESIAN_POINT ( 'NONE',  ( 4.349999999999997868, 0.5000000000000000000, 2.699999999999999734 ) ) ;
#422 = VERTEX_POINT ( 'NONE', #962 ) ;
#423 = CARTESIAN_POINT ( 'NONE',  ( -0.3199999999999886824, 0.000000000000000000, -0.3199999999999477152 ) ) ;
#424 = EDGE_CURVE ( 'NONE', #1779, #939, #1843, .T. ) ;
#425 = DIRECTION ( 'NONE',  ( 1.000000000000000000, -0.000000000000000000, 0.000000000000000000 ) ) ;
#426 = EDGE_CURVE ( 'NONE', #4111, #4302, #683, .T. ) ;
#427 = CARTESIAN_POINT ( 'NONE',  ( 7.819999999999998508, -1.921213806263992296, 0.6061617746083807212 ) ) ;
#428 = ORIENTED_EDGE ( 'NONE', *, *, #2863, .T. ) ;
#429 = CARTESIAN_POINT ( 'NONE',  ( 1.849999999999995648, 0.8000000000000000444, -1.650000000000000799 ) ) ;
#430 = ADVANCED_FACE ( 'NONE', ( #4179 ), #4992, .T. ) ;
#431 = ORIENTED_EDGE ( 'NONE', *, *, #2426, .T. ) ;
#432 = DIRECTION ( 'NONE',  ( 1.000000000000000000, 0.000000000000000000, 0.000000000000000000 ) ) ;
#433 = CARTESIAN_POINT ( 'NONE',  ( -1.749999999999999778, 0.5000000000000000000, 2.699999999999999734 ) ) ;
#434 = LINE ( 'NONE', #4590, #1769 ) ;
#435 =( BOUNDED_CURVE ( )  B_SPLINE_CURVE ( 3, ( #2670, #340, #3973, #750 ),
 .UNSPECIFIED., .F., .T. ) 
 B_SPLINE_CURVE_WITH_KNOTS ( ( 4, 4 ),
 ( 0.000000000000000000, 1.586095151546363935 ),
 .UNSPECIFIED. ) 
 CURVE ( )  GEOMETRIC_REPRESENTATION_ITEM ( )  RATIONAL_B_SPLINE_CURVE ( ( 1.000000000000000000, 0.8011181300160012952, 0.8011181300160012952, 1.000000000000000000 ) ) 
 REPRESENTATION_ITEM ( '' )  );
#436 = ORIENTED_EDGE ( 'NONE', *, *, #1509, .T. ) ;
#437 = DIRECTION ( 'NONE',  ( 0.000000000000000000, 0.000000000000000000, 1.000000000000000000 ) ) ;
#438 = VERTEX_POINT ( 'NONE', #475 ) ;
#439 = DIRECTION ( 'NONE',  ( 1.000000000000000000, 0.000000000000000000, 0.000000000000000000 ) ) ;
#440 = DIRECTION ( 'NONE',  ( 5.860552283705418046E-16, 0.000000000000000000, -1.000000000000000000 ) ) ;
#441 = DIRECTION ( 'NONE',  ( 1.000000000000000000, -0.000000000000000000, 0.000000000000000000 ) ) ;
#442 = EDGE_LOOP ( 'NONE', ( #2676, #142, #4868, #1535 ) ) ;
#443 = LINE ( 'NONE', #4969, #3441 ) ;
#444 = AXIS2_PLACEMENT_3D ( 'NONE', #3619, #2310, #1320 ) ;
#445 = VERTEX_POINT ( 'NONE', #3682 ) ;
#446 = ORIENTED_EDGE ( 'NONE', *, *, #5307, .F. ) ;
#447 = FACE_OUTER_BOUND ( 'NONE', #57, .T. ) ;
#448 = VECTOR ( 'NONE', #2766, 1000.000000000000000 ) ;
#449 = VECTOR ( 'NONE', #5264, 1000.000000000000000 ) ;
#450 = DIRECTION ( 'NONE',  ( 0.000000000000000000, -0.000000000000000000, -1.000000000000000000 ) ) ;
#451 = DIRECTION ( 'NONE',  ( 6.033820786006284731E-16, 0.000000000000000000, -1.000000000000000000 ) ) ;
#452 = VECTOR ( 'NONE', #4166, 1000.000000000000000 ) ;
#453 = ORIENTED_EDGE ( 'NONE', *, *, #2205, .F. ) ;
#454 = CARTESIAN_POINT ( 'NONE',  ( -0.3200000000000008393, -0.5500000000000000444, -0.3200000000001003153 ) ) ;
#455 = EDGE_CURVE ( 'NONE', #1617, #5642, #1869, .T. ) ;
#456 = DIRECTION ( 'NONE',  ( -3.987870059716798780E-16, 0.000000000000000000, 1.000000000000000000 ) ) ;
#457 = AXIS2_PLACEMENT_3D ( 'NONE', #5358, #2067, #1650 ) ;
#458 = EDGE_CURVE ( 'NONE', #3998, #4352, #2258, .T. ) ;
#459 = CARTESIAN_POINT ( 'NONE',  ( 0.3200000000000129963, 1.200000000000000622, -0.3199999999999477152 ) ) ;
#460 = VERTEX_POINT ( 'NONE', #5517 ) ;
#461 = DIRECTION ( 'NONE',  ( -1.000000000000000000, -0.000000000000000000, -0.000000000000000000 ) ) ;
#462 = ORIENTED_EDGE ( 'NONE', *, *, #5070, .F. ) ;
#463 = CARTESIAN_POINT ( 'NONE',  ( -1.750000000000000666, 0.000000000000000000, -1.649999999999999911 ) ) ;
#464 = ADVANCED_FACE ( 'NONE', ( #3264 ), #2349, .F. ) ;
#465 = ADVANCED_FACE ( 'NONE', ( #5948 ), #1811, .F. ) ;
#466 = DIRECTION ( 'NONE',  ( -1.239088197126292444E-15, 0.000000000000000000, 1.000000000000000000 ) ) ;
#467 = CARTESIAN_POINT ( 'NONE',  ( 8.000017553710529583, 6.497705265805027608, -1.650000000000000355 ) ) ;
#468 = VERTEX_POINT ( 'NONE', #5024 ) ;
#469 = CARTESIAN_POINT ( 'NONE',  ( -1.600000000000000089, -1.500000000000000000, 2.000000000000000000 ) ) ;
#470 = ADVANCED_FACE ( 'NONE', ( #902 ), #2736, .F. ) ;
#471 = EDGE_CURVE ( 'NONE', #1056, #3045, #4421, .T. ) ;
#472 = ORIENTED_EDGE ( 'NONE', *, *, #2791, .T. ) ;
#473 = DIRECTION ( 'NONE',  ( 1.239088197126291852E-15, -0.000000000000000000, -1.000000000000000000 ) ) ;
#474 = CIRCLE ( 'NONE', #3847, 0.5000000000000004441 ) ;
#475 = CARTESIAN_POINT ( 'NONE',  ( 2.710808929720138316, 6.800000000000000711, -0.2108089297201703738 ) ) ;
#476 = COLOUR_RGB ( '',1.000000000000000000, 1.000000000000000000, 1.000000000000000000 ) ;
#477 = ADVANCED_FACE ( 'NONE', ( #535 ), #3738, .T. ) ;
#478 = LINE ( 'NONE', #3655, #956 ) ;
#479 = AXIS2_PLACEMENT_3D ( 'NONE', #2655, #5871, #5467 ) ;
#480 = ORIENTED_EDGE ( 'NONE', *, *, #3430, .T. ) ;
#481 = CARTESIAN_POINT ( 'NONE',  ( 6.850000000000000533, 7.000000000000000000, -1.939999999999999059 ) ) ;
#482 = EDGE_CURVE ( 'NONE', #4982, #597, #1900, .T. ) ;
#483 = ORIENTED_EDGE ( 'NONE', *, *, #2640, .F. ) ;
#484 = ORIENTED_EDGE ( 'NONE', *, *, #3104, .T. ) ;
#485 = DIRECTION ( 'NONE',  ( 0.000000000000000000, 0.000000000000000000, 1.000000000000000000 ) ) ;
#486 = VECTOR ( 'NONE', #3002, 1000.000000000000000 ) ;
#487 = PLANE ( 'NONE',  #3134 ) ;
#488 = LINE ( 'NONE', #1033, #677 ) ;
#489 = ORIENTED_EDGE ( 'NONE', *, *, #103, .T. ) ;
#490 = SURFACE_SIDE_STYLE ('',( #1464 ) ) ;
#491 = FACE_OUTER_BOUND ( 'NONE', #2396, .T. ) ;
#492 = LINE ( 'NONE', #3420, #4019 ) ;
#493 = ORIENTED_EDGE ( 'NONE', *, *, #4223, .T. ) ;
#494 = LINE ( 'NONE', #1953, #3927 ) ;
#495 = ORIENTED_EDGE ( 'NONE', *, *, #2603, .F. ) ;
#496 = DIRECTION ( 'NONE',  ( 0.000000000000000000, 0.000000000000000000, 1.000000000000000000 ) ) ;
#497 = EDGE_CURVE ( 'NONE', #5032, #2233, #2599, .T. ) ;
#498 = CARTESIAN_POINT ( 'NONE',  ( 2.819999999999998952, 6.499999999999997335, -0.3200000000000471911 ) ) ;
#499 = FACE_OUTER_BOUND ( 'NONE', #3690, .T. ) ;
#500 = ORIENTED_EDGE ( 'NONE', *, *, #3969, .F. ) ;
#501 = CARTESIAN_POINT ( 'NONE',  ( 0.3200000000000129963, 1.200000000000000622, 0.000000000000000000 ) ) ;
#502 = VERTEX_POINT ( 'NONE', #2568 ) ;
#503 = CARTESIAN_POINT ( 'NONE',  ( 2.179999999999999272, -3.099999999999996536, 0.3199999999999528222 ) ) ;
#504 = EDGE_CURVE ( 'NONE', #3840, #5665, #3958, .T. ) ;
#505 = CARTESIAN_POINT ( 'NONE',  ( 6.849999999999999645, 0.8000000000000000444, 2.699999999999999734 ) ) ;
#506 = EDGE_CURVE ( 'NONE', #3243, #4902, #794, .T. ) ;
#507 = CARTESIAN_POINT ( 'NONE',  ( 2.820000000000008278, 1.200000000000000622, -0.3199999999999651457 ) ) ;
#508 = DIRECTION ( 'NONE',  ( 1.000000000000000000, -0.000000000000000000, 0.000000000000000000 ) ) ;
#509 = VERTEX_POINT ( 'NONE', #732 ) ;
#510 = CARTESIAN_POINT ( 'NONE',  ( 7.179999999999998828, -0.7712138062639923852, -0.2861617746085793890 ) ) ;
#511 = ORIENTED_EDGE ( 'NONE', *, *, #2278, .F. ) ;
#512 = EDGE_LOOP ( 'NONE', ( #5650, #3535, #1035, #628 ) ) ;
#513 = DIRECTION ( 'NONE',  ( -1.000000000000000000, 0.000000000000000000, 6.033820786006285717E-16 ) ) ;
#514 = DIRECTION ( 'NONE',  ( -1.000000000000000000, 0.000000000000000000, -6.033820786006286703E-16 ) ) ;
#515 = VECTOR ( 'NONE', #5700, 1000.000000000000000 ) ;
#516 = CARTESIAN_POINT ( 'NONE',  ( 8.150000000000000355, 6.500000000000000000, -1.650000000000000355 ) ) ;
#517 = ORIENTED_EDGE ( 'NONE', *, *, #357, .T. ) ;
#518 = FILL_AREA_STYLE ('',( #3334 ) ) ;
#519 = LINE ( 'NONE', #5144, #1880 ) ;
#520 = VECTOR ( 'NONE', #238, 1000.000000000000000 ) ;
#521 = AXIS2_PLACEMENT_3D ( 'NONE', #165, #1478, #5126 ) ;
#522 = DIRECTION ( 'NONE',  ( -0.3236155771181817853, -0.8891264907159904807, -0.3236155771181817298 ) ) ;
#523 = AXIS2_PLACEMENT_3D ( 'NONE', #4079, #1344, #3197 ) ;
#524 = ORIENTED_EDGE ( 'NONE', *, *, #5696, .T. ) ;
#525 = CARTESIAN_POINT ( 'NONE',  ( -2.500000000000031086, 6.800000000000000711, -0.2108089297194019329 ) ) ;
#526 = EDGE_LOOP ( 'NONE', ( #1292, #3887, #4354, #4187 ) ) ;
#527 = FACE_OUTER_BOUND ( 'NONE', #4617, .T. ) ;
#528 = CARTESIAN_POINT ( 'NONE',  ( 4.680000000000001492, 0.5000000000000000000, 0.3200000000000000067 ) ) ;
#529 = PLANE ( 'NONE',  #5235 ) ;
#530 = ORIENTED_EDGE ( 'NONE', *, *, #5524, .T. ) ;
#531 = DIRECTION ( 'NONE',  ( -1.000000000000000000, 0.000000000000000000, -6.033820786006286703E-16 ) ) ;
#532 = ORIENTED_EDGE ( 'NONE', *, *, #1018, .T. ) ;
#533 = CARTESIAN_POINT ( 'NONE',  ( 0.3199999999999991185, 6.499999999999997335, 0.4199999999999015632 ) ) ;
#534 = EDGE_CURVE ( 'NONE', #951, #5361, #3986, .T. ) ;
#535 = FACE_OUTER_BOUND ( 'NONE', #2995, .T. ) ;
#536 = PRODUCT_DEFINITION ( 'UNKNOWN', '', #1749, #4672 ) ;
#537 = DIRECTION ( 'NONE',  ( -1.000000000000000000, 0.000000000000000000, 6.033820786006286703E-16 ) ) ;
#538 = EDGE_CURVE ( 'NONE', #1348, #5294, #242, .T. ) ;
#539 = LINE ( 'NONE', #5581, #2986 ) ;
#540 = VERTEX_POINT ( 'NONE', #1609 ) ;
#541 = CARTESIAN_POINT ( 'NONE',  ( 5.319999999999996732, 0.000000000000000000, 0.3200000000000000067 ) ) ;
#542 = ORIENTED_EDGE ( 'NONE', *, *, #2364, .T. ) ;
#543 = VERTEX_POINT ( 'NONE', #3453 ) ;
#544 = CARTESIAN_POINT ( 'NONE',  ( 3.469446442919439169E-15, 4.000000000000000000, -2.350000000000000089 ) ) ;
#545 = VERTEX_POINT ( 'NONE', #2089 ) ;
#546 = CARTESIAN_POINT ( 'NONE',  ( 7.289191070279859908, 6.800000000000000711, -0.2108089297202393186 ) ) ;
#547 = LINE ( 'NONE', #1947, #2028 ) ;
#548 = EDGE_CURVE ( 'NONE', #3116, #325, #3278, .T. ) ;
#549 = VECTOR ( 'NONE', #3814, 1000.000000000000000 ) ;
#550 = ADVANCED_FACE ( 'NONE', ( #4402, #3574, #2209, #270, #327 ), #5412, .T. ) ;
#551 = EDGE_LOOP ( 'NONE', ( #3051, #5644, #2864, #3185, #5165 ) ) ;
#552 = EDGE_CURVE ( 'NONE', #2910, #1779, #2180, .T. ) ;
#553 = DIRECTION ( 'NONE',  ( -1.000000000000000000, 0.000000000000000000, 6.033820786006285717E-16 ) ) ;
#554 = VECTOR ( 'NONE', #5338, 1000.000000000000000 ) ;
#555 = VECTOR ( 'NONE', #4260, 1000.000000000000000 ) ;
#556 = ORIENTED_EDGE ( 'NONE', *, *, #845, .F. ) ;
#557 = LINE ( 'NONE', #4200, #652 ) ;
#558 = ORIENTED_EDGE ( 'NONE', *, *, #4011, .F. ) ;
#559 = CARTESIAN_POINT ( 'NONE',  ( 7.819999999999998508, 0.5000000000000000000, 0.3200000000000000067 ) ) ;
#560 = CLOSED_SHELL ( 'NONE', ( #1613, #4653, #1023, #616, #144, #1983, #3395, #5315, #1401, #4851, #4365, #3546, #5564, #1177 ) ) ;
#561 = AXIS2_PLACEMENT_3D ( 'NONE', #829, #5932, #2657 ) ;
#562 = DIRECTION ( 'NONE',  ( -0.000000000000000000, -1.000000000000000000, -0.000000000000000000 ) ) ;
#563 =( NAMED_UNIT ( * ) SI_UNIT ( $, .STERADIAN. ) SOLID_ANGLE_UNIT ( ) );
#564 = VERTEX_POINT ( 'NONE', #3486 ) ;
#565 = DIRECTION ( 'NONE',  ( -1.000000000000000000, -0.000000000000000000, -0.000000000000000000 ) ) ;
#566 = ORIENTED_EDGE ( 'NONE', *, *, #3499, .T. ) ;
#567 = CARTESIAN_POINT ( 'NONE',  ( 0.000000000000000000, 7.000000000000000000, 3.399999999999999911 ) ) ;
#568 = DIRECTION ( 'NONE',  ( 0.000000000000000000, 0.000000000000000000, 1.000000000000000000 ) ) ;
#569 = EDGE_CURVE ( 'NONE', #3752, #3715, #1730, .T. ) ;
#570 = LINE ( 'NONE', #4720, #4704 ) ;
#571 = VERTEX_POINT ( 'NONE', #1703 ) ;
#572 = CARTESIAN_POINT ( 'NONE',  ( 6.849999999999999645, 0.5000000000000000000, 2.699999999999999734 ) ) ;
#573 = AXIS2_PLACEMENT_3D ( 'NONE', #2151, #4856, #2624 ) ;
#574 = VECTOR ( 'NONE', #441, 1000.000000000000000 ) ;
#575 = ORIENTED_EDGE ( 'NONE', *, *, #3430, .F. ) ;
#576 = ORIENTED_EDGE ( 'NONE', *, *, #955, .F. ) ;
#577 = CARTESIAN_POINT ( 'NONE',  ( -0.3200000000000008393, -1.478786193736007393, 0.6061617746083807212 ) ) ;
#578 = VECTOR ( 'NONE', #5853, 1000.000000000000000 ) ;
#579 = DIRECTION ( 'NONE',  ( 0.000000000000000000, 0.000000000000000000, 1.000000000000000000 ) ) ;
#580 = CARTESIAN_POINT ( 'NONE',  ( 2.820000000000008278, 0.000000000000000000, 0.3200000000000349232 ) ) ;
#581 = ORIENTED_EDGE ( 'NONE', *, *, #3212, .F. ) ;
#582 = ADVANCED_FACE ( 'NONE', ( #1280 ), #3034, .F. ) ;
#583 = SURFACE_STYLE_USAGE ( .BOTH. , #490 ) ;
#584 = AXIS2_PLACEMENT_3D ( 'NONE', #2930, #3868, #1999 ) ;
#585 = CARTESIAN_POINT ( 'NONE',  ( 9.249999999999998224, 0.5000000000000000000, 2.699999999999999734 ) ) ;
#586 = EDGE_CURVE ( 'NONE', #3523, #5602, #2122, .T. ) ;
#587 = AXIS2_PLACEMENT_3D ( 'NONE', #4592, #1356, #5429 ) ;
#588 = EDGE_CURVE ( 'NONE', #1122, #5459, #3122, .T. ) ;
#589 = EDGE_CURVE ( 'NONE', #2817, #5617, #5354, .T. ) ;
#590 = EDGE_CURVE ( 'NONE', #893, #2705, #4489, .T. ) ;
#591 = EDGE_LOOP ( 'NONE', ( #2052, #4860, #4291, #3468 ) ) ;
#592 = CARTESIAN_POINT ( 'NONE',  ( 7.169527295824645208, 6.471226481757585525, 0.3304727041752549832 ) ) ;
#593 = VERTEX_POINT ( 'NONE', #5840 ) ;
#594 = FACE_OUTER_BOUND ( 'NONE', #3303, .T. ) ;
#595 = DIRECTION ( 'NONE',  ( -0.000000000000000000, 0.5000000000000006661, 0.8660254037844383745 ) ) ;
#596 = DIRECTION ( 'NONE',  ( 0.000000000000000000, 0.000000000000000000, -1.000000000000000000 ) ) ;
#597 = VERTEX_POINT ( 'NONE', #762 ) ;
#598 = CARTESIAN_POINT ( 'NONE',  ( 9.249999999999998224, 0.000000000000000000, 2.699999999999999734 ) ) ;
#599 = EDGE_LOOP ( 'NONE', ( #1635, #2784, #1974, #2740 ) ) ;
#600 = PLANE ( 'NONE',  #4579 ) ;
#601 = FACE_OUTER_BOUND ( 'NONE', #1094, .T. ) ;
#602 = DIRECTION ( 'NONE',  ( 0.000000000000000000, 0.000000000000000000, 1.000000000000000000 ) ) ;
#603 = ORIENTED_EDGE ( 'NONE', *, *, #5979, .F. ) ;
#604 = CARTESIAN_POINT ( 'NONE',  ( 0.3199999999999991185, -0.5500000000000000444, 0.4199999999999015632 ) ) ;
#605 = VERTEX_POINT ( 'NONE', #4460 ) ;
#606 = ORIENTED_EDGE ( 'NONE', *, *, #3313, .F. ) ;
#607 = DIRECTION ( 'NONE',  ( 0.000000000000000000, -0.000000000000000000, 1.000000000000000000 ) ) ;
#608 = CARTESIAN_POINT ( 'NONE',  ( 8.150000000000000355, 6.500000000000000000, -2.350000000000000089 ) ) ;
#609 = DIRECTION ( 'NONE',  ( 0.000000000000000000, 0.000000000000000000, -1.000000000000000000 ) ) ;
#610 = ORIENTED_EDGE ( 'NONE', *, *, #3438, .F. ) ;
#611 = EDGE_CURVE ( 'NONE', #2377, #3084, #3565, .T. ) ;
#612 = LINE ( 'NONE', #243, #3458 ) ;
#613 = PLANE ( 'NONE',  #134 ) ;
#614 = VECTOR ( 'NONE', #741, 1000.000000000000000 ) ;
#615 = AXIS2_PLACEMENT_3D ( 'NONE', #4300, #2386, #174 ) ;
#616 = ADVANCED_FACE ( 'NONE', ( #172 ), #5133, .T. ) ;
#617 = EDGE_CURVE ( 'NONE', #5678, #2255, #965, .T. ) ;
#618 = ORIENTED_EDGE ( 'NONE', *, *, #2166, .T. ) ;
#619 = DIRECTION ( 'NONE',  ( 0.000000000000000000, 0.000000000000000000, -1.000000000000000000 ) ) ;
#620 = EDGE_LOOP ( 'NONE', ( #3329, #4970, #4651, #2718 ) ) ;
#621 = VECTOR ( 'NONE', #1972, 1000.000000000000000 ) ;
#622 = DIRECTION ( 'NONE',  ( -1.000000000000000000, 0.000000000000000000, 0.000000000000000000 ) ) ;
#623 = LINE ( 'NONE', #2407, #4905 ) ;
#624 = CIRCLE ( 'NONE', #1398, 0.7400000000000013234 ) ;
#625 = CARTESIAN_POINT ( 'NONE',  ( 6.850000000000002309, 1.980475968406854898E-15, -2.350000000000000089 ) ) ;
#626 = EDGE_CURVE ( 'NONE', #970, #2032, #1732, .T. ) ;
#627 = EDGE_CURVE ( 'NONE', #3376, #2296, #539, .T. ) ;
#628 = ORIENTED_EDGE ( 'NONE', *, *, #1116, .F. ) ;
#629 = CARTESIAN_POINT ( 'NONE',  ( 0.3199999999999991185, -1.699999999999999956, -0.1000000000000999811 ) ) ;
#630 = ORIENTED_EDGE ( 'NONE', *, *, #1221, .T. ) ;
#631 = CARTESIAN_POINT ( 'NONE',  ( 7.819999999999998508, -2.849999999999999645, 0.3199999999999011968 ) ) ;
#632 = CARTESIAN_POINT ( 'NONE',  ( 0.3199999999999991185, -0.5500000000000000444, 0.4199999999999015632 ) ) ;
#633 = ORIENTED_EDGE ( 'NONE', *, *, #123, .F. ) ;
#634 = CARTESIAN_POINT ( 'NONE',  ( 3.469446442919439169E-15, 4.000000000000000000, 5.969556544854365931 ) ) ;
#635 = ORIENTED_EDGE ( 'NONE', *, *, #2946, .F. ) ;
#636 = ORIENTED_EDGE ( 'NONE', *, *, #5554, .F. ) ;
#637 = CARTESIAN_POINT ( 'NONE',  ( 0.3199999999999991185, 6.499999999999997335, -0.3200000000001000378 ) ) ;
#638 = DIRECTION ( 'NONE',  ( -0.000000000000000000, -1.000000000000000000, -0.000000000000000000 ) ) ;
#639 = DIRECTION ( 'NONE',  ( 1.000000000000000000, 0.000000000000000000, -0.000000000000000000 ) ) ;
#640 = VERTEX_POINT ( 'NONE', #113 ) ;
#641 = DIRECTION ( 'NONE',  ( -1.000000000000000000, -0.000000000000000000, -0.000000000000000000 ) ) ;
#642 = CARTESIAN_POINT ( 'NONE',  ( 6.849999999999998757, 0.8000000000000000444, -1.650000000000000133 ) ) ;
#643 = LINE ( 'NONE', #5781, #4748 ) ;
#644 = EDGE_CURVE ( 'NONE', #1968, #5730, #5641, .T. ) ;
#645 = EDGE_LOOP ( 'NONE', ( #2474, #5410, #5969, #3787 ) ) ;
#646 = ORIENTED_EDGE ( 'NONE', *, *, #3576, .F. ) ;
#647 = FACE_OUTER_BOUND ( 'NONE', #3227, .T. ) ;
#648 = VECTOR ( 'NONE', #4061, 1000.000000000000000 ) ;
#649 = ORIENTED_EDGE ( 'NONE', *, *, #993, .F. ) ;
#650 = FACE_OUTER_BOUND ( 'NONE', #4998, .T. ) ;
#651 = CARTESIAN_POINT ( 'NONE',  ( -0.6499999999999978018, 4.649999999999998579, -1.650000000000000355 ) ) ;
#652 = VECTOR ( 'NONE', #74, 1000.000000000000114 ) ;
#653 = CARTESIAN_POINT ( 'NONE',  ( -0.6500000000000055733, 0.000000000000000000, -1.649999999999999911 ) ) ;
#654 = ORIENTED_EDGE ( 'NONE', *, *, #3323, .F. ) ;
#655 = CARTESIAN_POINT ( 'NONE',  ( 0.000000000000000000, 0.8000000000000000444, 0.000000000000000000 ) ) ;
#656 = AXIS2_PLACEMENT_3D ( 'NONE', #90, #4304, #607 ) ;
#657 = ORIENTED_EDGE ( 'NONE', *, *, #2786, .F. ) ;
#658 = FACE_OUTER_BOUND ( 'NONE', #3444, .T. ) ;
#659 = VECTOR ( 'NONE', #952, 1000.000000000000000 ) ;
#660 = CARTESIAN_POINT ( 'NONE',  ( 0.3199999999999991185, -1.478786193736007393, 0.6061617746083811653 ) ) ;
#661 = EDGE_LOOP ( 'NONE', ( #5138, #489, #1785, #3843 ) ) ;
#662 = LINE ( 'NONE', #5190, #1389 ) ;
#663 = EDGE_LOOP ( 'NONE', ( #2154, #4036, #1599, #5947 ) ) ;
#664 = ORIENTED_EDGE ( 'NONE', *, *, #955, .T. ) ;
#665 = CARTESIAN_POINT ( 'NONE',  ( 6.849999999999999645, 0.8000000000000000444, -2.349999999999999645 ) ) ;
#666 = DIRECTION ( 'NONE',  ( 1.000000000000000000, 0.000000000000000000, -8.470329472543004623E-17 ) ) ;
#667 = AXIS2_PLACEMENT_3D ( 'NONE', #141, #2804, #3742 ) ;
#668 = EDGE_CURVE ( 'NONE', #2573, #3045, #570, .T. ) ;
#669 = FACE_OUTER_BOUND ( 'NONE', #3369, .T. ) ;
#670 = PRESENTATION_LAYER_ASSIGNMENT (  '', '', ( #2687 ) ) ;
#671 = ORIENTED_EDGE ( 'NONE', *, *, #3126, .T. ) ;
#672 = PLANE ( 'NONE',  #126 ) ;
#673 = DIRECTION ( 'NONE',  ( -0.000000000000000000, -1.000000000000000000, -0.000000000000000000 ) ) ;
#674 = DIRECTION ( 'NONE',  ( -0.000000000000000000, 1.000000000000000000, -0.000000000000000000 ) ) ;
#675 = VECTOR ( 'NONE', #1014, 1000.000000000000000 ) ;
#676 = AXIS2_PLACEMENT_3D ( 'NONE', #655, #1686, #1174 ) ;
#677 = VECTOR ( 'NONE', #4162, 1000.000000000000000 ) ;
#678 = VERTEX_POINT ( 'NONE', #4271 ) ;
#679 = LINE ( 'NONE', #2605, #851 ) ;
#680 = VERTEX_POINT ( 'NONE', #3803 ) ;
#681 = DIRECTION ( 'NONE',  ( 0.000000000000000000, 0.000000000000000000, 1.000000000000000000 ) ) ;
#682 = ORIENTED_EDGE ( 'NONE', *, *, #2206, .T. ) ;
#683 = CIRCLE ( 'NONE', #4037, 0.09999999999999993616 ) ;
#684 = CARTESIAN_POINT ( 'NONE',  ( 3.149999999999996358, 0.000000000000000000, -2.350000000000000089 ) ) ;
#685 = LINE ( 'NONE', #3527, #712 ) ;
#686 = ORIENTED_EDGE ( 'NONE', *, *, #3172, .F. ) ;
#687 = DIRECTION ( 'NONE',  ( -1.000000000000000000, 0.000000000000000000, -0.000000000000000000 ) ) ;
#688 = ORIENTED_EDGE ( 'NONE', *, *, #3387, .F. ) ;
#689 = LINE ( 'NONE', #2639, #4107 ) ;
#690 = PRESENTATION_STYLE_ASSIGNMENT (( #2443 ) ) ;
#691 = ADVANCED_FACE ( 'NONE', ( #4661 ), #1454, .F. ) ;
#692 = DIRECTION ( 'NONE',  ( 0.000000000000000000, 0.000000000000000000, -1.000000000000000000 ) ) ;
#693 = ORIENTED_EDGE ( 'NONE', *, *, #2097, .F. ) ;
#694 = LINE ( 'NONE', #3443, #1969 ) ;
#695 = ADVANCED_FACE ( 'NONE', ( #4630 ), #3859, .T. ) ;
#696 = ORIENTED_EDGE ( 'NONE', *, *, #3147, .F. ) ;
#697 = ORIENTED_EDGE ( 'NONE', *, *, #798, .F. ) ;
#698 = CARTESIAN_POINT ( 'NONE',  ( 7.819999999999998508, -1.478786193736007393, 0.6061617746083807212 ) ) ;
#699 = EDGE_CURVE ( 'NONE', #923, #4558, #54, .T. ) ;
#700 = CARTESIAN_POINT ( 'NONE',  ( 7.179999999999998828, 6.499999999999997335, 0.3199999999999015854 ) ) ;
#701 = LINE ( 'NONE', #4727, #379 ) ;
#702 = EDGE_LOOP ( 'NONE', ( #4386, #1029, #1134, #5607 ) ) ;
#703 = DIRECTION ( 'NONE',  ( -0.000000000000000000, -1.000000000000000000, -0.000000000000000000 ) ) ;
#704 = DIRECTION ( 'NONE',  ( 0.000000000000000000, -1.000000000000000000, 0.000000000000000000 ) ) ;
#705 = DIRECTION ( 'NONE',  ( -0.000000000000000000, -1.000000000000000000, -0.000000000000000000 ) ) ;
#706 = LINE ( 'NONE', #2036, #2931 ) ;
#707 = VECTOR ( 'NONE', #5452, 1000.000000000000000 ) ;
#708 = ORIENTED_EDGE ( 'NONE', *, *, #5925, .T. ) ;
#709 = DIRECTION ( 'NONE',  ( 0.3236155771181817298, -0.8891264907159903697, 0.3236155771181819518 ) ) ;
#710 = ORIENTED_EDGE ( 'NONE', *, *, #888, .F. ) ;
#711 = DIRECTION ( 'NONE',  ( 1.000000000000000000, 0.000000000000000000, 0.000000000000000000 ) ) ;
#712 = VECTOR ( 'NONE', #3880, 1000.000000000000000 ) ;
#713 = CARTESIAN_POINT ( 'NONE',  ( -2.179999999999985061, -3.399999999999999911, -0.2108089297194491174 ) ) ;
#714 = ORIENTED_EDGE ( 'NONE', *, *, #798, .T. ) ;
#715 = LINE ( 'NONE', #3882, #3173 ) ;
#716 = ORIENTED_EDGE ( 'NONE', *, *, #1921, .F. ) ;
#717 = DIRECTION ( 'NONE',  ( 1.000000000000000000, 0.000000000000000000, 0.000000000000000000 ) ) ;
#718 = VECTOR ( 'NONE', #4636, 1000.000000000000000 ) ;
#719 = CARTESIAN_POINT ( 'NONE',  ( -0.3199999999999886824, 0.000000000000000000, 0.3200000000000524092 ) ) ;
#720 = DIRECTION ( 'NONE',  ( -6.033820786006284731E-16, 0.000000000000000000, -1.000000000000000000 ) ) ;
#721 = ORIENTED_EDGE ( 'NONE', *, *, #5632, .F. ) ;
#722 = DIRECTION ( 'NONE',  ( -0.000000000000000000, -1.000000000000000000, -0.000000000000000000 ) ) ;
#723 = ORIENTED_EDGE ( 'NONE', *, *, #588, .T. ) ;
#724 = CARTESIAN_POINT ( 'NONE',  ( -1.749999999999999778, 0.000000000000000000, 2.476969600708473163 ) ) ;
#725 = EDGE_CURVE ( 'NONE', #5009, #5617, #4184, .T. ) ;
#726 = CARTESIAN_POINT ( 'NONE',  ( -1.749999999999999778, 0.5000000000000000000, 2.699999999999999734 ) ) ;
#727 = CARTESIAN_POINT ( 'NONE',  ( 9.539999999999997371, 7.000000000000000000, -1.124999999999999334 ) ) ;
#728 = ORIENTED_EDGE ( 'NONE', *, *, #2048, .T. ) ;
#729 = ORIENTED_EDGE ( 'NONE', *, *, #3058, .F. ) ;
#730 = PLANE ( 'NONE',  #2470 ) ;
#731 = EDGE_CURVE ( 'NONE', #4980, #2548, #4750, .T. ) ;
#732 = CARTESIAN_POINT ( 'NONE',  ( 4.349999999999996980, 0.8000000000000000444, 3.399999999999994138 ) ) ;
#733 = CARTESIAN_POINT ( 'NONE',  ( 8.149999999999998579, 0.8000000000000000444, 3.400000000000000799 ) ) ;
#734 = EDGE_CURVE ( 'NONE', #3746, #1948, #3380, .T. ) ;
#735 = EDGE_CURVE ( 'NONE', #4218, #275, #1939, .T. ) ;
#736 = ADVANCED_FACE ( 'NONE', ( #5698 ), #5613, .T. ) ;
#737 = EDGE_LOOP ( 'NONE', ( #708, #2964, #1203, #864 ) ) ;
#738 = DIRECTION ( 'NONE',  ( -0.3236155771181817298, -0.8891264907159903697, 0.3236155771181819518 ) ) ;
#739 = ORIENTED_EDGE ( 'NONE', *, *, #4404, .F. ) ;
#740 = FACE_OUTER_BOUND ( 'NONE', #4250, .T. ) ;
#741 = DIRECTION ( 'NONE',  ( -0.000000000000000000, -1.000000000000000000, -0.000000000000000000 ) ) ;
#742 = PRESENTATION_LAYER_ASSIGNMENT (  '', '', ( #3931 ) ) ;
#743 = ORIENTED_EDGE ( 'NONE', *, *, #2369, .F. ) ;
#744 = DIRECTION ( 'NONE',  ( -0.000000000000000000, 1.000000000000000000, -0.000000000000000000 ) ) ;
#745 = VERTEX_POINT ( 'NONE', #2921 ) ;
#746 = DIRECTION ( 'NONE',  ( -5.764876509779805289E-32, -1.000000000000000000, 1.445602896647339903E-16 ) ) ;
#747 = VECTOR ( 'NONE', #5550, 1000.000000000000000 ) ;
#748 = VECTOR ( 'NONE', #3598, 1000.000000000000000 ) ;
#749 = VECTOR ( 'NONE', #1502, 1000.000000000000000 ) ;
#750 = CARTESIAN_POINT ( 'NONE',  ( -0.5000175537105255863, 6.497705265805025832, -1.650000000000000355 ) ) ;
#751 = DIRECTION ( 'NONE',  ( -0.000000000000000000, 1.000000000000000000, -0.000000000000000000 ) ) ;
#752 = ORIENTED_EDGE ( 'NONE', *, *, #1288, .F. ) ;
#753 = CARTESIAN_POINT ( 'NONE',  ( 4.349999999999996980, 0.8000000000000000444, -1.650000000000000355 ) ) ;
#754 = VERTEX_POINT ( 'NONE', #4246 ) ;
#755 = VECTOR ( 'NONE', #2720, 1000.000000000000000 ) ;
#756 = FACE_OUTER_BOUND ( 'NONE', #2301, .T. ) ;
#757 = LINE ( 'NONE', #4936, #5682 ) ;
#758 = VECTOR ( 'NONE', #3, 1000.000000000000000 ) ;
#759 = CARTESIAN_POINT ( 'NONE',  ( 7.819999999999998508, -0.5500000000000000444, 0.4199999999999011746 ) ) ;
#760 = ORIENTED_EDGE ( 'NONE', *, *, #426, .T. ) ;
#761 = CARTESIAN_POINT ( 'NONE',  ( 7.500000000000000888, 4.649999999999998579, -1.650000000000000355 ) ) ;
#762 = CARTESIAN_POINT ( 'NONE',  ( -0.3200000000000008393, -3.099999999999996536, -0.3200000000001004263 ) ) ;
#763 = DIRECTION ( 'NONE',  ( 5.669936867754744448E-16, 0.3420201433256653822, 0.9396926207859096492 ) ) ;
#764 = EDGE_CURVE ( 'NONE', #3752, #5612, #5161, .T. ) ;
#765 = EDGE_CURVE ( 'NONE', #871, #4882, #2469, .T. ) ;
#766 = CARTESIAN_POINT ( 'NONE',  ( 5.320000000000003837, 1.200000000000000622, -0.3200000000000000622 ) ) ;
#767 = ORIENTED_EDGE ( 'NONE', *, *, #3499, .F. ) ;
#768 = DIRECTION ( 'NONE',  ( -1.000000000000000000, 0.000000000000000000, 1.993935029858399143E-16 ) ) ;
#769 = VECTOR ( 'NONE', #2142, 1000.000000000000000 ) ;
#770 = EDGE_CURVE ( 'NONE', #1515, #8, #3350, .T. ) ;
#771 = VECTOR ( 'NONE', #3510, 1000.000000000000000 ) ;
#772 = ORIENTED_EDGE ( 'NONE', *, *, #2205, .T. ) ;
#773 = FACE_OUTER_BOUND ( 'NONE', #5851, .T. ) ;
#774 = ORIENTED_EDGE ( 'NONE', *, *, #3340, .F. ) ;
#775 = EDGE_CURVE ( 'NONE', #4446, #4982, #2168, .T. ) ;
#776 = AXIS2_PLACEMENT_3D ( 'NONE', #5335, #2949, #3046 ) ;
#777 = VECTOR ( 'NONE', #5720, 1000.000000000000000 ) ;
#778 = ADVANCED_FACE ( 'NONE', ( #5245 ), #1119, .T. ) ;
#779 = CARTESIAN_POINT ( 'NONE',  ( 8.710000000000000853, 5.562397829717836473, 2.160000000000001474 ) ) ;
#780 = VERTEX_POINT ( 'NONE', #4451 ) ;
#781 = CARTESIAN_POINT ( 'NONE',  ( -1.600000000000000089, 0.5000000000000000000, 2.000000000000000000 ) ) ;
#782 = EDGE_LOOP ( 'NONE', ( #5175, #4272, #2389, #988 ) ) ;
#783 = CARTESIAN_POINT ( 'NONE',  ( 9.250000000000000000, 1.200000000000000622, -0.1249999999999984596 ) ) ;
#784 = VECTOR ( 'NONE', #120, 1000.000000000000000 ) ;
#785 = CARTESIAN_POINT ( 'NONE',  ( 9.949999999999999289, 4.750000000000000888, -0.6249999999999991118 ) ) ;
#786 = DIRECTION ( 'NONE',  ( -3.987870059716798287E-16, 0.000000000000000000, 1.000000000000000000 ) ) ;
#787 = EDGE_LOOP ( 'NONE', ( #1319, #4266, #688, #4135 ) ) ;
#788 = DIRECTION ( 'NONE',  ( -1.000000000000000000, 0.000000000000000000, -6.033820786006286703E-16 ) ) ;
#789 = EDGE_LOOP ( 'NONE', ( #2023, #2099, #3734, #2958, #3984, #4283, #4348, #1791, #1011 ) ) ;
#790 = DIRECTION ( 'NONE',  ( -1.000000000000000000, -9.719144400335248719E-48, -6.033820786006286703E-16 ) ) ;
#791 = LINE ( 'NONE', #2649, #4422 ) ;
#792 = VERTEX_POINT ( 'NONE', #2049 ) ;
#793 = DIRECTION ( 'NONE',  ( -6.033820786006285717E-16, 0.000000000000000000, 1.000000000000000000 ) ) ;
#794 = LINE ( 'NONE', #4373, #1638 ) ;
#795 = CARTESIAN_POINT ( 'NONE',  ( 7.179999999999998828, -3.399999999999999911, -0.2108089297202393186 ) ) ;
#796 = CARTESIAN_POINT ( 'NONE',  ( 9.250000000000000000, 7.000000000000000000, -1.939999999999998614 ) ) ;
#797 = CARTESIAN_POINT ( 'NONE',  ( 7.179999999999997939, 6.499999999999997335, -0.3200000000001000378 ) ) ;
#798 = EDGE_CURVE ( 'NONE', #2032, #970, #474, .T. ) ;
#799 = EDGE_LOOP ( 'NONE', ( #5149, #3157, #4673, #3881 ) ) ;
#800 = LINE ( 'NONE', #423, #755 ) ;
#801 = PLANE ( 'NONE',  #1307 ) ;
#802 = EDGE_CURVE ( 'NONE', #3921, #4622, #2589, .T. ) ;
#803 = ADVANCED_FACE ( 'NONE', ( #3975 ), #201, .F. ) ;
#804 = LINE ( 'NONE', #2608, #1677 ) ;
#805 = ORIENTED_EDGE ( 'NONE', *, *, #5675, .T. ) ;
#806 = DIRECTION ( 'NONE',  ( -0.000000000000000000, -0.000000000000000000, -1.000000000000000000 ) ) ;
#807 = EDGE_CURVE ( 'NONE', #5052, #571, #4358, .T. ) ;
#808 = ORIENTED_EDGE ( 'NONE', *, *, #1221, .F. ) ;
#809 = CARTESIAN_POINT ( 'NONE',  ( 0.000000000000000000, 3.999999999999998224, -1.649999999999999911 ) ) ;
#810 = VECTOR ( 'NONE', #5505, 1000.000000000000000 ) ;
#811 = EDGE_CURVE ( 'NONE', #2081, #1651, #3502, .T. ) ;
#812 = EDGE_CURVE ( 'NONE', #2373, #1924, #5368, .T. ) ;
#813 = FACE_OUTER_BOUND ( 'NONE', #1480, .T. ) ;
#814 = CARTESIAN_POINT ( 'NONE',  ( 5.320000000000003837, 0.000000000000000000, -0.3200000000000000622 ) ) ;
#815 = ORIENTED_EDGE ( 'NONE', *, *, #2781, .T. ) ;
#816 = LINE ( 'NONE', #5281, #2350 ) ;
#817 = EDGE_CURVE ( 'NONE', #2942, #4432, #3912, .T. ) ;
#818 = ORIENTED_EDGE ( 'NONE', *, *, #4627, .T. ) ;
#819 = CARTESIAN_POINT ( 'NONE',  ( 8.150000000000000355, 6.497705265805027608, -1.649999999999999911 ) ) ;
#820 = VECTOR ( 'NONE', #4699, 1000.000000000000000 ) ;
#821 = DIRECTION ( 'NONE',  ( -0.5000000000000004441, 0.8660254037844382635, -2.146163712481656886E-16 ) ) ;
#822 = DIRECTION ( 'NONE',  ( -0.000000000000000000, -1.000000000000000000, -0.000000000000000000 ) ) ;
#823 = VECTOR ( 'NONE', #711, 1000.000000000000000 ) ;
#824 = VERTEX_POINT ( 'NONE', #2616 ) ;
#825 = LINE ( 'NONE', #5290, #1909 ) ;
#826 = DIRECTION ( 'NONE',  ( 0.000000000000000000, -1.000000000000000000, 0.000000000000000000 ) ) ;
#827 = DIRECTION ( 'NONE',  ( 0.000000000000000000, 1.000000000000000000, 0.000000000000000000 ) ) ;
#828 = LINE ( 'NONE', #3193, #2413 ) ;
#829 = CARTESIAN_POINT ( 'NONE',  ( 3.149999999999996358, 0.8000000000000000444, 2.699999999999993960 ) ) ;
#830 = DIRECTION ( 'NONE',  ( -0.000000000000000000, -0.9542726683898373752, -0.2989375760324211595 ) ) ;
#831 = FACE_OUTER_BOUND ( 'NONE', #3412, .T. ) ;
#832 = ORIENTED_EDGE ( 'NONE', *, *, #1844, .F. ) ;
#833 = CARTESIAN_POINT ( 'NONE',  ( 4.349999999999996980, 0.8000000000000000444, -1.650000000000000355 ) ) ;
#834 = ORIENTED_EDGE ( 'NONE', *, *, #1245, .F. ) ;
#835 = CARTESIAN_POINT ( 'NONE',  ( 4.680000000000001492, 0.5000000000000000000, -0.3200000000000000622 ) ) ;
#836 = EDGE_CURVE ( 'NONE', #1797, #5430, #3473, .T. ) ;
#837 = ADVANCED_FACE ( 'NONE', ( #5799 ), #2530, .F. ) ;
#838 = CARTESIAN_POINT ( 'NONE',  ( 5.320000000000014495, -3.399999999999999911, -0.2108089297201864720 ) ) ;
#839 = LINE ( 'NONE', #1751, #1483 ) ;
#840 = PRODUCT_DEFINITION_SHAPE ( 'NONE', 'NONE',  #5988 ) ;
#841 = VECTOR ( 'NONE', #1595, 1000.000000000000000 ) ;
#842 = ORIENTED_EDGE ( 'NONE', *, *, #2684, .T. ) ;
#843 = DIRECTION ( 'NONE',  ( -0.3236155771181815077, 0.8891264907159903697, 0.3236155771181820628 ) ) ;
#844 = ORIENTED_EDGE ( 'NONE', *, *, #5312, .F. ) ;
#845 = EDGE_CURVE ( 'NONE', #2566, #5587, #5729, .T. ) ;
#846 = DIRECTION ( 'NONE',  ( -1.000000000000000000, 0.000000000000000000, -6.033820786006286703E-16 ) ) ;
#847 = AXIS2_PLACEMENT_3D ( 'NONE', #2943, #5207, #1107 ) ;
#848 = EDGE_CURVE ( 'NONE', #3207, #3834, #5683, .T. ) ;
#849 = CARTESIAN_POINT ( 'NONE',  ( -0.6500000000000047962, 0.8000000000000000444, 2.699999999999993960 ) ) ;
#850 = CARTESIAN_POINT ( 'NONE',  ( 9.249999999999998224, 0.5000000000000000000, 2.699999999999999734 ) ) ;
#851 = VECTOR ( 'NONE', #709, 1000.000000000000114 ) ;
#852 = ORIENTED_EDGE ( 'NONE', *, *, #588, .F. ) ;
#853 = LINE ( 'NONE', #4186, #61 ) ;
#854 = EDGE_LOOP ( 'NONE', ( #3381, #1460, #4717, #5351 ) ) ;
#855 = CIRCLE ( 'NONE', #4978, 0.09999999999999999167 ) ;
#856 = EDGE_CURVE ( 'NONE', #55, #640, #2991, .T. ) ;
#857 = LINE ( 'NONE', #2267, #1875 ) ;
#858 = CARTESIAN_POINT ( 'NONE',  ( 4.349999999999997868, 0.000000000000000000, 2.699999999999994849 ) ) ;
#859 = ORIENTED_EDGE ( 'NONE', *, *, #5744, .F. ) ;
#860 = DIRECTION ( 'NONE',  ( -6.033820786006284731E-16, 0.000000000000000000, 1.000000000000000000 ) ) ;
#861 = FACE_OUTER_BOUND ( 'NONE', #526, .T. ) ;
#862 = AXIS2_PLACEMENT_3D ( 'NONE', #5094, #2444, #2893 ) ;
#863 = DIRECTION ( 'NONE',  ( -0.3236155771181767893, 0.8891264907159766029, 0.3236155771182244734 ) ) ;
#864 = ORIENTED_EDGE ( 'NONE', *, *, #159, .F. ) ;
#865 = LINE ( 'NONE', #2191, #5284 ) ;
#866 = VERTEX_POINT ( 'NONE', #2078 ) ;
#867 = DIRECTION ( 'NONE',  ( -1.000000000000000000, 0.000000000000000000, 1.993935029858399390E-16 ) ) ;
#868 = CIRCLE ( 'NONE', #1066, 0.09999999999999999167 ) ;
#869 = DIRECTION ( 'NONE',  ( 1.000000000000000000, 0.000000000000000000, -1.474684361169737143E-13 ) ) ;
#870 = CARTESIAN_POINT ( 'NONE',  ( 2.179999999999999272, -4.305096679918778868, 0.3199999999999528222 ) ) ;
#871 = VERTEX_POINT ( 'NONE', #5765 ) ;
#872 = FACE_OUTER_BOUND ( 'NONE', #3135, .T. ) ;
#873 = AXIS2_PLACEMENT_3D ( 'NONE', #1277, #3119, #4938 ) ;
#874 = ORIENTED_EDGE ( 'NONE', *, *, #5831, .T. ) ;
#875 = VECTOR ( 'NONE', #3024, 1000.000000000000000 ) ;
#876 = DIRECTION ( 'NONE',  ( -5.860552283705415088E-16, 0.000000000000000000, 1.000000000000000000 ) ) ;
#877 = LINE ( 'NONE', #1813, #2022 ) ;
#878 = EDGE_CURVE ( 'NONE', #5365, #1326, #5316, .T. ) ;
#879 = ORIENTED_EDGE ( 'NONE', *, *, #918, .F. ) ;
#880 = LINE ( 'NONE', #2711, #2659 ) ;
#881 = ORIENTED_EDGE ( 'NONE', *, *, #1027, .F. ) ;
#882 = CYLINDRICAL_SURFACE ( 'NONE', #2484, 0.09999999999999996392 ) ;
#883 = DIRECTION ( 'NONE',  ( 8.470329472543004623E-17, -0.000000000000000000, 1.000000000000000000 ) ) ;
#884 = CARTESIAN_POINT ( 'NONE',  ( 2.179999999999999272, -3.099999999999996536, -0.3199999999999528222 ) ) ;
#885 = EDGE_CURVE ( 'NONE', #1797, #3998, #3022, .T. ) ;
#886 = EDGE_LOOP ( 'NONE', ( #4326, #3148, #5492, #4379 ) ) ;
#887 = DIRECTION ( 'NONE',  ( 0.000000000000000000, 1.000000000000000000, 0.000000000000000000 ) ) ;
#888 = EDGE_CURVE ( 'NONE', #5701, #4742, #289, .T. ) ;
#889 = CARTESIAN_POINT ( 'NONE',  ( -1.750000000000000666, 0.5000000000000000000, -1.649999999999999911 ) ) ;
#890 = FACE_OUTER_BOUND ( 'NONE', #5570, .T. ) ;
#891 = VERTEX_POINT ( 'NONE', #1663 ) ;
#892 = DIRECTION ( 'NONE',  ( 1.000000000000000000, 0.000000000000000000, 0.000000000000000000 ) ) ;
#893 = VERTEX_POINT ( 'NONE', #4032 ) ;
#894 = DIRECTION ( 'NONE',  ( -0.3236155771181827845, -0.8891264907159901476, 0.3236155771181818963 ) ) ;
#895 = COLOUR_RGB ( '',0.7960784313725489669, 0.8235294117647058432, 0.9372549019607843146 ) ;
#896 = CARTESIAN_POINT ( 'NONE',  ( 0.000000000000000000, 0.8000000000000000444, 0.000000000000000000 ) ) ;
#897 = DIRECTION ( 'NONE',  ( -1.000000000000000000, 0.000000000000000000, 0.000000000000000000 ) ) ;
#898 = ORIENTED_EDGE ( 'NONE', *, *, #2939, .T. ) ;
#899 = LINE ( 'NONE', #5543, #3954 ) ;
#900 = VERTEX_POINT ( 'NONE', #5427 ) ;
#901 = LINE ( 'NONE', #5841, #1820 ) ;
#902 = FACE_OUTER_BOUND ( 'NONE', #3356, .T. ) ;
#903 = AXIS2_PLACEMENT_3D ( 'NONE', #2646, #5370, #2591 ) ;
#904 = ORIENTED_EDGE ( 'NONE', *, *, #1958, .T. ) ;
#905 = CARTESIAN_POINT ( 'NONE',  ( 4.680000000000001492, 0.5000000000000000000, 0.000000000000000000 ) ) ;
#906 = AXIS2_PLACEMENT_3D ( 'NONE', #1676, #1789, #5899 ) ;
#907 = ORIENTED_EDGE ( 'NONE', *, *, #2528, .T. ) ;
#908 = ORIENTED_EDGE ( 'NONE', *, *, #4627, .F. ) ;
#909 = ORIENTED_EDGE ( 'NONE', *, *, #2722, .T. ) ;
#910 = FACE_OUTER_BOUND ( 'NONE', #154, .T. ) ;
#911 = VECTOR ( 'NONE', #425, 1000.000000000000000 ) ;
#912 = EDGE_CURVE ( 'NONE', #4070, #1952, #5913, .T. ) ;
#913 = DIRECTION ( 'NONE',  ( -0.000000000000000000, -1.000000000000000000, -0.000000000000000000 ) ) ;
#914 = ORIENTED_EDGE ( 'NONE', *, *, #775, .T. ) ;
#915 = DIRECTION ( 'NONE',  ( 1.000000000000000000, 0.000000000000000000, 3.987870059716798780E-16 ) ) ;
#916 = CARTESIAN_POINT ( 'NONE',  ( 9.539999999999995595, 7.000000000000000000, 2.699999999999999734 ) ) ;
#917 = ADVANCED_FACE ( 'NONE', ( #3231 ), #5883, .F. ) ;
#918 = EDGE_CURVE ( 'NONE', #50, #5032, #839, .T. ) ;
#919 = EDGE_CURVE ( 'NONE', #597, #4520, #1354, .T. ) ;
#920 = LINE ( 'NONE', #2480, #5764 ) ;
#921 = ORIENTED_EDGE ( 'NONE', *, *, #3654, .T. ) ;
#922 = CARTESIAN_POINT ( 'NONE',  ( 9.249999999999998224, 6.497705265805027608, 2.699999999999999734 ) ) ;
#923 = VERTEX_POINT ( 'NONE', #2672 ) ;
#924 = LINE ( 'NONE', #463, #1133 ) ;
#925 = ADVANCED_FACE ( 'NONE', ( #4088 ), #4477, .T. ) ;
#926 = PLANE ( 'NONE',  #5102 ) ;
#927 = DIRECTION ( 'NONE',  ( -0.3236155771181867813, -0.8891264907160041364, -0.3236155771181390417 ) ) ;
#928 = ORIENTED_EDGE ( 'NONE', *, *, #3130, .F. ) ;
#929 = DIRECTION ( 'NONE',  ( -1.000000000000000000, -0.000000000000000000, -6.033820786006285717E-16 ) ) ;
#930 = ORIENTED_EDGE ( 'NONE', *, *, #617, .F. ) ;
#931 = CARTESIAN_POINT ( 'NONE',  ( 7.179999999999998828, -1.729893757603242044, -0.004572733161116269464 ) ) ;
#932 = LINE ( 'NONE', #4511, #4580 ) ;
#933 =( LENGTH_UNIT ( ) NAMED_UNIT ( * ) SI_UNIT ( .MILLI., .METRE. ) );
#934 = AXIS2_PLACEMENT_3D ( 'NONE', #348, #3054, #790 ) ;
#935 = VERTEX_POINT ( 'NONE', #3176 ) ;
#936 = DIRECTION ( 'NONE',  ( 0.000000000000000000, 0.000000000000000000, 1.000000000000000000 ) ) ;
#937 = VECTOR ( 'NONE', #2951, 1000.000000000000000 ) ;
#938 = ORIENTED_EDGE ( 'NONE', *, *, #4078, .F. ) ;
#939 = VERTEX_POINT ( 'NONE', #2282 ) ;
#940 = FACE_OUTER_BOUND ( 'NONE', #2332, .T. ) ;
#941 = CIRCLE ( 'NONE', #2860, 0.6500000000000000222 ) ;
#942 = VECTOR ( 'NONE', #1708, 1000.000000000000000 ) ;
#943 = FACE_OUTER_BOUND ( 'NONE', #4662, .T. ) ;
#944 = DIRECTION ( 'NONE',  ( -1.000000000000000000, 0.000000000000000000, 0.000000000000000000 ) ) ;
#945 = VECTOR ( 'NONE', #4790, 1000.000000000000000 ) ;
#946 = ORIENTED_EDGE ( 'NONE', *, *, #2899, .F. ) ;
#947 = LINE ( 'NONE', #2778, #1339 ) ;
#948 = CARTESIAN_POINT ( 'NONE',  ( 0.000000000000000000, 6.497705265805027608, 2.699999999999999734 ) ) ;
#949 = VECTOR ( 'NONE', #5938, 1000.000000000000000 ) ;
#950 = DIRECTION ( 'NONE',  ( -0.000000000000000000, 1.000000000000000000, -0.000000000000000000 ) ) ;
#951 = VERTEX_POINT ( 'NONE', #342 ) ;
#952 = DIRECTION ( 'NONE',  ( 1.000000000000000000, 0.000000000000000000, -1.474684361169737143E-13 ) ) ;
#953 = ORIENTED_EDGE ( 'NONE', *, *, #5529, .F. ) ;
#954 = DIRECTION ( 'NONE',  ( 1.000000000000000000, 0.000000000000000000, 0.000000000000000000 ) ) ;
#955 = EDGE_CURVE ( 'NONE', #198, #3461, #4507, .T. ) ;
#956 = VECTOR ( 'NONE', #53, 1000.000000000000000 ) ;
#957 = CARTESIAN_POINT ( 'NONE',  ( 0.000000000000000000, 1.200000000000000622, -0.3200000000000000622 ) ) ;
#958 = ORIENTED_EDGE ( 'NONE', *, *, #1117, .T. ) ;
#959 = DIRECTION ( 'NONE',  ( -0.000000000000000000, -0.000000000000000000, -1.000000000000000000 ) ) ;
#960 = VERTEX_POINT ( 'NONE', #5018 ) ;
#961 = LINE ( 'NONE', #2799, #4889 ) ;
#962 = CARTESIAN_POINT ( 'NONE',  ( -0.2108089297201392598, -3.399999999999999911, 0.2108089297200404499 ) ) ;
#963 =( GEOMETRIC_REPRESENTATION_CONTEXT ( 3 ) GLOBAL_UNCERTAINTY_ASSIGNED_CONTEXT ( ( #2195 ) ) GLOBAL_UNIT_ASSIGNED_CONTEXT ( ( #1963, #3885, #5160 ) ) REPRESENTATION_CONTEXT ( 'NONE', 'WORKASPACE' ) );
#964 = CARTESIAN_POINT ( 'NONE',  ( 7.819999999999998508, -0.5798937576032422436, 0.3245727331609174482 ) ) ;
#965 = LINE ( 'NONE', #1991, #4316 ) ;
#966 = VECTOR ( 'NONE', #1982, 1000.000000000000000 ) ;
#967 = VERTEX_POINT ( 'NONE', #1271 ) ;
#968 = CARTESIAN_POINT ( 'NONE',  ( 0.6499999999999978018, 7.000000000000000000, -2.350000000000000089 ) ) ;
#969 = ORIENTED_EDGE ( 'NONE', *, *, #1539, .T. ) ;
#970 = VERTEX_POINT ( 'NONE', #1718 ) ;
#971 = CARTESIAN_POINT ( 'NONE',  ( 7.819999999999998508, -2.849999999999999201, 0.4199999999999011746 ) ) ;
#972 = VECTOR ( 'NONE', #1462, 1000.000000000000227 ) ;
#973 = DIRECTION ( 'NONE',  ( 0.000000000000000000, -1.000000000000000000, 0.000000000000000000 ) ) ;
#974 = CARTESIAN_POINT ( 'NONE',  ( 3.149999999999996358, 0.8000000000000000444, -1.650000000000000799 ) ) ;
#975 = VERTEX_POINT ( 'NONE', #3111 ) ;
#976 = CYLINDRICAL_SURFACE ( 'NONE', #5174, 0.5000000000000000000 ) ;
#977 = LINE ( 'NONE', #3815, #41 ) ;
#978 = EDGE_CURVE ( 'NONE', #3558, #1671, #405, .T. ) ;
#979 = LINE ( 'NONE', #4311, #316 ) ;
#980 = ORIENTED_EDGE ( 'NONE', *, *, #3137, .T. ) ;
#981 = LINE ( 'NONE', #3310, #3171 ) ;
#982 = VERTEX_POINT ( 'NONE', #1836 ) ;
#983 = FACE_OUTER_BOUND ( 'NONE', #94, .T. ) ;
#984 = EDGE_CURVE ( 'NONE', #2379, #5627, #1070, .T. ) ;
#985 = DIRECTION ( 'NONE',  ( 0.000000000000000000, -1.000000000000000000, 0.000000000000000000 ) ) ;
#986 = ADVANCED_FACE ( 'NONE', ( #3648 ), #375, .T. ) ;
#987 = CARTESIAN_POINT ( 'NONE',  ( 0.000000000000000000, 7.000000000000000000, 3.399999999999999911 ) ) ;
#988 = ORIENTED_EDGE ( 'NONE', *, *, #1844, .T. ) ;
#989 = CARTESIAN_POINT ( 'NONE',  ( 0.000000000000000000, 0.000000000000000000, -2.350000000000000089 ) ) ;
#990 = ORIENTED_EDGE ( 'NONE', *, *, #4445, .F. ) ;
#991 = CARTESIAN_POINT ( 'NONE',  ( 2.289191070279859908, -3.399999999999999911, -0.2108089297201081735 ) ) ;
#992 = DIRECTION ( 'NONE',  ( 5.421010862427524142E-16, 0.000000000000000000, -1.000000000000000000 ) ) ;
#993 = EDGE_CURVE ( 'NONE', #3047, #975, #3677, .T. ) ;
#994 = CARTESIAN_POINT ( 'NONE',  ( 3.149999999999996358, 0.8000000000000000444, 3.399999999999993250 ) ) ;
#995 = CARTESIAN_POINT ( 'NONE',  ( 7.179999999999997051, -2.849999999999999201, -0.3200000000000998157 ) ) ;
#996 = EDGE_CURVE ( 'NONE', #745, #3716, #434, .T. ) ;
#997 = EDGE_LOOP ( 'NONE', ( #1131, #4677, #1300, #5254 ) ) ;
#998 = DIRECTION ( 'NONE',  ( -0.000000000000000000, -0.000000000000000000, -1.000000000000000000 ) ) ;
#999 = ORIENTED_EDGE ( 'NONE', *, *, #3415, .F. ) ;
#1000 = ORIENTED_EDGE ( 'NONE', *, *, #3585, .T. ) ;
#1001 = CARTESIAN_POINT ( 'NONE',  ( 8.149999999999998579, 0.8000000000000000444, -2.349999999999999645 ) ) ;
#1002 = PLANE ( 'NONE',  #4853 ) ;
#1003 = DIRECTION ( 'NONE',  ( 0.3236155771181808416, 0.8891264907159907027, -0.3236155771181816743 ) ) ;
#1004 = ORIENTED_EDGE ( 'NONE', *, *, #626, .T. ) ;
#1005 = DIRECTION ( 'NONE',  ( -1.000000000000000000, -0.000000000000000000, -0.000000000000000000 ) ) ;
#1006 = CARTESIAN_POINT ( 'NONE',  ( 8.149999999999998579, 0.8000000000000000444, -1.650000000000000133 ) ) ;
#1007 = VECTOR ( 'NONE', #5328, 1000.000000000000000 ) ;
#1008 = VECTOR ( 'NONE', #3375, 1000.000000000000000 ) ;
#1009 = ORIENTED_EDGE ( 'NONE', *, *, #2908, .F. ) ;
#1010 = CARTESIAN_POINT ( 'NONE',  ( 5.319999999999999396, 6.499999999999997335, -0.3200000000000471911 ) ) ;
#1011 = ORIENTED_EDGE ( 'NONE', *, *, #4265, .T. ) ;
#1012 = LINE ( 'NONE', #1443, #1616 ) ;
#1013 = EDGE_CURVE ( 'NONE', #4428, #923, #5511, .T. ) ;
#1014 = DIRECTION ( 'NONE',  ( 0.000000000000000000, 1.000000000000000000, 0.000000000000000000 ) ) ;
#1015 = CARTESIAN_POINT ( 'NONE',  ( 0.000000000000000000, 0.5000000000000000000, -0.3199999999999651457 ) ) ;
#1016 = ORIENTED_EDGE ( 'NONE', *, *, #210, .F. ) ;
#1017 = LINE ( 'NONE', #1896, #2738 ) ;
#1018 = EDGE_CURVE ( 'NONE', #5462, #4558, #3561, .T. ) ;
#1019 = ORIENTED_EDGE ( 'NONE', *, *, #5905, .F. ) ;
#1020 = DIRECTION ( 'NONE',  ( -0.000000000000000000, -0.000000000000000000, 1.000000000000000000 ) ) ;
#1021 = EDGE_CURVE ( 'NONE', #680, #982, #4959, .T. ) ;
#1022 = DIRECTION ( 'NONE',  ( -1.993935029858399390E-16, 0.000000000000000000, -1.000000000000000000 ) ) ;
#1023 = ADVANCED_FACE ( 'NONE', ( #3622 ), #1325, .T. ) ;
#1024 = CARTESIAN_POINT ( 'NONE',  ( 9.949999999999999289, 4.750000000000000888, -0.1249999999999989730 ) ) ;
#1025 = ORIENTED_EDGE ( 'NONE', *, *, #4338, .F. ) ;
#1026 = DIRECTION ( 'NONE',  ( -1.000000000000000000, 0.000000000000000000, -6.033820786006286703E-16 ) ) ;
#1027 = EDGE_CURVE ( 'NONE', #4302, #3032, #2887, .T. ) ;
#1028 = ADVANCED_FACE ( 'NONE', ( #499 ), #4741, .T. ) ;
#1029 = ORIENTED_EDGE ( 'NONE', *, *, #1623, .F. ) ;
#1030 = ORIENTED_EDGE ( 'NONE', *, *, #845, .T. ) ;
#1031 = LINE ( 'NONE', #2959, #4888 ) ;
#1032 = LINE ( 'NONE', #62, #4555 ) ;
#1033 = CARTESIAN_POINT ( 'NONE',  ( -1.750000000000000666, 0.5000000000000000000, -1.649999999999999911 ) ) ;
#1034 = VECTOR ( 'NONE', #2287, 1000.000000000000000 ) ;
#1035 = ORIENTED_EDGE ( 'NONE', *, *, #3288, .F. ) ;
#1036 =( NAMED_UNIT ( * ) SI_UNIT ( $, .STERADIAN. ) SOLID_ANGLE_UNIT ( ) );
#1037 = VECTOR ( 'NONE', #2147, 1000.000000000000000 ) ;
#1038 = CARTESIAN_POINT ( 'NONE',  ( -0.3200000000000008393, -0.7712138062639923852, -0.2861617746085797775 ) ) ;
#1039 = EDGE_CURVE ( 'NONE', #3947, #3466, #2794, .T. ) ;
#1040 = AXIS2_PLACEMENT_3D ( 'NONE', #4244, #199, #1568 ) ;
#1041 = AXIS2_PLACEMENT_3D ( 'NONE', #3068, #190, #3875 ) ;
#1042 = ORIENTED_EDGE ( 'NONE', *, *, #5222, .F. ) ;
#1043 = LINE ( 'NONE', #592, #3456 ) ;
#1044 = ORIENTED_EDGE ( 'NONE', *, *, #1285, .T. ) ;
#1045 = CARTESIAN_POINT ( 'NONE',  ( -0.6500000000000047962, 0.000000000000000000, -2.350000000000000533 ) ) ;
#1046 = AXIS2_PLACEMENT_3D ( 'NONE', #3991, #1792, #4101 ) ;
#1047 = FACE_OUTER_BOUND ( 'NONE', #4009, .T. ) ;
#1048 = CARTESIAN_POINT ( 'NONE',  ( 0.3199999999999991185, -2.820106242396757779, 0.3245727331609177813 ) ) ;
#1049 = ORIENTED_EDGE ( 'NONE', *, *, #856, .F. ) ;
#1050 = PLANE ( 'NONE',  #5350 ) ;
#1051 = ORIENTED_EDGE ( 'NONE', *, *, #5131, .T. ) ;
#1052 = FACE_OUTER_BOUND ( 'NONE', #5250, .T. ) ;
#1053 = EDGE_CURVE ( 'NONE', #543, #1664, #3373, .T. ) ;
#1054 = FILL_AREA_STYLE_COLOUR ( '', #1059 ) ;
#1055 = CARTESIAN_POINT ( 'NONE',  ( 2.820000000000008278, 0.000000000000000000, 0.3200000000000349232 ) ) ;
#1056 = VERTEX_POINT ( 'NONE', #4650 ) ;
#1057 = FACE_OUTER_BOUND ( 'NONE', #2524, .T. ) ;
#1058 = VECTOR ( 'NONE', #1388, 1000.000000000000000 ) ;
#1059 = COLOUR_RGB ( '',0.7960784313725489669, 0.8235294117647058432, 0.9372549019607843146 ) ;
#1060 = ORIENTED_EDGE ( 'NONE', *, *, #3314, .F. ) ;
#1061 = ORIENTED_EDGE ( 'NONE', *, *, #3620, .F. ) ;
#1062 = DIRECTION ( 'NONE',  ( -0.000000000000000000, -1.000000000000000000, -0.000000000000000000 ) ) ;
#1063 = ORIENTED_EDGE ( 'NONE', *, *, #4837, .F. ) ;
#1064 = EDGE_CURVE ( 'NONE', #5793, #4933, #5210, .T. ) ;
#1065 = MANIFOLD_SOLID_BREP ( 'Pin ', #560 ) ;
#1066 = AXIS2_PLACEMENT_3D ( 'NONE', #5798, #1207, #5912 ) ;
#1067 = CARTESIAN_POINT ( 'NONE',  ( 7.179999999999998828, -1.729893757603242044, -0.004572733161116324108 ) ) ;
#1068 = CARTESIAN_POINT ( 'NONE',  ( 0.000000000000000000, 7.000000000000000000, 0.000000000000000000 ) ) ;
#1069 = VERTEX_POINT ( 'NONE', #5180 ) ;
#1070 =( BOUNDED_CURVE ( )  B_SPLINE_CURVE ( 3, ( #467, #1805, #1777, #2644 ),
 .UNSPECIFIED., .F., .T. ) 
 B_SPLINE_CURVE_WITH_KNOTS ( ( 4, 4 ),
 ( 4.697090155633239839, 4.712388980384689674 ),
 .UNSPECIFIED. ) 
 CURVE ( )  GEOMETRIC_REPRESENTATION_ITEM ( )  RATIONAL_B_SPLINE_CURVE ( ( 1.000000000000000000, 0.9999804955918749627, 0.9999804955918749627, 1.000000000000000000 ) ) 
 REPRESENTATION_ITEM ( '' )  );
#1071 = LINE ( 'NONE', #2876, #5287 ) ;
#1072 = AXIS2_PLACEMENT_3D ( 'NONE', #4758, #4788, #639 ) ;
#1073 = DIRECTION ( 'NONE',  ( -1.508455196501571429E-16, 0.000000000000000000, -1.000000000000000000 ) ) ;
#1074 = EDGE_CURVE ( 'NONE', #3916, #4866, #4621, .T. ) ;
#1075 = EDGE_LOOP ( 'NONE', ( #1544, #566, #1342, #2325 ) ) ;
#1076 = PLANE ( 'NONE',  #5770 ) ;
#1077 = EDGE_LOOP ( 'NONE', ( #1685, #4234, #2388, #879 ) ) ;
#1078 = CARTESIAN_POINT ( 'NONE',  ( 0.000000000000000000, 1.200000000000000622, -0.3199999999999477152 ) ) ;
#1079 = CARTESIAN_POINT ( 'NONE',  ( 7.819999999999998508, -1.670106242396757867, -0.004572733161116629419 ) ) ;
#1080 = DIRECTION ( 'NONE',  ( 1.000000000000000000, -0.000000000000000000, 0.000000000000000000 ) ) ;
#1081 = VERTEX_POINT ( 'NONE', #1984 ) ;
#1082 = CARTESIAN_POINT ( 'NONE',  ( 5.319999999999999396, 6.499999999999997335, -0.3200000000000471911 ) ) ;
#1083 = ORIENTED_EDGE ( 'NONE', *, *, #356, .F. ) ;
#1084 = FACE_OUTER_BOUND ( 'NONE', #4724, .T. ) ;
#1085 = DIRECTION ( 'NONE',  ( -1.000000000000000000, 0.000000000000000000, -6.033820786006286703E-16 ) ) ;
#1086 = ORIENTED_EDGE ( 'NONE', *, *, #5063, .T. ) ;
#1087 = CYLINDRICAL_SURFACE ( 'NONE', #3795, 0.7400000000000017675 ) ;
#1088 = ORIENTED_EDGE ( 'NONE', *, *, #3172, .T. ) ;
#1089 = VERTEX_POINT ( 'NONE', #3796 ) ;
#1090 = DIRECTION ( 'NONE',  ( -1.000000000000000000, 0.000000000000000000, 0.000000000000000000 ) ) ;
#1091 = EDGE_CURVE ( 'NONE', #1069, #2867, #3292, .T. ) ;
#1092 = CARTESIAN_POINT ( 'NONE',  ( -1.749999999999999778, 0.000000000000000000, 2.699999999999999734 ) ) ;
#1093 = PLANE ( 'NONE',  #1072 ) ;
#1094 = EDGE_LOOP ( 'NONE', ( #4130, #3813, #5445, #220 ) ) ;
#1095 = DIRECTION ( 'NONE',  ( 1.239088197126292247E-15, -0.000000000000000000, -1.000000000000000000 ) ) ;
#1096 = LINE ( 'NONE', #3925, #266 ) ;
#1097 = CARTESIAN_POINT ( 'NONE',  ( 9.249999999999998224, 0.000000000000000000, 2.699999999999999734 ) ) ;
#1098 = VECTOR ( 'NONE', #3977, 1000.000000000000000 ) ;
#1099 = EDGE_CURVE ( 'NONE', #2507, #1579, #4714, .T. ) ;
#1100 = VERTEX_POINT ( 'NONE', #135 ) ;
#1101 = CARTESIAN_POINT ( 'NONE',  ( 2.180000000000006377, 0.5000000000000000000, -0.3199999999999651457 ) ) ;
#1102 = ADVANCED_FACE ( 'NONE', ( #5541 ), #529, .F. ) ;
#1103 = EDGE_CURVE ( 'NONE', #2849, #277, #312, .T. ) ;
#1104 = EDGE_CURVE ( 'NONE', #2940, #967, #2852, .T. ) ;
#1105 = ORIENTED_EDGE ( 'NONE', *, *, #5268, .T. ) ;
#1106 = AXIS2_PLACEMENT_3D ( 'NONE', #3218, #973, #450 ) ;
#1107 = DIRECTION ( 'NONE',  ( 0.000000000000000000, 0.000000000000000000, -1.000000000000000000 ) ) ;
#1108 = EDGE_CURVE ( 'NONE', #1967, #5600, #2408, .T. ) ;
#1109 = CARTESIAN_POINT ( 'NONE',  ( 6.850000000000000533, 7.000000000000000000, -1.939999999999998614 ) ) ;
#1110 = VECTOR ( 'NONE', #5560, 1000.000000000000000 ) ;
#1111 = LINE ( 'NONE', #3075, #30 ) ;
#1112 = ORIENTED_EDGE ( 'NONE', *, *, #1647, .F. ) ;
#1113 = PLANE ( 'NONE',  #676 ) ;
#1114 = ORIENTED_EDGE ( 'NONE', *, *, #2315, .F. ) ;
#1115 = DIRECTION ( 'NONE',  ( -3.987870059716798287E-16, 0.000000000000000000, 1.000000000000000000 ) ) ;
#1116 = EDGE_CURVE ( 'NONE', #3047, #5829, #1111, .T. ) ;
#1117 = EDGE_CURVE ( 'NONE', #4259, #975, #3044, .T. ) ;
#1118 =( LENGTH_UNIT ( ) NAMED_UNIT ( * ) SI_UNIT ( .MILLI., .METRE. ) );
#1119 = PLANE ( 'NONE',  #5398 ) ;
#1120 = ORIENTED_EDGE ( 'NONE', *, *, #2633, .T. ) ;
#1121 = LINE ( 'NONE', #2446, #3413 ) ;
#1122 = VERTEX_POINT ( 'NONE', #2581 ) ;
#1123 = VERTEX_POINT ( 'NONE', #653 ) ;
#1124 = CARTESIAN_POINT ( 'NONE',  ( -2.040000000000000924, 7.000000000000000000, -1.649999999999999911 ) ) ;
#1125 = CARTESIAN_POINT ( 'NONE',  ( 5.319999999999999396, -4.305096679918778868, 0.3199999999999527667 ) ) ;
#1126 = LINE ( 'NONE', #267, #3289 ) ;
#1127 = ORIENTED_EDGE ( 'NONE', *, *, #699, .F. ) ;
#1128 = FACE_OUTER_BOUND ( 'NONE', #2227, .T. ) ;
#1129 = DIRECTION ( 'NONE',  ( -0.000000000000000000, 0.000000000000000000, -1.000000000000000000 ) ) ;
#1130 = CARTESIAN_POINT ( 'NONE',  ( -0.2108089297201392598, -3.399999999999999911, -0.2108089297202396517 ) ) ;
#1131 = ORIENTED_EDGE ( 'NONE', *, *, #2990, .T. ) ;
#1132 = PLANE ( 'NONE',  #4405 ) ;
#1133 = VECTOR ( 'NONE', #954, 1000.000000000000000 ) ;
#1134 = ORIENTED_EDGE ( 'NONE', *, *, #2232, .T. ) ;
#1135 = CARTESIAN_POINT ( 'NONE',  ( 0.000000000000000000, 7.000000000000000000, 0.000000000000000000 ) ) ;
#1136 = AXIS2_PLACEMENT_3D ( 'NONE', #3922, #1759, #4459 ) ;
#1137 = EDGE_CURVE ( 'NONE', #5793, #468, #3432, .T. ) ;
#1138 = PLANE ( 'NONE',  #5588 ) ;
#1139 = VECTOR ( 'NONE', #1890, 1000.000000000000000 ) ;
#1140 = VECTOR ( 'NONE', #744, 1000.000000000000000 ) ;
#1141 = DIRECTION ( 'NONE',  ( -3.987870059716798780E-16, 0.000000000000000000, 1.000000000000000000 ) ) ;
#1142 = VERTEX_POINT ( 'NONE', #3850 ) ;
#1143 = PLANE ( 'NONE',  #1854 ) ;
#1144 = VECTOR ( 'NONE', #4698, 1000.000000000000000 ) ;
#1145 = EDGE_LOOP ( 'NONE', ( #1727, #5759, #990, #3067 ) ) ;
#1146 = LINE ( 'NONE', #2077, #257 ) ;
#1147 = AXIS2_PLACEMENT_3D ( 'NONE', #2123, #3959, #3898 ) ;
#1148 = DIRECTION ( 'NONE',  ( -1.000000000000000000, 0.000000000000000000, 0.000000000000000000 ) ) ;
#1149 = ORIENTED_EDGE ( 'NONE', *, *, #5664, .T. ) ;
#1150 = DIRECTION ( 'NONE',  ( 1.239088197126292247E-15, -0.000000000000000000, -1.000000000000000000 ) ) ;
#1151 = ORIENTED_EDGE ( 'NONE', *, *, #2643, .F. ) ;
#1152 = EDGE_LOOP ( 'NONE', ( #5061, #5806, #4827, #5125, #227 ) ) ;
#1153 = PLANE ( 'NONE',  #4102 ) ;
#1154 = DIRECTION ( 'NONE',  ( 0.000000000000000000, 1.000000000000000000, -0.000000000000000000 ) ) ;
#1155 = AXIS2_PLACEMENT_3D ( 'NONE', #5130, #5579, #1451 ) ;
#1156 = CARTESIAN_POINT ( 'NONE',  ( 2.820000000000008278, 1.200000000000000622, 0.000000000000000000 ) ) ;
#1157 = ORIENTED_EDGE ( 'NONE', *, *, #3314, .T. ) ;
#1158 = CARTESIAN_POINT ( 'NONE',  ( 7.289191070279859908, 6.800000000000000711, 0.3199999999999015299 ) ) ;
#1159 = DIRECTION ( 'NONE',  ( 0.000000000000000000, -1.000000000000000000, 0.000000000000000000 ) ) ;
#1160 = DIRECTION ( 'NONE',  ( 0.000000000000000000, 1.000000000000000000, 0.000000000000000000 ) ) ;
#1161 = FACE_OUTER_BOUND ( 'NONE', #2535, .T. ) ;
#1162 = VECTOR ( 'NONE', #3774, 1000.000000000000000 ) ;
#1163 = AXIS2_PLACEMENT_3D ( 'NONE', #2886, #595, #3821 ) ;
#1164 = PRESENTATION_LAYER_ASSIGNMENT (  '', '', ( #3099 ) ) ;
#1165 = ORIENTED_EDGE ( 'NONE', *, *, #699, .T. ) ;
#1166 = DIRECTION ( 'NONE',  ( 0.000000000000000000, -0.000000000000000000, -1.000000000000000000 ) ) ;
#1167 = AXIS2_PLACEMENT_3D ( 'NONE', #5946, #929, #5885 ) ;
#1168 = ORIENTED_EDGE ( 'NONE', *, *, #2312, .T. ) ;
#1169 = DIRECTION ( 'NONE',  ( 0.000000000000000000, 0.000000000000000000, -1.000000000000000000 ) ) ;
#1170 = EDGE_CURVE ( 'NONE', #1779, #3947, #3966, .T. ) ;
#1171 = DIRECTION ( 'NONE',  ( 1.000000000000000000, 0.000000000000000000, 0.000000000000000000 ) ) ;
#1172 = LINE ( 'NONE', #779, #4359 ) ;
#1173 = VERTEX_POINT ( 'NONE', #4416 ) ;
#1174 = DIRECTION ( 'NONE',  ( 0.000000000000000000, -0.000000000000000000, -1.000000000000000000 ) ) ;
#1175 = ORIENTED_EDGE ( 'NONE', *, *, #5934, .F. ) ;
#1176 = DIRECTION ( 'NONE',  ( 0.000000000000000000, -0.9542726683898372642, 0.2989375760324214371 ) ) ;
#1177 = ADVANCED_FACE ( 'NONE', ( #2012 ), #1564, .T. ) ;
#1178 = UNCERTAINTY_MEASURE_WITH_UNIT (LENGTH_MEASURE( 1.000000000000000082E-05 ), #5661, 'distance_accuracy_value', 'NONE');
#1179 = ORIENTED_EDGE ( 'NONE', *, *, #1103, .F. ) ;
#1180 = LINE ( 'NONE', #3049, #578 ) ;
#1181 = DIRECTION ( 'NONE',  ( 1.000000000000000000, -0.000000000000000000, -6.033820786006286703E-16 ) ) ;
#1182 = VERTEX_POINT ( 'NONE', #1200 ) ;
#1183 = DIRECTION ( 'NONE',  ( -0.000000000000000000, 0.000000000000000000, -1.000000000000000000 ) ) ;
#1184 = ORIENTED_EDGE ( 'NONE', *, *, #4345, .T. ) ;
#1185 = CARTESIAN_POINT ( 'NONE',  ( 8.150000000000035882, 4.039427522631709932E-14, -2.350000000000000089 ) ) ;
#1186 = EDGE_CURVE ( 'NONE', #2880, #5592, #5790, .T. ) ;
#1187 = PLANE ( 'NONE',  #5349 ) ;
#1188 = DIRECTION ( 'NONE',  ( -6.033820786006285717E-16, 0.000000000000000000, -1.000000000000000000 ) ) ;
#1189 = EDGE_LOOP ( 'NONE', ( #189, #1310, #3588, #4530 ) ) ;
#1190 = PLANE ( 'NONE',  #5866 ) ;
#1191 = DIRECTION ( 'NONE',  ( 0.000000000000000000, -1.000000000000000000, 0.000000000000000000 ) ) ;
#1192 = CARTESIAN_POINT ( 'NONE',  ( 0.6499999999999952482, 0.8000000000000000444, 3.399999999999993250 ) ) ;
#1193 = CARTESIAN_POINT ( 'NONE',  ( 2.277755812503535537, -3.368581887473905301, -0.2222441874964309338 ) ) ;
#1194 = VECTOR ( 'NONE', #4173, 1000.000000000000000 ) ;
#1195 = ORIENTED_EDGE ( 'NONE', *, *, #2466, .T. ) ;
#1196 = CARTESIAN_POINT ( 'NONE',  ( 4.679999999999998828, -3.099999999999996536, 0.3199999999999528222 ) ) ;
#1197 = ORIENTED_EDGE ( 'NONE', *, *, #1284, .T. ) ;
#1198 = FACE_OUTER_BOUND ( 'NONE', #2582, .T. ) ;
#1199 = AXIS2_PLACEMENT_3D ( 'NONE', #5218, #3776, #5671 ) ;
#1200 = CARTESIAN_POINT ( 'NONE',  ( -0.6500000000000055733, 0.5000000000000000000, -1.649999999999999911 ) ) ;
#1201 = VERTEX_POINT ( 'NONE', #3494 ) ;
#1202 = CARTESIAN_POINT ( 'NONE',  ( 9.250000000000000000, 0.5000000000000000000, -1.649999999999999911 ) ) ;
#1203 = ORIENTED_EDGE ( 'NONE', *, *, #3997, .F. ) ;
#1204 = CARTESIAN_POINT ( 'NONE',  ( 9.250000000000000000, 1.200000000000000622, -1.649999999999999911 ) ) ;
#1205 = ADVANCED_FACE ( 'NONE', ( #4351 ), #3014, .T. ) ;
#1206 = AXIS2_PLACEMENT_3D ( 'NONE', #5589, #2422, #5500 ) ;
#1207 = DIRECTION ( 'NONE',  ( 1.000000000000000000, -0.000000000000000000, -6.033820786006285717E-16 ) ) ;
#1208 = DIRECTION ( 'NONE',  ( -1.000000000000000000, 0.000000000000000000, 0.000000000000000000 ) ) ;
#1209 = EDGE_CURVE ( 'NONE', #1671, #3396, #3907, .T. ) ;
#1210 = ORIENTED_EDGE ( 'NONE', *, *, #1958, .F. ) ;
#1211 = LINE ( 'NONE', #1239, #2062 ) ;
#1212 = VERTEX_POINT ( 'NONE', #2134 ) ;
#1213 = LINE ( 'NONE', #4847, #4395 ) ;
#1214 = LINE ( 'NONE', #2116, #187 ) ;
#1215 = EDGE_CURVE ( 'NONE', #5476, #3722, #280, .T. ) ;
#1216 =( LENGTH_UNIT ( ) NAMED_UNIT ( * ) SI_UNIT ( .MILLI., .METRE. ) );
#1217 = ORIENTED_EDGE ( 'NONE', *, *, #2431, .F. ) ;
#1218 = CARTESIAN_POINT ( 'NONE',  ( 0.3199999999999991185, -3.099999999999996536, 0.3199999999999015854 ) ) ;
#1219 = CARTESIAN_POINT ( 'NONE',  ( 4.349999999999997868, 0.8000000000000000444, 2.699999999999999734 ) ) ;
#1220 = CARTESIAN_POINT ( 'NONE',  ( 0.000000000000000000, 0.5000000000000000000, -0.3199999999999477152 ) ) ;
#1221 = EDGE_CURVE ( 'NONE', #2437, #2705, #1172, .T. ) ;
#1222 = DIRECTION ( 'NONE',  ( 1.000000000000000000, 0.000000000000000000, 0.000000000000000000 ) ) ;
#1223 = EDGE_LOOP ( 'NONE', ( #3736, #82, #1418, #1274 ) ) ;
#1224 = FACE_OUTER_BOUND ( 'NONE', #789, .T. ) ;
#1225 = EDGE_CURVE ( 'NONE', #5937, #3716, #4290, .T. ) ;
#1226 = ORIENTED_EDGE ( 'NONE', *, *, #4552, .T. ) ;
#1227 = LINE ( 'NONE', #1618, #4467 ) ;
#1228 = CARTESIAN_POINT ( 'NONE',  ( 8.150000000000002132, 6.497705265805057806, -1.650000000000017453 ) ) ;
#1229 = AXIS2_PLACEMENT_3D ( 'NONE', #5688, #1562, #5628 ) ;
#1230 = EDGE_LOOP ( 'NONE', ( #4452, #714, #2149, #262, #4814, #1179, #5523, #5394 ) ) ;
#1231 = CARTESIAN_POINT ( 'NONE',  ( 0.3199999999999991185, -2.849999999999999201, -0.3200000000001000378 ) ) ;
#1232 = ORIENTED_EDGE ( 'NONE', *, *, #2750, .F. ) ;
#1233 = LINE ( 'NONE', #3020, #156 ) ;
#1234 = VECTOR ( 'NONE', #5431, 1000.000000000000000 ) ;
#1235 = VECTOR ( 'NONE', #2156, 1000.000000000000000 ) ;
#1236 = DIRECTION ( 'NONE',  ( -1.000000000000000000, 0.000000000000000000, 0.000000000000000000 ) ) ;
#1237 = CARTESIAN_POINT ( 'NONE',  ( 7.179999999999998828, -3.099999999999996536, 0.3199999999999015854 ) ) ;
#1238 = VERTEX_POINT ( 'NONE', #2043 ) ;
#1239 = CARTESIAN_POINT ( 'NONE',  ( -1.210000000000000631, 5.562397829717834696, 2.160000000000001030 ) ) ;
#1240 = ORIENTED_EDGE ( 'NONE', *, *, #3793, .T. ) ;
#1241 = AXIS2_PLACEMENT_3D ( 'NONE', #833, #2664, #1859 ) ;
#1242 = DIRECTION ( 'NONE',  ( 0.000000000000000000, 0.9542726683898371531, -0.2989375760324216036 ) ) ;
#1243 = EDGE_CURVE ( 'NONE', #5707, #792, #685, .T. ) ;
#1244 = CARTESIAN_POINT ( 'NONE',  ( -2.450000000000000178, 7.000000000000000000, 3.695715231428850840E-16 ) ) ;
#1245 = EDGE_CURVE ( 'NONE', #3716, #4812, #251, .T. ) ;
#1246 = FILL_AREA_STYLE_COLOUR ( '', #3952 ) ;
#1247 = ORIENTED_EDGE ( 'NONE', *, *, #5478, .T. ) ;
#1248 = CARTESIAN_POINT ( 'NONE',  ( 8.149999999999998579, 0.000000000000000000, 2.699999999999994849 ) ) ;
#1249 = CARTESIAN_POINT ( 'NONE',  ( 0.000000000000000000, 0.5000000000000000000, 0.000000000000000000 ) ) ;
#1250 = CARTESIAN_POINT ( 'NONE',  ( -1.600000000000000089, -1.225252258054540855, 1.499999999999999556 ) ) ;
#1251 = EDGE_CURVE ( 'NONE', #3618, #3910, #1621, .T. ) ;
#1252 = CARTESIAN_POINT ( 'NONE',  ( 8.150000000000002132, 6.349999999999999645, -2.350000000000000089 ) ) ;
#1253 = VERTEX_POINT ( 'NONE', #162 ) ;
#1254 = FACE_OUTER_BOUND ( 'NONE', #2160, .T. ) ;
#1255 = VECTOR ( 'NONE', #351, 1000.000000000000000 ) ;
#1256 = DIRECTION ( 'NONE',  ( -1.239088197126291852E-15, 0.000000000000000000, 1.000000000000000000 ) ) ;
#1257 = ADVANCED_FACE ( 'NONE', ( #1593 ), #5755, .F. ) ;
#1258 = ADVANCED_FACE ( 'NONE', ( #2553 ), #4383, .F. ) ;
#1259 = VECTOR ( 'NONE', #4778, 1000.000000000000114 ) ;
#1260 = EDGE_CURVE ( 'NONE', #824, #1797, #804, .T. ) ;
#1261 = AXIS2_PLACEMENT_3D ( 'NONE', #719, #2558, #258 ) ;
#1262 = VECTOR ( 'NONE', #5483, 1000.000000000000000 ) ;
#1263 = DIRECTION ( 'NONE',  ( 0.000000000000000000, 0.000000000000000000, 1.000000000000000000 ) ) ;
#1264 = ORIENTED_EDGE ( 'NONE', *, *, #996, .T. ) ;
#1265 = CARTESIAN_POINT ( 'NONE',  ( 7.819999999999998508, -2.849999999999999645, 0.4199999999999011746 ) ) ;
#1266 = VERTEX_POINT ( 'NONE', #4922 ) ;
#1267 = LINE ( 'NONE', #809, #5373 ) ;
#1268 = VECTOR ( 'NONE', #5196, 1000.000000000000000 ) ;
#1269 = VECTOR ( 'NONE', #5608, 1000.000000000000000 ) ;
#1270 = DIRECTION ( 'NONE',  ( -1.000000000000000000, -0.000000000000000000, -5.004010026856170609E-15 ) ) ;
#1271 = CARTESIAN_POINT ( 'NONE',  ( 2.820000000000008278, 0.5000000000000000000, -0.3199999999999651457 ) ) ;
#1272 = ORIENTED_EDGE ( 'NONE', *, *, #281, .F. ) ;
#1273 = DIRECTION ( 'NONE',  ( 1.000000000000000000, 0.000000000000000000, 0.000000000000000000 ) ) ;
#1274 = ORIENTED_EDGE ( 'NONE', *, *, #1546, .T. ) ;
#1275 = DIRECTION ( 'NONE',  ( -2.891205793294677833E-16, 1.000000000000000000, 0.000000000000000000 ) ) ;
#1276 = DIRECTION ( 'NONE',  ( -1.334402673828325073E-15, -1.000000000000000000, 0.000000000000000000 ) ) ;
#1277 = CARTESIAN_POINT ( 'NONE',  ( 3.749999999999998668, 9.850749136788354315E-16, 0.5249999999999994671 ) ) ;
#1278 = EDGE_LOOP ( 'NONE', ( #354, #4094, #4510, #5474 ) ) ;
#1279 = CYLINDRICAL_SURFACE ( 'NONE', #5171, 0.1500000000000008271 ) ;
#1280 = FACE_OUTER_BOUND ( 'NONE', #5766, .T. ) ;
#1281 = DIRECTION ( 'NONE',  ( 4.188538737677015184E-17, 0.9396926207859077618, -0.3420201433256706003 ) ) ;
#1282 = DIRECTION ( 'NONE',  ( 0.000000000000000000, -1.000000000000000000, 0.000000000000000000 ) ) ;
#1283 = CARTESIAN_POINT ( 'NONE',  ( 0.3199999999999991185, 6.499999999999997335, -0.3200000000001000378 ) ) ;
#1284 = EDGE_CURVE ( 'NONE', #2437, #1853, #2247, .T. ) ;
#1285 = EDGE_CURVE ( 'NONE', #1311, #303, #5936, .T. ) ;
#1286 = LINE ( 'NONE', #1824, #5952 ) ;
#1287 = CARTESIAN_POINT ( 'NONE',  ( 8.149999999999998579, 0.5000000000000000000, 2.699999999999999734 ) ) ;
#1288 = EDGE_CURVE ( 'NONE', #5272, #1069, #5444, .T. ) ;
#1289 = FACE_OUTER_BOUND ( 'NONE', #591, .T. ) ;
#1290 = VERTEX_POINT ( 'NONE', #3224 ) ;
#1291 = LINE ( 'NONE', #4557, #4783 ) ;
#1292 = ORIENTED_EDGE ( 'NONE', *, *, #807, .T. ) ;
#1293 = DIRECTION ( 'NONE',  ( 0.000000000000000000, 1.000000000000000000, -2.478176394252583606E-16 ) ) ;
#1294 = EDGE_CURVE ( 'NONE', #2622, #3270, #3671, .T. ) ;
#1295 = AXIS2_PLACEMENT_3D ( 'NONE', #604, #1572, #4216 ) ;
#1296 = FACE_OUTER_BOUND ( 'NONE', #5105, .T. ) ;
#1297 = DIRECTION ( 'NONE',  ( 0.000000000000000000, 0.000000000000000000, 1.000000000000000000 ) ) ;
#1298 = EDGE_LOOP ( 'NONE', ( #2467, #980, #2171, #5908 ) ) ;
#1299 = CARTESIAN_POINT ( 'NONE',  ( 9.949999999999999289, 7.000000000000000000, -1.124999999999999334 ) ) ;
#1300 = ORIENTED_EDGE ( 'NONE', *, *, #4192, .F. ) ;
#1301 = EDGE_CURVE ( 'NONE', #900, #824, #4442, .T. ) ;
#1302 = DIRECTION ( 'NONE',  ( -0.000000000000000000, -1.000000000000000000, -0.000000000000000000 ) ) ;
#1303 = AXIS2_PLACEMENT_3D ( 'NONE', #1518, #3811, #1997 ) ;
#1304 = AXIS2_PLACEMENT_3D ( 'NONE', #4652, #2854, #1534 ) ;
#1305 = DIRECTION ( 'NONE',  ( 1.239088197126292247E-15, -0.000000000000000000, -1.000000000000000000 ) ) ;
#1306 =( LENGTH_UNIT ( ) NAMED_UNIT ( * ) SI_UNIT ( .MILLI., .METRE. ) );
#1307 = AXIS2_PLACEMENT_3D ( 'NONE', #3584, #2721, #4919 ) ;
#1308 = ORIENTED_EDGE ( 'NONE', *, *, #4221, .T. ) ;
#1309 = DIRECTION ( 'NONE',  ( 1.000000000000000000, -0.000000000000000000, -6.033820786006286703E-16 ) ) ;
#1310 = ORIENTED_EDGE ( 'NONE', *, *, #3424, .F. ) ;
#1311 = VERTEX_POINT ( 'NONE', #4081 ) ;
#1312 = CARTESIAN_POINT ( 'NONE',  ( -1.750000000000000666, 6.497705265805025832, -1.649999999999999911 ) ) ;
#1313 = PLANE ( 'NONE',  #2505 ) ;
#1314 = PLANE ( 'NONE',  #1815 ) ;
#1315 = DIRECTION ( 'NONE',  ( -1.000000000000000000, 0.000000000000000000, -0.000000000000000000 ) ) ;
#1316 = CARTESIAN_POINT ( 'NONE',  ( 2.710808929720138316, 6.800000000000000711, 0.000000000000000000 ) ) ;
#1317 = VERTEX_POINT ( 'NONE', #3639 ) ;
#1318 = DIRECTION ( 'NONE',  ( 0.000000000000000000, 0.9542726683898372642, 0.2989375760324215481 ) ) ;
#1319 = ORIENTED_EDGE ( 'NONE', *, *, #314, .T. ) ;
#1320 = DIRECTION ( 'NONE',  ( 0.000000000000000000, 0.000000000000000000, -1.000000000000000000 ) ) ;
#1321 = ADVANCED_FACE ( 'NONE', ( #5473 ), #2220, .T. ) ;
#1322 = VECTOR ( 'NONE', #4639, 1000.000000000000114 ) ;
#1323 = CARTESIAN_POINT ( 'NONE',  ( 6.849999999999999645, 0.8000000000000000444, -2.349999999999999645 ) ) ;
#1324 = EDGE_CURVE ( 'NONE', #3306, #4773, #3163, .T. ) ;
#1325 = PLANE ( 'NONE',  #403 ) ;
#1326 = VERTEX_POINT ( 'NONE', #427 ) ;
#1327 = DIRECTION ( 'NONE',  ( 0.000000000000000000, 0.000000000000000000, 1.000000000000000000 ) ) ;
#1328 = EDGE_LOOP ( 'NONE', ( #1184, #1712, #4548, #1687, #388, #1907, #3072, #389, #4528, #4443, #5482, #1641, #2554, #2787, #4091, #4072 ) ) ;
#1329 = DIRECTION ( 'NONE',  ( 1.000000000000000000, -0.000000000000000000, 6.033820786006285717E-16 ) ) ;
#1330 = CIRCLE ( 'NONE', #444, 0.09999999999999999167 ) ;
#1331 = FACE_OUTER_BOUND ( 'NONE', #253, .T. ) ;
#1332 = ADVANCED_FACE ( 'NONE', ( #890 ), #3133, .T. ) ;
#1333 = PRESENTATION_STYLE_ASSIGNMENT (( #3088 ) ) ;
#1334 = VECTOR ( 'NONE', #4891, 1000.000000000000000 ) ;
#1335 = ORIENTED_EDGE ( 'NONE', *, *, #5746, .T. ) ;
#1336 = LINE ( 'NONE', #4071, #2279 ) ;
#1337 = ORIENTED_EDGE ( 'NONE', *, *, #984, .T. ) ;
#1338 = DIRECTION ( 'NONE',  ( 1.000000000000000000, -0.000000000000000000, -6.033820786006286703E-16 ) ) ;
#1339 = VECTOR ( 'NONE', #2333, 1000.000000000000000 ) ;
#1340 = DIRECTION ( 'NONE',  ( 1.000000000000000000, 0.000000000000000000, -6.033820786006286703E-16 ) ) ;
#1341 = CARTESIAN_POINT ( 'NONE',  ( -0.3200000000000008393, -1.729893757603242044, -0.004572733161116710951 ) ) ;
#1342 = ORIENTED_EDGE ( 'NONE', *, *, #1803, .F. ) ;
#1343 = CARTESIAN_POINT ( 'NONE',  ( 3.149999999999996358, 0.000000000000000000, 3.399999999999993250 ) ) ;
#1344 = DIRECTION ( 'NONE',  ( -0.000000000000000000, 0.000000000000000000, -1.000000000000000000 ) ) ;
#1345 = VECTOR ( 'NONE', #3059, 1000.000000000000000 ) ;
#1346 = CARTESIAN_POINT ( 'NONE',  ( 0.000000000000000000, 3.999999999999998224, 5.969556544854365931 ) ) ;
#1347 = VECTOR ( 'NONE', #1784, 1000.000000000000000 ) ;
#1348 = VERTEX_POINT ( 'NONE', #5848 ) ;
#1349 = LINE ( 'NONE', #429, #5869 ) ;
#1350 = ORIENTED_EDGE ( 'NONE', *, *, #5979, .T. ) ;
#1351 = LINE ( 'NONE', #3204, #4683 ) ;
#1352 = VECTOR ( 'NONE', #3229, 1000.000000000000227 ) ;
#1353 = CARTESIAN_POINT ( 'NONE',  ( -0.6499999999999978018, 7.000000000000000000, -2.350000000000000089 ) ) ;
#1354 = LINE ( 'NONE', #5049, #306 ) ;
#1355 = ORIENTED_EDGE ( 'NONE', *, *, #397, .F. ) ;
#1356 = DIRECTION ( 'NONE',  ( -0.9396926207859092051, 0.3420201433256665480, 5.669936867754741490E-16 ) ) ;
#1357 = VECTOR ( 'NONE', #2086, 1000.000000000000000 ) ;
#1358 = ORIENTED_EDGE ( 'NONE', *, *, #2579, .F. ) ;
#1359 = DIRECTION ( 'NONE',  ( 0.000000000000000000, 0.000000000000000000, -1.000000000000000000 ) ) ;
#1360 = LINE ( 'NONE', #994, #5098 ) ;
#1361 = ORIENTED_EDGE ( 'NONE', *, *, #314, .F. ) ;
#1362 = DIRECTION ( 'NONE',  ( -0.000000000000000000, 1.000000000000000000, -0.000000000000000000 ) ) ;
#1363 = EDGE_CURVE ( 'NONE', #1941, #2377, #4026, .T. ) ;
#1364 = ADVANCED_FACE ( 'NONE', ( #1289 ), #398, .F. ) ;
#1365 = ORIENTED_EDGE ( 'NONE', *, *, #5815, .T. ) ;
#1366 = ORIENTED_EDGE ( 'NONE', *, *, #4953, .T. ) ;
#1367 = ORIENTED_EDGE ( 'NONE', *, *, #1363, .F. ) ;
#1368 = EDGE_CURVE ( 'NONE', #2373, #4991, #4470, .T. ) ;
#1369 = EDGE_CURVE ( 'NONE', #4064, #1212, #2188, .T. ) ;
#1370 = CYLINDRICAL_SURFACE ( 'NONE', #1589, 0.7400000000000017675 ) ;
#1371 = DIRECTION ( 'NONE',  ( -1.000000000000000000, 0.000000000000000000, -0.000000000000000000 ) ) ;
#1372 = ORIENTED_EDGE ( 'NONE', *, *, #4706, .T. ) ;
#1373 = FACE_OUTER_BOUND ( 'NONE', #5428, .T. ) ;
#1374 = FACE_OUTER_BOUND ( 'NONE', #799, .T. ) ;
#1375 = ADVANCED_FACE ( 'NONE', ( #831 ), #2661, .F. ) ;
#1376 = CARTESIAN_POINT ( 'NONE',  ( 0.3199999999999991185, -0.5798937576032422436, 0.3245727331609178368 ) ) ;
#1377 = ORIENTED_EDGE ( 'NONE', *, *, #2109, .T. ) ;
#1378 = CARTESIAN_POINT ( 'NONE',  ( -2.449999999999997513, 7.000000000000000000, -1.124999999999999334 ) ) ;
#1379 = ORIENTED_EDGE ( 'NONE', *, *, #506, .F. ) ;
#1380 = PLANE ( 'NONE',  #2575 ) ;
#1381 = CARTESIAN_POINT ( 'NONE',  ( 5.222244187496459134, -3.368581887473915959, -0.2222441874964926345 ) ) ;
#1382 = CARTESIAN_POINT ( 'NONE',  ( 0.000000000000000000, 1.200000000000000622, 0.3200000000000000067 ) ) ;
#1383 = ORIENTED_EDGE ( 'NONE', *, *, #168, .F. ) ;
#1384 = PLANE ( 'NONE',  #5499 ) ;
#1385 = ORIENTED_EDGE ( 'NONE', *, *, #5712, .T. ) ;
#1386 = DIRECTION ( 'NONE',  ( 1.000000000000000000, -9.719144400335248719E-48, -6.033820786006286703E-16 ) ) ;
#1387 = AXIS2_PLACEMENT_3D ( 'NONE', #2103, #3587, #2723 ) ;
#1388 = DIRECTION ( 'NONE',  ( 1.239088197126292247E-15, -0.000000000000000000, -1.000000000000000000 ) ) ;
#1389 = VECTOR ( 'NONE', #1026, 1000.000000000000000 ) ;
#1390 = PLANE ( 'NONE',  #2499 ) ;
#1391 = ORIENTED_EDGE ( 'NONE', *, *, #2857, .F. ) ;
#1392 = LINE ( 'NONE', #3714, #747 ) ;
#1393 = VECTOR ( 'NONE', #1705, 1000.000000000000000 ) ;
#1394 = VERTEX_POINT ( 'NONE', #4056 ) ;
#1395 = ORIENTED_EDGE ( 'NONE', *, *, #3025, .F. ) ;
#1396 = FACE_BOUND ( 'NONE', #3345, .T. ) ;
#1397 = CARTESIAN_POINT ( 'NONE',  ( 0.3199999999999991185, -1.699999999999999956, -0.1000000000000999811 ) ) ;
#1398 = AXIS2_PLACEMENT_3D ( 'NONE', #3335, #553, #124 ) ;
#1399 = DIRECTION ( 'NONE',  ( 0.3236155771181820073, -0.8891264907159902586, -0.3236155771181816743 ) ) ;
#1400 = ORIENTED_EDGE ( 'NONE', *, *, #5488, .T. ) ;
#1401 = ADVANCED_FACE ( 'NONE', ( #5907 ), #3614, .F. ) ;
#1402 =( LENGTH_UNIT ( ) NAMED_UNIT ( * ) SI_UNIT ( .MILLI., .METRE. ) );
#1403 = DIRECTION ( 'NONE',  ( 1.000000000000000000, 0.000000000000000000, -8.470329472543005856E-17 ) ) ;
#1404 = DIRECTION ( 'NONE',  ( 0.000000000000000000, 0.000000000000000000, 1.000000000000000000 ) ) ;
#1405 = EDGE_LOOP ( 'NONE', ( #3845, #4715, #3833, #4892 ) ) ;
#1406 = PLANE ( 'NONE',  #5567 ) ;
#1407 = ORIENTED_EDGE ( 'NONE', *, *, #5713, .F. ) ;
#1408 = CARTESIAN_POINT ( 'NONE',  ( -1.749999999999999778, 5.250000000000000888, -0.6249999999999991118 ) ) ;
#1409 = LINE ( 'NONE', #957, #2892 ) ;
#1410 = FILL_AREA_STYLE ('',( #3342 ) ) ;
#1411 = ORIENTED_EDGE ( 'NONE', *, *, #2055, .F. ) ;
#1412 = DIRECTION ( 'NONE',  ( 1.000000000000000000, -0.000000000000000000, 6.033820786006285717E-16 ) ) ;
#1413 = EDGE_LOOP ( 'NONE', ( #5239, #4963, #1061, #2068, #2984 ) ) ;
#1414 = DIRECTION ( 'NONE',  ( -0.3236155771181817853, -0.8891264907159904807, 0.3236155771181817298 ) ) ;
#1415 = CARTESIAN_POINT ( 'NONE',  ( 0.6499999999999978018, 6.497705265805027608, -1.649999999999999911 ) ) ;
#1416 =( NAMED_UNIT ( * ) SI_UNIT ( $, .STERADIAN. ) SOLID_ANGLE_UNIT ( ) );
#1417 = PRODUCT_CONTEXT ( 'NONE', #2065, 'mechanical' ) ;
#1418 = ORIENTED_EDGE ( 'NONE', *, *, #5743, .T. ) ;
#1419 = DIRECTION ( 'NONE',  ( 1.508455196501571429E-16, 0.000000000000000000, 1.000000000000000000 ) ) ;
#1420 = VECTOR ( 'NONE', #432, 1000.000000000000000 ) ;
#1421 = ORIENTED_EDGE ( 'NONE', *, *, #3876, .T. ) ;
#1422 = ORIENTED_EDGE ( 'NONE', *, *, #2026, .F. ) ;
#1423 = FACE_BOUND ( 'NONE', #1405, .T. ) ;
#1424 = EDGE_CURVE ( 'NONE', #1122, #3834, #979, .T. ) ;
#1425 = PLANE ( 'NONE',  #5726 ) ;
#1426 = VECTOR ( 'NONE', #5395, 1000.000000000000000 ) ;
#1427 = DIRECTION ( 'NONE',  ( -0.000000000000000000, 1.000000000000000000, -0.000000000000000000 ) ) ;
#1428 = AXIS2_PLACEMENT_3D ( 'NONE', #1672, #269, #4433 ) ;
#1429 = ORIENTED_EDGE ( 'NONE', *, *, #4486, .T. ) ;
#1430 = VECTOR ( 'NONE', #4251, 1000.000000000000000 ) ;
#1431 = DIRECTION ( 'NONE',  ( -1.000000000000000000, -0.000000000000000000, 1.474684361169737143E-13 ) ) ;
#1432 = EDGE_CURVE ( 'NONE', #4773, #605, #1888, .T. ) ;
#1433 = ADVANCED_FACE ( 'NONE', ( #4342 ), #672, .F. ) ;
#1434 = EDGE_CURVE ( 'NONE', #5782, #3461, #5, .T. ) ;
#1435 = CARTESIAN_POINT ( 'NONE',  ( 7.179999999999997051, 1.200000000000000622, -0.3200000000000000622 ) ) ;
#1436 = AXIS2_PLACEMENT_3D ( 'NONE', #5846, #3222, #5902 ) ;
#1437 = CARTESIAN_POINT ( 'NONE',  ( -0.6500000000000055733, 0.8000000000000000444, 3.399999999999993250 ) ) ;
#1438 = EDGE_LOOP ( 'NONE', ( #2262, #1210, #4027, #2329 ) ) ;
#1439 = CARTESIAN_POINT ( 'NONE',  ( 4.679999999999998828, -4.305096679918778868, 0.3199999999999528222 ) ) ;
#1440 = EDGE_CURVE ( 'NONE', #754, #4723, #4642, .T. ) ;
#1441 = ADVANCED_FACE ( 'NONE', ( #2033 ), #3697, .F. ) ;
#1442 = ORIENTED_EDGE ( 'NONE', *, *, #5604, .T. ) ;
#1443 = CARTESIAN_POINT ( 'NONE',  ( -1.749999999999999778, 0.000000000000000000, 2.699999999999999734 ) ) ;
#1444 = EDGE_CURVE ( 'NONE', #543, #2257, #5599, .T. ) ;
#1445 = MECHANICAL_DESIGN_GEOMETRIC_PRESENTATION_REPRESENTATION (  '', ( #1828 ), #1929 ) ;
#1446 = CARTESIAN_POINT ( 'NONE',  ( 9.250000000000000000, 1.200000000000000400, -1.124999999999997780 ) ) ;
#1447 = ORIENTED_EDGE ( 'NONE', *, *, #5638, .F. ) ;
#1448 = CARTESIAN_POINT ( 'NONE',  ( -0.6500000000000055733, 0.8000000000000000444, -1.649999999999999911 ) ) ;
#1449 = ORIENTED_EDGE ( 'NONE', *, *, #770, .T. ) ;
#1450 = DIRECTION ( 'NONE',  ( -0.000000000000000000, -1.000000000000000000, -0.000000000000000000 ) ) ;
#1451 = DIRECTION ( 'NONE',  ( 0.000000000000000000, -0.9542726683898373752, -0.2989375760324212150 ) ) ;
#1452 = AXIS2_PLACEMENT_3D ( 'NONE', #2042, #2914, #4321 ) ;
#1453 = FILL_AREA_STYLE ('',( #5580 ) ) ;
#1454 = PLANE ( 'NONE',  #667 ) ;
#1455 = AXIS2_PLACEMENT_3D ( 'NONE', #516, #4700, #1916 ) ;
#1456 = ORIENTED_EDGE ( 'NONE', *, *, #611, .F. ) ;
#1457 = CARTESIAN_POINT ( 'NONE',  ( 7.655218880774187440, -3.552732404225375618, 0.1552188807740906284 ) ) ;
#1458 = ORIENTED_EDGE ( 'NONE', *, *, #1225, .F. ) ;
#1459 = ORIENTED_EDGE ( 'NONE', *, *, #1922, .T. ) ;
#1460 = ORIENTED_EDGE ( 'NONE', *, *, #3938, .F. ) ;
#1461 = CARTESIAN_POINT ( 'NONE',  ( 9.250000000000000000, 6.497705265805027608, 3.688779805238038773E-15 ) ) ;
#1462 = DIRECTION ( 'NONE',  ( -0.3236155771181767893, 0.8891264907159766029, 0.3236155771182244734 ) ) ;
#1463 = ORIENTED_EDGE ( 'NONE', *, *, #3066, .T. ) ;
#1464 = SURFACE_STYLE_FILL_AREA ( #518 ) ;
#1465 = EDGE_CURVE ( 'NONE', #1579, #2373, #920, .T. ) ;
#1466 = CARTESIAN_POINT ( 'NONE',  ( 7.179999999999998828, -2.849999999999999201, -0.3200000000001000378 ) ) ;
#1467 = ADVANCED_FACE ( 'NONE', ( #4614 ), #2514, .F. ) ;
#1468 = ADVANCED_FACE ( 'NONE', ( #1128 ), #5565, .T. ) ;
#1469 = VERTEX_POINT ( 'NONE', #4198 ) ;
#1470 = FACE_OUTER_BOUND ( 'NONE', #3759, .T. ) ;
#1471 = EDGE_CURVE ( 'NONE', #3391, #2081, #2752, .T. ) ;
#1472 = VERTEX_POINT ( 'NONE', #70 ) ;
#1473 = CARTESIAN_POINT ( 'NONE',  ( 6.850000000000000533, 7.000000000000000000, -2.350000000000000089 ) ) ;
#1474 = EDGE_CURVE ( 'NONE', #1994, #5617, #492, .T. ) ;
#1475 = CARTESIAN_POINT ( 'NONE',  ( 2.179999999999999272, -4.305096679918778868, -0.3199999999999528222 ) ) ;
#1476 = CARTESIAN_POINT ( 'NONE',  ( -1.600000000000000089, 0.000000000000000000, 2.000000000000000000 ) ) ;
#1477 = ORIENTED_EDGE ( 'NONE', *, *, #1324, .F. ) ;
#1478 = DIRECTION ( 'NONE',  ( -0.000000000000000000, -0.000000000000000000, -1.000000000000000000 ) ) ;
#1479 = EDGE_CURVE ( 'NONE', #1948, #1326, #3392, .T. ) ;
#1480 = EDGE_LOOP ( 'NONE', ( #3027, #743, #225, #633 ) ) ;
#1481 = CARTESIAN_POINT ( 'NONE',  ( 9.949999999999999289, 4.750000000000000888, -0.6249999999999991118 ) ) ;
#1482 = EDGE_CURVE ( 'NONE', #3715, #893, #4581, .T. ) ;
#1483 = VECTOR ( 'NONE', #2316, 1000.000000000000000 ) ;
#1484 = CARTESIAN_POINT ( 'NONE',  ( 8.149999999999998579, 0.8000000000000000444, 2.699999999999999734 ) ) ;
#1485 = CARTESIAN_POINT ( 'NONE',  ( 0.000000000000000000, 7.000000000000000000, 0.000000000000000000 ) ) ;
#1486 = EDGE_LOOP ( 'NONE', ( #723, #1978, #4005, #1494 ) ) ;
#1487 = DIRECTION ( 'NONE',  ( -0.000000000000000000, 1.000000000000000000, -0.000000000000000000 ) ) ;
#1488 = EDGE_CURVE ( 'NONE', #284, #401, #2305, .T. ) ;
#1489 = VERTEX_POINT ( 'NONE', #3897 ) ;
#1490 = EDGE_LOOP ( 'NONE', ( #4314, #1477, #1876, #1083 ) ) ;
#1491 = PLANE ( 'NONE',  #656 ) ;
#1492 = LINE ( 'NONE', #2746, #718 ) ;
#1493 = LINE ( 'NONE', #4191, #1556 ) ;
#1494 = ORIENTED_EDGE ( 'NONE', *, *, #1424, .F. ) ;
#1495 = AXIS2_PLACEMENT_3D ( 'NONE', #5421, #1770, #3554 ) ;
#1496 = LINE ( 'NONE', #3783, #2973 ) ;
#1497 = DIRECTION ( 'NONE',  ( 0.000000000000000000, 0.000000000000000000, -1.000000000000000000 ) ) ;
#1498 = VECTOR ( 'NONE', #2688, 1000.000000000000000 ) ;
#1499 = EDGE_LOOP ( 'NONE', ( #1788, #2106, #4217, #3106, #217 ) ) ;
#1500 = CARTESIAN_POINT ( 'NONE',  ( 0.6499999999999952482, 0.8000000000000000444, 2.699999999999999734 ) ) ;
#1501 = ORIENTED_EDGE ( 'NONE', *, *, #3383, .T. ) ;
#1502 = DIRECTION ( 'NONE',  ( 6.033820786006285717E-16, 0.000000000000000000, 1.000000000000000000 ) ) ;
#1503 = CARTESIAN_POINT ( 'NONE',  ( 2.289191070279859908, 6.800000000000000711, 0.2108089297200920753 ) ) ;
#1504 = DIRECTION ( 'NONE',  ( 6.033820786006285717E-16, 0.000000000000000000, 1.000000000000000000 ) ) ;
#1505 = ORIENTED_EDGE ( 'NONE', *, *, #5260, .T. ) ;
#1506 = DIRECTION ( 'NONE',  ( 0.000000000000000000, -0.000000000000000000, -1.000000000000000000 ) ) ;
#1507 = ORIENTED_EDGE ( 'NONE', *, *, #2719, .T. ) ;
#1508 = DIRECTION ( 'NONE',  ( 0.000000000000000000, 0.000000000000000000, -1.000000000000000000 ) ) ;
#1509 = EDGE_CURVE ( 'NONE', #3528, #5634, #1607, .T. ) ;
#1510 = LINE ( 'NONE', #2989, #4705 ) ;
#1511 = DIRECTION ( 'NONE',  ( 1.000000000000000000, -0.000000000000000000, -6.033820786006286703E-16 ) ) ;
#1512 = VERTEX_POINT ( 'NONE', #459 ) ;
#1513 = PLANE ( 'NONE',  #1199 ) ;
#1514 = ORIENTED_EDGE ( 'NONE', *, *, #4287, .T. ) ;
#1515 = VERTEX_POINT ( 'NONE', #1857 ) ;
#1516 = DIRECTION ( 'NONE',  ( 6.033820786006285717E-16, 0.000000000000000000, 1.000000000000000000 ) ) ;
#1517 = EDGE_CURVE ( 'NONE', #2732, #196, #3726, .T. ) ;
#1518 = CARTESIAN_POINT ( 'NONE',  ( -2.500000000000000000, 6.800000000000000711, 0.2108089297200924916 ) ) ;
#1519 = CARTESIAN_POINT ( 'NONE',  ( 5.649999999999997691, 0.8000000000000000444, -2.350000000000000089 ) ) ;
#1520 = VECTOR ( 'NONE', #4914, 1000.000000000000114 ) ;
#1521 = ORIENTED_EDGE ( 'NONE', *, *, #1488, .F. ) ;
#1522 = VECTOR ( 'NONE', #2741, 1000.000000000000000 ) ;
#1523 = LINE ( 'NONE', #2905, #39 ) ;
#1524 = VECTOR ( 'NONE', #4927, 1000.000000000000000 ) ;
#1525 = VECTOR ( 'NONE', #226, 1000.000000000000000 ) ;
#1526 = ORIENTED_EDGE ( 'NONE', *, *, #5925, .F. ) ;
#1527 = LINE ( 'NONE', #4678, #1913 ) ;
#1528 = ORIENTED_EDGE ( 'NONE', *, *, #245, .T. ) ;
#1529 = DIRECTION ( 'NONE',  ( 0.9396926207859096492, -0.3420201433256652157, 5.669936867754743462E-16 ) ) ;
#1530 = CLOSED_SHELL ( 'NONE', ( #4799, #4817, #925, #2952, #3018, #5001, #4220, #1833, #3901, #1551, #3718, #986, #4051, #778 ) ) ;
#1531 = VECTOR ( 'NONE', #3667, 1000.000000000000000 ) ;
#1532 = CARTESIAN_POINT ( 'NONE',  ( 1.849999999999996536, 0.8000000000000000444, 2.699999999999999734 ) ) ;
#1533 = ORIENTED_EDGE ( 'NONE', *, *, #5788, .T. ) ;
#1534 = DIRECTION ( 'NONE',  ( 5.421010862427526114E-16, 0.000000000000000000, -1.000000000000000000 ) ) ;
#1535 = ORIENTED_EDGE ( 'NONE', *, *, #4846, .T. ) ;
#1536 = FACE_OUTER_BOUND ( 'NONE', #5522, .T. ) ;
#1537 = FACE_OUTER_BOUND ( 'NONE', #4058, .T. ) ;
#1538 = DIRECTION ( 'NONE',  ( -1.000000000000000000, -0.000000000000000000, -0.000000000000000000 ) ) ;
#1539 = EDGE_CURVE ( 'NONE', #3179, #2808, #5860, .T. ) ;
#1540 = ORIENTED_EDGE ( 'NONE', *, *, #3322, .F. ) ;
#1541 = CARTESIAN_POINT ( 'NONE',  ( 7.179999999999998828, -1.699999999999999956, -0.1000000000000999811 ) ) ;
#1542 = VECTOR ( 'NONE', #1632, 1000.000000000000000 ) ;
#1543 = VECTOR ( 'NONE', #5804, 999.9999999999998863 ) ;
#1544 = ORIENTED_EDGE ( 'NONE', *, *, #2899, .T. ) ;
#1545 = EDGE_LOOP ( 'NONE', ( #5319, #576, #1992, #3625 ) ) ;
#1546 = EDGE_CURVE ( 'NONE', #4520, #4446, #825, .T. ) ;
#1547 = CARTESIAN_POINT ( 'NONE',  ( 9.949999999999999289, 0.000000000000000000, -2.350000000000000089 ) ) ;
#1548 = VECTOR ( 'NONE', #1716, 1000.000000000000000 ) ;
#1549 = CARTESIAN_POINT ( 'NONE',  ( 7.819999999999998508, 1.200000000000000622, 0.3200000000000000067 ) ) ;
#1550 = LINE ( 'NONE', #4279, #2127 ) ;
#1551 = ADVANCED_FACE ( 'NONE', ( #3573 ), #3957, .F. ) ;
#1552 = ORIENTED_EDGE ( 'NONE', *, *, #807, .F. ) ;
#1553 = CARTESIAN_POINT ( 'NONE',  ( 7.179999999999998828, -0.5500000000000000444, 0.3199999999999015854 ) ) ;
#1554 = DIRECTION ( 'NONE',  ( 1.993935029858399390E-16, 0.000000000000000000, 1.000000000000000000 ) ) ;
#1555 = EDGE_CURVE ( 'NONE', #3461, #5169, #4883, .T. ) ;
#1556 = VECTOR ( 'NONE', #1399, 1000.000000000000227 ) ;
#1557 = CARTESIAN_POINT ( 'NONE',  ( 3.149999999999996358, 0.000000000000000000, -1.649999999999999911 ) ) ;
#1558 = ORIENTED_EDGE ( 'NONE', *, *, #4989, .F. ) ;
#1559 = CARTESIAN_POINT ( 'NONE',  ( -1.749999999999999778, 0.5000000000000000000, 2.699999999999999734 ) ) ;
#1560 = EDGE_CURVE ( 'NONE', #4742, #3797, #5411, .T. ) ;
#1561 = VERTEX_POINT ( 'NONE', #3121 ) ;
#1562 = DIRECTION ( 'NONE',  ( -1.000000000000000000, 0.000000000000000000, -1.239088197126292444E-15 ) ) ;
#1563 = DIRECTION ( 'NONE',  ( 0.000000000000000000, 0.000000000000000000, -1.000000000000000000 ) ) ;
#1564 = PLANE ( 'NONE',  #409 ) ;
#1565 = ORIENTED_EDGE ( 'NONE', *, *, #3793, .F. ) ;
#1566 = PLANE ( 'NONE',  #4053 ) ;
#1567 = ORIENTED_EDGE ( 'NONE', *, *, #4469, .F. ) ;
#1568 = DIRECTION ( 'NONE',  ( 0.000000000000000000, -0.000000000000000000, -1.000000000000000000 ) ) ;
#1569 = FACE_OUTER_BOUND ( 'NONE', #3409, .T. ) ;
#1570 = DIRECTION ( 'NONE',  ( -0.000000000000000000, 1.000000000000000000, -0.000000000000000000 ) ) ;
#1571 = ORIENTED_EDGE ( 'NONE', *, *, #836, .F. ) ;
#1572 = DIRECTION ( 'NONE',  ( -1.000000000000000000, 0.000000000000000000, -6.033820786006286703E-16 ) ) ;
#1573 = ORIENTED_EDGE ( 'NONE', *, *, #3169, .T. ) ;
#1574 = ORIENTED_EDGE ( 'NONE', *, *, #37, .T. ) ;
#1575 = CARTESIAN_POINT ( 'NONE',  ( 5.210808929720138316, -3.399999999999999911, 0.2108089297200920198 ) ) ;
#1576 = EDGE_CURVE ( 'NONE', #3466, #4789, #2651, .T. ) ;
#1577 = DIRECTION ( 'NONE',  ( 1.993935029858399143E-16, 0.000000000000000000, 1.000000000000000000 ) ) ;
#1578 = DIRECTION ( 'NONE',  ( -1.000000000000000000, 0.000000000000000000, -6.033820786006286703E-16 ) ) ;
#1579 = VERTEX_POINT ( 'NONE', #4371 ) ;
#1580 = DIRECTION ( 'NONE',  ( 1.000000000000000000, 0.000000000000000000, 0.000000000000000000 ) ) ;
#1581 = CARTESIAN_POINT ( 'NONE',  ( 3.149999999999996358, 0.8000000000000000444, -2.350000000000000089 ) ) ;
#1582 = DIRECTION ( 'NONE',  ( 1.084202172485503961E-14, 0.000000000000000000, -1.000000000000000000 ) ) ;
#1583 = VECTOR ( 'NONE', #3733, 1000.000000000000000 ) ;
#1584 = ADVANCED_FACE ( 'NONE', ( #4823 ), #2150, .F. ) ;
#1585 = EDGE_CURVE ( 'NONE', #1182, #2566, #5778, .T. ) ;
#1586 = ORIENTED_EDGE ( 'NONE', *, *, #5004, .F. ) ;
#1587 = FACE_OUTER_BOUND ( 'NONE', #5884, .T. ) ;
#1588 = ORIENTED_EDGE ( 'NONE', *, *, #2531, .T. ) ;
#1589 = AXIS2_PLACEMENT_3D ( 'NONE', #1397, #514, #3664 ) ;
#1590 = DIRECTION ( 'NONE',  ( -0.000000000000000000, -0.000000000000000000, -1.000000000000000000 ) ) ;
#1591 = LINE ( 'NONE', #1532, #675 ) ;
#1592 = AXIS2_PLACEMENT_3D ( 'NONE', #276, #5903, #2694 ) ;
#1593 = FACE_OUTER_BOUND ( 'NONE', #5622, .T. ) ;
#1594 = ORIENTED_EDGE ( 'NONE', *, *, #1989, .T. ) ;
#1595 = DIRECTION ( 'NONE',  ( 1.239088197126292247E-15, -0.000000000000000000, -1.000000000000000000 ) ) ;
#1596 = ORIENTED_EDGE ( 'NONE', *, *, #2426, .F. ) ;
#1597 = CARTESIAN_POINT ( 'NONE',  ( 7.819999999999998508, -1.699999999999999956, -0.1000000000001003558 ) ) ;
#1598 = DIRECTION ( 'NONE',  ( -0.000000000000000000, -1.000000000000000000, -0.000000000000000000 ) ) ;
#1599 = ORIENTED_EDGE ( 'NONE', *, *, #1301, .T. ) ;
#1600 = CARTESIAN_POINT ( 'NONE',  ( 0.3199999999999991185, -1.670106242396757867, -0.004572733161116243443 ) ) ;
#1601 = ORIENTED_EDGE ( 'NONE', *, *, #802, .F. ) ;
#1602 = ORIENTED_EDGE ( 'NONE', *, *, #3586, .F. ) ;
#1603 = CARTESIAN_POINT ( 'NONE',  ( 1.849999999999996536, 0.000000000000000000, 2.699999999999999734 ) ) ;
#1604 = DIRECTION ( 'NONE',  ( 0.000000000000000000, 1.000000000000000000, 0.000000000000000000 ) ) ;
#1605 = CARTESIAN_POINT ( 'NONE',  ( 4.789191070279859908, 6.800000000000000711, 0.2108089297200920753 ) ) ;
#1606 = ORIENTED_EDGE ( 'NONE', *, *, #5419, .T. ) ;
#1607 = LINE ( 'NONE', #40, #2966 ) ;
#1608 = EDGE_CURVE ( 'NONE', #3041, #175, #4010, .T. ) ;
#1609 = CARTESIAN_POINT ( 'NONE',  ( 8.149999999999998579, 0.8000000000000000444, 2.699999999999994849 ) ) ;
#1610 = FACE_OUTER_BOUND ( 'NONE', #886, .T. ) ;
#1611 = CARTESIAN_POINT ( 'NONE',  ( 4.680000000000001492, 1.200000000000000622, 0.3200000000000000067 ) ) ;
#1612 = VECTOR ( 'NONE', #1419, 1000.000000000000000 ) ;
#1613 = ADVANCED_FACE ( 'NONE', ( #4941 ), #1190, .T. ) ;
#1614 = ORIENTED_EDGE ( 'NONE', *, *, #1910, .F. ) ;
#1615 = LINE ( 'NONE', #4380, #2969 ) ;
#1616 = VECTOR ( 'NONE', #2883, 1000.000000000000000 ) ;
#1617 = VERTEX_POINT ( 'NONE', #4912 ) ;
#1618 = CARTESIAN_POINT ( 'NONE',  ( 0.3199999999999991185, -2.820106242396757779, 0.3245727331609178368 ) ) ;
#1619 = PLANE ( 'NONE',  #479 ) ;
#1620 = VECTOR ( 'NONE', #4952, 1000.000000000000000 ) ;
#1621 = LINE ( 'NONE', #2523, #4263 ) ;
#1622 = ADVANCED_FACE ( 'NONE', ( #3033 ), #2598, .F. ) ;
#1623 = EDGE_CURVE ( 'NONE', #4384, #3242, #2542, .T. ) ;
#1624 = ORIENTED_EDGE ( 'NONE', *, *, #5374, .T. ) ;
#1625 = CARTESIAN_POINT ( 'NONE',  ( 0.3199999999999991185, -2.820106242396757779, 0.3245727331609178368 ) ) ;
#1626 = ORIENTED_EDGE ( 'NONE', *, *, #4985, .F. ) ;
#1627 = DIRECTION ( 'NONE',  ( -0.000000000000000000, -1.000000000000000000, -0.000000000000000000 ) ) ;
#1628 = EDGE_CURVE ( 'NONE', #5849, #509, #4855, .T. ) ;
#1629 = ADVANCED_FACE ( 'NONE', ( #241 ), #730, .F. ) ;
#1630 = MECHANICAL_DESIGN_GEOMETRIC_PRESENTATION_REPRESENTATION (  '', ( #3931 ), #3161 ) ;
#1631 = DIRECTION ( 'NONE',  ( -1.000000000000000000, -0.000000000000000000, -0.000000000000000000 ) ) ;
#1632 = DIRECTION ( 'NONE',  ( -1.000000000000000000, 0.000000000000000000, -6.033820786006286703E-16 ) ) ;
#1633 = ORIENTED_EDGE ( 'NONE', *, *, #4994, .T. ) ;
#1634 = LINE ( 'NONE', #3475, #875 ) ;
#1635 = ORIENTED_EDGE ( 'NONE', *, *, #3972, .T. ) ;
#1636 = PLANE ( 'NONE',  #5177 ) ;
#1637 = CARTESIAN_POINT ( 'NONE',  ( 6.849999999999999645, 0.5000000000000000000, -1.649999999999999911 ) ) ;
#1638 = VECTOR ( 'NONE', #4013, 1000.000000000000000 ) ;
#1639 = FACE_OUTER_BOUND ( 'NONE', #5811, .T. ) ;
#1640 = AXIS2_PLACEMENT_3D ( 'NONE', #2953, #2018, #5697 ) ;
#1641 = ORIENTED_EDGE ( 'NONE', *, *, #5303, .T. ) ;
#1642 = CARTESIAN_POINT ( 'NONE',  ( 0.000000000000000000, 3.999999999999998224, -2.350000000000000089 ) ) ;
#1643 = DIRECTION ( 'NONE',  ( 0.000000000000000000, 0.000000000000000000, -1.000000000000000000 ) ) ;
#1644 = DIRECTION ( 'NONE',  ( -1.000000000000000000, 0.000000000000000000, -0.000000000000000000 ) ) ;
#1645 = CARTESIAN_POINT ( 'NONE',  ( 0.3199999999999991185, -0.5500000000000000444, -0.3200000000000999267 ) ) ;
#1646 = VECTOR ( 'NONE', #313, 1000.000000000000000 ) ;
#1647 = EDGE_CURVE ( 'NONE', #5538, #1348, #5064, .T. ) ;
#1648 = VECTOR ( 'NONE', #3332, 1000.000000000000000 ) ;
#1649 = ORIENTED_EDGE ( 'NONE', *, *, #4195, .T. ) ;
#1650 = DIRECTION ( 'NONE',  ( -0.000000000000000000, 0.000000000000000000, -1.000000000000000000 ) ) ;
#1651 = VERTEX_POINT ( 'NONE', #3985 ) ;
#1652 = FACE_OUTER_BOUND ( 'NONE', #4585, .T. ) ;
#1653 = EDGE_CURVE ( 'NONE', #145, #5031, #5379, .T. ) ;
#1654 = ADVANCED_FACE ( 'NONE', ( #5864 ), #1279, .T. ) ;
#1655 = CARTESIAN_POINT ( 'NONE',  ( 0.000000000000000000, 0.000000000000000000, -2.350000000000000089 ) ) ;
#1656 = VERTEX_POINT ( 'NONE', #481 ) ;
#1657 = DIRECTION ( 'NONE',  ( 0.000000000000000000, -1.000000000000000000, 0.000000000000000000 ) ) ;
#1658 = ORIENTED_EDGE ( 'NONE', *, *, #1842, .F. ) ;
#1659 = CARTESIAN_POINT ( 'NONE',  ( 0.000000000000000000, 0.000000000000000000, 3.399999999999999911 ) ) ;
#1660 = ADVANCED_FACE ( 'NONE', ( #2326 ), #3153, .F. ) ;
#1661 = CYLINDRICAL_SURFACE ( 'NONE', #5789, 0.6500000000000012434 ) ;
#1662 = EDGE_CURVE ( 'NONE', #5916, #2950, #2234, .T. ) ;
#1663 = CARTESIAN_POINT ( 'NONE',  ( 7.179999999999998828, -0.7712138062639923852, -0.2861617746085795000 ) ) ;
#1664 = VERTEX_POINT ( 'NONE', #3268 ) ;
#1665 = CARTESIAN_POINT ( 'NONE',  ( -2.449999999999997513, 5.250000000000000888, -0.6249999999999991118 ) ) ;
#1666 = ORIENTED_EDGE ( 'NONE', *, *, #5392, .T. ) ;
#1667 = CARTESIAN_POINT ( 'NONE',  ( 4.680000000000001492, 1.200000000000000622, -0.3200000000000000622 ) ) ;
#1668 = CARTESIAN_POINT ( 'NONE',  ( 7.179999999999998828, 6.800000000000000711, 0.3199999999999015854 ) ) ;
#1669 = EDGE_CURVE ( 'NONE', #5462, #2556, #5460, .T. ) ;
#1670 = FACE_OUTER_BOUND ( 'NONE', #3701, .T. ) ;
#1671 = VERTEX_POINT ( 'NONE', #4157 ) ;
#1672 = CARTESIAN_POINT ( 'NONE',  ( 4.349999999999997868, 0.8000000000000000444, -2.350000000000000089 ) ) ;
#1673 = CARTESIAN_POINT ( 'NONE',  ( 2.179999999999999272, 6.499999999999997335, 0.3199999999999528222 ) ) ;
#1674 = DIRECTION ( 'NONE',  ( 0.000000000000000000, 0.000000000000000000, 1.000000000000000000 ) ) ;
#1675 = AXIS2_PLACEMENT_3D ( 'NONE', #3593, #5944, #1297 ) ;
#1676 = CARTESIAN_POINT ( 'NONE',  ( 9.949999999999999289, 7.000000000000000000, -0.1249999999999992922 ) ) ;
#1677 = VECTOR ( 'NONE', #5966, 1000.000000000000000 ) ;
#1678 = ORIENTED_EDGE ( 'NONE', *, *, #5604, .F. ) ;
#1679 = LINE ( 'NONE', #4828, #353 ) ;
#1680 = ORIENTED_EDGE ( 'NONE', *, *, #2351, .F. ) ;
#1681 = LINE ( 'NONE', #5390, #5377 ) ;
#1682 = VECTOR ( 'NONE', #1904, 1000.000000000000000 ) ;
#1683 = DIRECTION ( 'NONE',  ( 1.000000000000000000, -0.000000000000000000, 0.000000000000000000 ) ) ;
#1684 = VECTOR ( 'NONE', #92, 1000.000000000000000 ) ;
#1685 = ORIENTED_EDGE ( 'NONE', *, *, #3965, .F. ) ;
#1686 = DIRECTION ( 'NONE',  ( 0.000000000000000000, -1.000000000000000000, 0.000000000000000000 ) ) ;
#1687 = ORIENTED_EDGE ( 'NONE', *, *, #2750, .T. ) ;
#1688 = LINE ( 'NONE', #3498, #2189 ) ;
#1689 = VECTOR ( 'NONE', #950, 1000.000000000000000 ) ;
#1690 = VECTOR ( 'NONE', #456, 1000.000000000000000 ) ;
#1691 = CARTESIAN_POINT ( 'NONE',  ( -1.750000000000000222, 6.497705265805025832, 3.489386302252199425E-16 ) ) ;
#1692 = CARTESIAN_POINT ( 'NONE',  ( 9.249999999999998224, 0.000000000000000000, 2.699999999999999734 ) ) ;
#1693 = ORIENTED_EDGE ( 'NONE', *, *, #2344, .T. ) ;
#1694 = CARTESIAN_POINT ( 'NONE',  ( 7.819999999999998508, -2.820106242396757779, 0.3245727331609173927 ) ) ;
#1695 = EDGE_CURVE ( 'NONE', #2233, #4259, #1336, .T. ) ;
#1696 = VERTEX_POINT ( 'NONE', #5436 ) ;
#1697 = FACE_OUTER_BOUND ( 'NONE', #1438, .T. ) ;
#1698 = CARTESIAN_POINT ( 'NONE',  ( 0.000000000000000000, 0.5000000000000000000, 0.3200000000000524092 ) ) ;
#1699 = CARTESIAN_POINT ( 'NONE',  ( 6.849999999999999645, 0.8000000000000000444, 2.699999999999994849 ) ) ;
#1700 = ORIENTED_EDGE ( 'NONE', *, *, #3997, .T. ) ;
#1701 = DIRECTION ( 'NONE',  ( -1.000000000000000000, -0.000000000000000000, -0.000000000000000000 ) ) ;
#1702 = EDGE_CURVE ( 'NONE', #4694, #3402, #2355, .T. ) ;
#1703 = CARTESIAN_POINT ( 'NONE',  ( 5.649999999999997691, 0.000000000000000000, 2.699999999999999734 ) ) ;
#1704 = CARTESIAN_POINT ( 'NONE',  ( -1.750000000000000666, 0.5000000000000000000, -1.649999999999999911 ) ) ;
#1705 = DIRECTION ( 'NONE',  ( -1.000000000000000000, 0.000000000000000000, 0.000000000000000000 ) ) ;
#1706 = ORIENTED_EDGE ( 'NONE', *, *, #1724, .F. ) ;
#1707 = CARTESIAN_POINT ( 'NONE',  ( 7.819999999999998508, -0.5500000000000000444, 0.3199999999999011968 ) ) ;
#1708 = DIRECTION ( 'NONE',  ( -6.033820786006284731E-16, 0.000000000000000000, -1.000000000000000000 ) ) ;
#1709 = AXIS2_PLACEMENT_3D ( 'NONE', #2563, #2083, #5830 ) ;
#1710 = CARTESIAN_POINT ( 'NONE',  ( 1.849999999999995648, 0.8000000000000000444, -1.649999999999999911 ) ) ;
#1711 = AXIS2_PLACEMENT_3D ( 'NONE', #5539, #4983, #4505 ) ;
#1712 = ORIENTED_EDGE ( 'NONE', *, *, #3938, .T. ) ;
#1713 = CARTESIAN_POINT ( 'NONE',  ( 8.150000000000000355, 6.500000000000000000, -2.350000000000000089 ) ) ;
#1714 = ORIENTED_EDGE ( 'NONE', *, *, #3348, .F. ) ;
#1715 = LINE ( 'NONE', #285, #3062 ) ;
#1716 = DIRECTION ( 'NONE',  ( -0.000000000000000000, -1.000000000000000000, -0.000000000000000000 ) ) ;
#1717 = AXIS2_PLACEMENT_3D ( 'NONE', #3414, #3891, #147 ) ;
#1718 = CARTESIAN_POINT ( 'NONE',  ( -1.600000000000000089, -1.225252258054540855, 2.500000000000000444 ) ) ;
#1719 = VERTEX_POINT ( 'NONE', #3686 ) ;
#1720 = LINE ( 'NONE', #2113, #1098 ) ;
#1721 = VERTEX_POINT ( 'NONE', #4127 ) ;
#1722 = VECTOR ( 'NONE', #4645, 1000.000000000000000 ) ;
#1723 = CARTESIAN_POINT ( 'NONE',  ( 6.849999999999998757, 0.8000000000000000444, 3.399999999999994138 ) ) ;
#1724 = EDGE_CURVE ( 'NONE', #4982, #139, #853, .T. ) ;
#1725 = CARTESIAN_POINT ( 'NONE',  ( 0.6499999999999952482, 0.8000000000000000444, -1.650000000000001021 ) ) ;
#1726 = DIRECTION ( 'NONE',  ( 1.000000000000000000, 0.000000000000000000, 0.000000000000000000 ) ) ;
#1727 = ORIENTED_EDGE ( 'NONE', *, *, #2807, .T. ) ;
#1728 = CARTESIAN_POINT ( 'NONE',  ( 9.250000000000000000, 5.250000000000000888, -0.6249999999999991118 ) ) ;
#1729 = EDGE_CURVE ( 'NONE', #3306, #3523, #443, .T. ) ;
#1730 = LINE ( 'NONE', #5326, #5977 ) ;
#1731 = CARTESIAN_POINT ( 'NONE',  ( 8.149999999999998579, 0.000000000000000000, -2.350000000000000089 ) ) ;
#1732 = CIRCLE ( 'NONE', #2884, 0.5000000000000004441 ) ;
#1733 = ADVANCED_FACE ( 'NONE', ( #5922 ), #5984, .F. ) ;
#1734 = EDGE_CURVE ( 'NONE', #401, #540, #1392, .T. ) ;
#1735 = VECTOR ( 'NONE', #1305, 1000.000000000000000 ) ;
#1736 = DIRECTION ( 'NONE',  ( -1.000000000000000000, 0.000000000000000000, 0.000000000000000000 ) ) ;
#1737 = FACE_OUTER_BOUND ( 'NONE', #4392, .T. ) ;
#1738 = ORIENTED_EDGE ( 'NONE', *, *, #668, .F. ) ;
#1739 = CARTESIAN_POINT ( 'NONE',  ( 9.949999999999999289, 7.000000000000000000, -2.350000000000000089 ) ) ;
#1740 = VECTOR ( 'NONE', #1270, 1000.000000000000000 ) ;
#1741 = CARTESIAN_POINT ( 'NONE',  ( 1.849999999999996536, 0.5000000000000000000, 2.699999999999999734 ) ) ;
#1742 = VECTOR ( 'NONE', #5123, 1000.000000000000000 ) ;
#1743 = EDGE_CURVE ( 'NONE', #3108, #3961, #2761, .T. ) ;
#1744 = DIRECTION ( 'NONE',  ( 0.000000000000000000, -0.9542726683898372642, 0.2989375760324214371 ) ) ;
#1745 = ORIENTED_EDGE ( 'NONE', *, *, #1294, .T. ) ;
#1746 = CARTESIAN_POINT ( 'NONE',  ( 2.180000000000006377, 0.000000000000000000, -0.3199999999999651457 ) ) ;
#1747 = ORIENTED_EDGE ( 'NONE', *, *, #3612, .T. ) ;
#1748 = CARTESIAN_POINT ( 'NONE',  ( 0.3199999999999999512, 6.499999999999997335, -0.3200000000001000378 ) ) ;
#1749 = PRODUCT_DEFINITION_FORMATION_WITH_SPECIFIED_SOURCE ( 'ANY', '', #4490, .NOT_KNOWN. ) ;
#1750 = LINE ( 'NONE', #4062, #1548 ) ;
#1751 = CARTESIAN_POINT ( 'NONE',  ( 4.679999999999998828, -3.399999999999999911, 0.2108089297200920753 ) ) ;
#1752 = ORIENTED_EDGE ( 'NONE', *, *, #1768, .T. ) ;
#1753 = DIRECTION ( 'NONE',  ( -0.000000000000000000, -0.000000000000000000, -1.000000000000000000 ) ) ;
#1754 = ORIENTED_EDGE ( 'NONE', *, *, #1091, .F. ) ;
#1755 = LINE ( 'NONE', #4067, #3349 ) ;
#1756 = DIRECTION ( 'NONE',  ( 0.000000000000000000, 1.000000000000000000, 0.000000000000000000 ) ) ;
#1757 = LINE ( 'NONE', #1699, #5311 ) ;
#1758 = ORIENTED_EDGE ( 'NONE', *, *, #3094, .T. ) ;
#1759 = DIRECTION ( 'NONE',  ( -7.959506100974068041E-17, -0.3420201433256653267, -0.9396926207859096492 ) ) ;
#1760 = EDGE_LOOP ( 'NONE', ( #2894, #4940, #5887, #5060 ) ) ;
#1761 = EDGE_CURVE ( 'NONE', #4951, #2647, #880, .T. ) ;
#1762 = ORIENTED_EDGE ( 'NONE', *, *, #3066, .F. ) ;
#1763 = LINE ( 'NONE', #4943, #5927 ) ;
#1764 = DIRECTION ( 'NONE',  ( 0.3236155771181827845, -0.8891264907159901476, 0.3236155771181818963 ) ) ;
#1765 = CARTESIAN_POINT ( 'NONE',  ( -0.3200000000000008393, -0.5500000000000000444, 0.4199999999999011746 ) ) ;
#1766 = EDGE_CURVE ( 'NONE', #3921, #468, #2263, .T. ) ;
#1767 = LINE ( 'NONE', #5470, #3140 ) ;
#1768 = EDGE_CURVE ( 'NONE', #5019, #100, #4518, .T. ) ;
#1769 = VECTOR ( 'NONE', #2197, 1000.000000000000000 ) ;
#1770 = DIRECTION ( 'NONE',  ( 0.000000000000000000, 1.000000000000000000, 0.000000000000000000 ) ) ;
#1771 = ORIENTED_EDGE ( 'NONE', *, *, #3313, .T. ) ;
#1772 = CARTESIAN_POINT ( 'NONE',  ( 5.319999999999996732, 0.5000000000000000000, 0.3200000000000000067 ) ) ;
#1773 = ORIENTED_EDGE ( 'NONE', *, *, #3585, .F. ) ;
#1774 = LINE ( 'NONE', #3168, #1420 ) ;
#1775 = VECTOR ( 'NONE', #2634, 1000.000000000000000 ) ;
#1776 = FACE_OUTER_BOUND ( 'NONE', #2461, .T. ) ;
#1777 = CARTESIAN_POINT ( 'NONE',  ( 8.000000000000000000, 6.499235051302434840, -1.650883222068729950 ) ) ;
#1778 = AXIS2_PLACEMENT_3D ( 'NONE', #4950, #1263, #3105 ) ;
#1779 = VERTEX_POINT ( 'NONE', #968 ) ;
#1780 = DIRECTION ( 'NONE',  ( 0.000000000000000000, 0.000000000000000000, 1.000000000000000000 ) ) ;
#1781 = ORIENTED_EDGE ( 'NONE', *, *, #4768, .T. ) ;
#1782 = LINE ( 'NONE', #505, #3662 ) ;
#1783 = AXIS2_PLACEMENT_3D ( 'NONE', #5228, #3873, #3899 ) ;
#1784 = DIRECTION ( 'NONE',  ( 0.000000000000000000, 0.000000000000000000, 1.000000000000000000 ) ) ;
#1785 = ORIENTED_EDGE ( 'NONE', *, *, #3220, .T. ) ;
#1786 = DIRECTION ( 'NONE',  ( 0.000000000000000000, 0.000000000000000000, -1.000000000000000000 ) ) ;
#1787 = ORIENTED_EDGE ( 'NONE', *, *, #3567, .T. ) ;
#1788 = ORIENTED_EDGE ( 'NONE', *, *, #1444, .T. ) ;
#1789 = DIRECTION ( 'NONE',  ( -0.000000000000000000, 1.445602896647339903E-16, 1.000000000000000000 ) ) ;
#1790 = LINE ( 'NONE', #4831, #4800 ) ;
#1791 = ORIENTED_EDGE ( 'NONE', *, *, #1608, .F. ) ;
#1792 = DIRECTION ( 'NONE',  ( -1.000000000000000000, -0.000000000000000000, -6.033820786006285717E-16 ) ) ;
#1793 = EDGE_CURVE ( 'NONE', #4020, #893, #5951, .T. ) ;
#1794 = DIRECTION ( 'NONE',  ( 0.000000000000000000, 1.000000000000000000, 0.000000000000000000 ) ) ;
#1795 = EDGE_CURVE ( 'NONE', #5289, #3804, #5029, .T. ) ;
#1796 = CARTESIAN_POINT ( 'NONE',  ( 7.819999999999998508, -3.099999999999996536, 0.4199999999999011746 ) ) ;
#1797 = VERTEX_POINT ( 'NONE', #2295 ) ;
#1798 = CARTESIAN_POINT ( 'NONE',  ( 0.3199999999999991185, -1.729893757603242044, -0.004572733161116269464 ) ) ;
#1799 = EDGE_CURVE ( 'NONE', #109, #4425, #941, .T. ) ;
#1800 = ORIENTED_EDGE ( 'NONE', *, *, #1809, .T. ) ;
#1801 = CARTESIAN_POINT ( 'NONE',  ( 9.250000000000000000, 1.200000000000000622, 3.688779805238038773E-15 ) ) ;
#1802 = ADVANCED_FACE ( 'NONE', ( #5059 ), #3382, .T. ) ;
#1803 = EDGE_CURVE ( 'NONE', #2756, #109, #2865, .T. ) ;
#1804 = LINE ( 'NONE', #5943, #4707 ) ;
#1805 = CARTESIAN_POINT ( 'NONE',  ( 8.000005851350969976, 6.498470124984673468, -1.650441591653261320 ) ) ;
#1806 = ORIENTED_EDGE ( 'NONE', *, *, #5797, .F. ) ;
#1807 = DIRECTION ( 'NONE',  ( -1.000000000000000000, 0.000000000000000000, -0.000000000000000000 ) ) ;
#1808 = VECTOR ( 'NONE', #1242, 1000.000000000000114 ) ;
#1809 = EDGE_CURVE ( 'NONE', #2713, #3503, #1966, .T. ) ;
#1810 = ORIENTED_EDGE ( 'NONE', *, *, #1793, .F. ) ;
#1811 = CYLINDRICAL_SURFACE ( 'NONE', #1928, 0.09999999999999993616 ) ;
#1812 = CIRCLE ( 'NONE', #5659, 0.7400000000000017675 ) ;
#1813 = CARTESIAN_POINT ( 'NONE',  ( 2.688731534135324619, 6.860657145849644145, 0.1887315341352781839 ) ) ;
#1814 = CARTESIAN_POINT ( 'NONE',  ( 0.3200000000000129963, 0.000000000000000000, 0.3200000000000524092 ) ) ;
#1815 = AXIS2_PLACEMENT_3D ( 'NONE', #4498, #3101, #332 ) ;
#1816 = ORIENTED_EDGE ( 'NONE', *, *, #5709, .F. ) ;
#1817 = DIRECTION ( 'NONE',  ( -1.000000000000000000, 0.000000000000000000, 0.000000000000000000 ) ) ;
#1818 = ORIENTED_EDGE ( 'NONE', *, *, #1209, .T. ) ;
#1819 = ORIENTED_EDGE ( 'NONE', *, *, #4819, .T. ) ;
#1820 = VECTOR ( 'NONE', #2321, 1000.000000000000000 ) ;
#1821 = FACE_OUTER_BOUND ( 'NONE', #4634, .T. ) ;
#1822 = CARTESIAN_POINT ( 'NONE',  ( -0.6500000000000047962, 0.8000000000000000444, 2.699999999999993960 ) ) ;
#1823 = ORIENTED_EDGE ( 'NONE', *, *, #2873, .T. ) ;
#1824 = CARTESIAN_POINT ( 'NONE',  ( 2.311268465864673605, 6.860657145849644145, 0.1887315341352782117 ) ) ;
#1825 = CARTESIAN_POINT ( 'NONE',  ( 7.179999999999998828, -0.5500000000000000444, 0.3199999999999015854 ) ) ;
#1826 = VECTOR ( 'NONE', #4595, 1000.000000000000000 ) ;
#1827 = DIRECTION ( 'NONE',  ( 0.000000000000000000, -1.000000000000000000, 0.000000000000000000 ) ) ;
#1828 = STYLED_ITEM ( 'NONE', ( #690 ), #5109 ) ;
#1829 = ORIENTED_EDGE ( 'NONE', *, *, #3872, .F. ) ;
#1830 = LINE ( 'NONE', #3589, #1620 ) ;
#1831 = ORIENTED_EDGE ( 'NONE', *, *, #735, .T. ) ;
#1832 = FACE_OUTER_BOUND ( 'NONE', #1077, .T. ) ;
#1833 = ADVANCED_FACE ( 'NONE', ( #5615 ), #1513, .F. ) ;
#1834 = VECTOR ( 'NONE', #5971, 1000.000000000000000 ) ;
#1835 = PLANE ( 'NONE',  #3579 ) ;
#1836 = CARTESIAN_POINT ( 'NONE',  ( 7.819999999999998508, -2.628786193736007082, -0.2861617746085794445 ) ) ;
#1837 = ORIENTED_EDGE ( 'NONE', *, *, #1768, .F. ) ;
#1838 = DIRECTION ( 'NONE',  ( -1.000000000000000000, 0.000000000000000000, 0.000000000000000000 ) ) ;
#1839 = AXIS2_PLACEMENT_3D ( 'NONE', #2177, #5862, #1726 ) ;
#1840 = ORIENTED_EDGE ( 'NONE', *, *, #734, .T. ) ;
#1841 = DIRECTION ( 'NONE',  ( -1.000000000000000000, 0.000000000000000000, -6.033820786006286703E-16 ) ) ;
#1842 = EDGE_CURVE ( 'NONE', #5829, #272, #5643, .T. ) ;
#1843 = LINE ( 'NONE', #3709, #1826 ) ;
#1844 = EDGE_CURVE ( 'NONE', #3804, #335, #4780, .T. ) ;
#1845 = ORIENTED_EDGE ( 'NONE', *, *, #2428, .T. ) ;
#1846 = CARTESIAN_POINT ( 'NONE',  ( 3.469446951953614189E-15, 4.649999999999998579, -2.350000000000000089 ) ) ;
#1847 = ORIENTED_EDGE ( 'NONE', *, *, #390, .T. ) ;
#1848 = ORIENTED_EDGE ( 'NONE', *, *, #1623, .T. ) ;
#1849 = EDGE_LOOP ( 'NONE', ( #2838, #48, #3601, #4100 ) ) ;
#1850 = ADVANCED_FACE ( 'NONE', ( #2836 ), #1087, .T. ) ;
#1851 = LINE ( 'NONE', #3691, #1977 ) ;
#1852 = CARTESIAN_POINT ( 'NONE',  ( 7.179999999999997051, 0.000000000000000000, 0.3200000000000000067 ) ) ;
#1853 = VERTEX_POINT ( 'NONE', #3352 ) ;
#1854 = AXIS2_PLACEMENT_3D ( 'NONE', #3529, #2983, #5364 ) ;
#1855 = CARTESIAN_POINT ( 'NONE',  ( -1.600000000000000089, -1.500000000000000000, 2.400000000000001243 ) ) ;
#1856 = LINE ( 'NONE', #3223, #4658 ) ;
#1857 = CARTESIAN_POINT ( 'NONE',  ( 2.820000000000008278, 0.5000000000000000000, 0.3200000000000349232 ) ) ;
#1858 = ORIENTED_EDGE ( 'NONE', *, *, #2055, .T. ) ;
#1859 = DIRECTION ( 'NONE',  ( 1.000000000000000000, 0.000000000000000000, -0.000000000000000000 ) ) ;
#1860 = ORIENTED_EDGE ( 'NONE', *, *, #1324, .T. ) ;
#1861 = LINE ( 'NONE', #402, #648 ) ;
#1862 = VECTOR ( 'NONE', #4117, 1000.000000000000000 ) ;
#1863 = CARTESIAN_POINT ( 'NONE',  ( 8.150000000000002132, 4.649999999999998579, -2.350000000000000089 ) ) ;
#1864 = CARTESIAN_POINT ( 'NONE',  ( 9.949999999999999289, 7.000000000000000000, -1.124999999999999334 ) ) ;
#1865 = ORIENTED_EDGE ( 'NONE', *, *, #3137, .F. ) ;
#1866 = DIRECTION ( 'NONE',  ( 1.000000000000000000, -0.000000000000000000, -6.033820786006286703E-16 ) ) ;
#1867 = ORIENTED_EDGE ( 'NONE', *, *, #4255, .F. ) ;
#1868 = LINE ( 'NONE', #4122, #2858 ) ;
#1869 = LINE ( 'NONE', #410, #1058 ) ;
#1870 = FACE_OUTER_BOUND ( 'NONE', #4571, .T. ) ;
#1871 = ADVANCED_FACE ( 'NONE', ( #143 ), #86, .F. ) ;
#1872 = CARTESIAN_POINT ( 'NONE',  ( 0.000000000000000000, 0.000000000000000000, 0.000000000000000000 ) ) ;
#1873 = ORIENTED_EDGE ( 'NONE', *, *, #569, .T. ) ;
#1874 = CARTESIAN_POINT ( 'NONE',  ( 7.179999999999998828, -1.478786193736007393, 0.6061617746083811653 ) ) ;
#1875 = VECTOR ( 'NONE', #1340, 1000.000000000000000 ) ;
#1876 = ORIENTED_EDGE ( 'NONE', *, *, #2807, .F. ) ;
#1877 = ORIENTED_EDGE ( 'NONE', *, *, #2498, .T. ) ;
#1878 = DIRECTION ( 'NONE',  ( 1.239088197126292247E-15, -0.000000000000000000, -1.000000000000000000 ) ) ;
#1879 = LINE ( 'NONE', #2363, #820 ) ;
#1880 = VECTOR ( 'NONE', #2456, 1000.000000000000000 ) ;
#1881 = DIRECTION ( 'NONE',  ( -0.000000000000000000, -1.000000000000000000, -0.000000000000000000 ) ) ;
#1882 = EDGE_CURVE ( 'NONE', #2024, #3693, #662, .T. ) ;
#1883 = EDGE_CURVE ( 'NONE', #1311, #824, #5247, .T. ) ;
#1884 = ORIENTED_EDGE ( 'NONE', *, *, #919, .T. ) ;
#1885 = CARTESIAN_POINT ( 'NONE',  ( 7.179999999999998828, -0.5798937576032422436, 0.3245727331609178368 ) ) ;
#1886 = ADVANCED_FACE ( 'NONE', ( #4273 ), #115, .T. ) ;
#1887 = CARTESIAN_POINT ( 'NONE',  ( -1.600000000000000089, 0.5000000000000000000, 1.499999999999999556 ) ) ;
#1888 = LINE ( 'NONE', #4140, #229 ) ;
#1889 = ORIENTED_EDGE ( 'NONE', *, *, #4372, .T. ) ;
#1890 = DIRECTION ( 'NONE',  ( 0.000000000000000000, -1.000000000000000000, -0.000000000000000000 ) ) ;
#1891 = VERTEX_POINT ( 'NONE', #572 ) ;
#1892 = PLANE ( 'NONE',  #2767 ) ;
#1893 = CARTESIAN_POINT ( 'NONE',  ( -2.500000000000000000, 6.800000000000000711, 0.2108089297200924916 ) ) ;
#1894 = DIRECTION ( 'NONE',  ( -1.000000000000000000, 0.000000000000000000, -6.033820786006286703E-16 ) ) ;
#1895 = ORIENTED_EDGE ( 'NONE', *, *, #2400, .F. ) ;
#1896 = CARTESIAN_POINT ( 'NONE',  ( -0.6499999999999978018, 4.649999999999998579, 5.969556544854365931 ) ) ;
#1897 = ORIENTED_EDGE ( 'NONE', *, *, #3696, .T. ) ;
#1898 = DIRECTION ( 'NONE',  ( -1.000000000000000000, 0.000000000000000000, 1.474684361169737143E-13 ) ) ;
#1899 = VECTOR ( 'NONE', #3630, 1000.000000000000000 ) ;
#1900 = LINE ( 'NONE', #3923, #5584 ) ;
#1901 = CARTESIAN_POINT ( 'NONE',  ( 7.179999999999998828, -3.399999999999999911, 0.3199999999999015854 ) ) ;
#1902 = CARTESIAN_POINT ( 'NONE',  ( 7.179999999999998828, -2.820106242396757779, 0.3245727331609177813 ) ) ;
#1903 = ORIENTED_EDGE ( 'NONE', *, *, #5524, .F. ) ;
#1904 = DIRECTION ( 'NONE',  ( 1.000000000000000000, -0.000000000000000000, -6.033820786006286703E-16 ) ) ;
#1905 = VECTOR ( 'NONE', #3790, 1000.000000000000000 ) ;
#1906 = ORIENTED_EDGE ( 'NONE', *, *, #482, .T. ) ;
#1907 = ORIENTED_EDGE ( 'NONE', *, *, #5754, .T. ) ;
#1908 = ORIENTED_EDGE ( 'NONE', *, *, #5752, .T. ) ;
#1909 = VECTOR ( 'NONE', #793, 1000.000000000000000 ) ;
#1910 = EDGE_CURVE ( 'NONE', #2556, #923, #2418, .T. ) ;
#1911 = ADVANCED_FACE ( 'NONE', ( #1057 ), #3805, .F. ) ;
#1912 = DIRECTION ( 'NONE',  ( 0.000000000000000000, 0.000000000000000000, 1.000000000000000000 ) ) ;
#1913 = VECTOR ( 'NONE', #3368, 1000.000000000000000 ) ;
#1914 = EDGE_CURVE ( 'NONE', #2867, #4829, #2895, .T. ) ;
#1915 = AXIS2_PLACEMENT_3D ( 'NONE', #781, #1657, #3968 ) ;
#1916 = DIRECTION ( 'NONE',  ( -1.000000000000000000, 0.000000000000000000, 0.000000000000000000 ) ) ;
#1917 = VERTEX_POINT ( 'NONE', #3863 ) ;
#1918 = PRESENTATION_STYLE_ASSIGNMENT (( #583 ) ) ;
#1919 = DIRECTION ( 'NONE',  ( 0.000000000000000000, -0.9542726683898372642, 0.2989375760324214371 ) ) ;
#1920 = AXIS2_PLACEMENT_3D ( 'NONE', #95, #705, #2967 ) ;
#1921 = EDGE_CURVE ( 'NONE', #1696, #5544, #1121, .T. ) ;
#1922 = EDGE_CURVE ( 'NONE', #1891, #5009, #1993, .T. ) ;
#1923 = CARTESIAN_POINT ( 'NONE',  ( 9.249999999999998224, 0.5000000000000000000, 2.699999999999999734 ) ) ;
#1924 = VERTEX_POINT ( 'NONE', #3410 ) ;
#1925 = DIRECTION ( 'NONE',  ( 0.000000000000000000, 0.000000000000000000, -1.000000000000000000 ) ) ;
#1926 = ORIENTED_EDGE ( 'NONE', *, *, #3437, .F. ) ;
#1927 = CARTESIAN_POINT ( 'NONE',  ( 7.289191070279859019, -3.399999999999999911, -0.2108089297202393742 ) ) ;
#1928 = AXIS2_PLACEMENT_3D ( 'NONE', #3653, #5486, #1359 ) ;
#1929 =( GEOMETRIC_REPRESENTATION_CONTEXT ( 3 ) GLOBAL_UNCERTAINTY_ASSIGNED_CONTEXT ( ( #3248 ) ) GLOBAL_UNIT_ASSIGNED_CONTEXT ( ( #1118, #171, #231 ) ) REPRESENTATION_CONTEXT ( 'NONE', 'WORKASPACE' ) );
#1930 = DIRECTION ( 'NONE',  ( 1.000000000000000000, 0.000000000000000000, 0.000000000000000000 ) ) ;
#1931 = DIRECTION ( 'NONE',  ( -0.000000000000000000, 1.000000000000000000, -0.000000000000000000 ) ) ;
#1932 = ORIENTED_EDGE ( 'NONE', *, *, #2278, .T. ) ;
#1933 = FACE_OUTER_BOUND ( 'NONE', #5089, .T. ) ;
#1934 = ORIENTED_EDGE ( 'NONE', *, *, #2683, .F. ) ;
#1935 = PLANE ( 'NONE',  #4399 ) ;
#1936 = VECTOR ( 'NONE', #5179, 1000.000000000000000 ) ;
#1937 = SURFACE_STYLE_FILL_AREA ( #1453 ) ;
#1938 = SHAPE_DEFINITION_REPRESENTATION ( #3594, #3764 ) ;
#1939 = LINE ( 'NONE', #2019, #1162 ) ;
#1940 = VECTOR ( 'NONE', #5224, 1000.000000000000000 ) ;
#1941 = VERTEX_POINT ( 'NONE', #4333 ) ;
#1942 = DIRECTION ( 'NONE',  ( 1.000000000000000000, 0.000000000000000000, -8.470329472543004623E-17 ) ) ;
#1943 = ORIENTED_EDGE ( 'NONE', *, *, #1914, .F. ) ;
#1944 = ORIENTED_EDGE ( 'NONE', *, *, #4039, .F. ) ;
#1945 = CARTESIAN_POINT ( 'NONE',  ( 7.819999999999998508, -0.5500000000000000444, 0.4199999999999011746 ) ) ;
#1946 = DIRECTION ( 'NONE',  ( 5.669936867754744448E-16, -0.3420201433256653267, -0.9396926207859096492 ) ) ;
#1947 = CARTESIAN_POINT ( 'NONE',  ( 5.210808929720138316, -3.399999999999999911, 0.3199999999999527667 ) ) ;
#1948 = VERTEX_POINT ( 'NONE', #1694 ) ;
#1949 = LINE ( 'NONE', #4606, #4787 ) ;
#1950 = DIRECTION ( 'NONE',  ( 1.000000000000000000, -0.000000000000000000, -6.033820786006286703E-16 ) ) ;
#1951 = EDGE_CURVE ( 'NONE', #1853, #893, #1211, .T. ) ;
#1952 = VERTEX_POINT ( 'NONE', #261 ) ;
#1953 = CARTESIAN_POINT ( 'NONE',  ( 0.3199999999999991185, -0.5500000000000000444, 0.3199999999999015854 ) ) ;
#1954 = ORIENTED_EDGE ( 'NONE', *, *, #4153, .F. ) ;
#1955 = CARTESIAN_POINT ( 'NONE',  ( 7.179999999999998828, -1.478786193736007393, 0.6061617746083811653 ) ) ;
#1956 = LINE ( 'NONE', #5236, #5881 ) ;
#1957 =( NAMED_UNIT ( * ) PLANE_ANGLE_UNIT ( ) SI_UNIT ( $, .RADIAN. ) );
#1958 = EDGE_CURVE ( 'NONE', #564, #4812, #5403, .T. ) ;
#1959 = ORIENTED_EDGE ( 'NONE', *, *, #3577, .T. ) ;
#1960 = LINE ( 'NONE', #309, #1140 ) ;
#1961 = ORIENTED_EDGE ( 'NONE', *, *, #2861, .T. ) ;
#1962 = FACE_OUTER_BOUND ( 'NONE', #4599, .T. ) ;
#1963 =( LENGTH_UNIT ( ) NAMED_UNIT ( * ) SI_UNIT ( .MILLI., .METRE. ) );
#1964 = DIRECTION ( 'NONE',  ( -0.000000000000000000, 1.000000000000000000, -0.000000000000000000 ) ) ;
#1965 = ORIENTED_EDGE ( 'NONE', *, *, #1799, .F. ) ;
#1966 = LINE ( 'NONE', #2472, #1682 ) ;
#1967 = VERTEX_POINT ( 'NONE', #3052 ) ;
#1968 = VERTEX_POINT ( 'NONE', #3114 ) ;
#1969 = VECTOR ( 'NONE', #2618, 1000.000000000000000 ) ;
#1970 = LINE ( 'NONE', #637, #4785 ) ;
#1971 = VECTOR ( 'NONE', #1744, 1000.000000000000000 ) ;
#1972 = DIRECTION ( 'NONE',  ( -1.000000000000000000, -0.000000000000000000, -0.000000000000000000 ) ) ;
#1973 = DIRECTION ( 'NONE',  ( 0.000000000000000000, 0.000000000000000000, -1.000000000000000000 ) ) ;
#1974 = ORIENTED_EDGE ( 'NONE', *, *, #5384, .F. ) ;
#1975 = DIRECTION ( 'NONE',  ( 0.000000000000000000, 0.000000000000000000, 1.000000000000000000 ) ) ;
#1976 = PLANE ( 'NONE',  #5248 ) ;
#1977 = VECTOR ( 'NONE', #1912, 1000.000000000000000 ) ;
#1978 = ORIENTED_EDGE ( 'NONE', *, *, #2357, .T. ) ;
#1979 = CARTESIAN_POINT ( 'NONE',  ( 7.179999999999998828, -2.849999999999999645, 0.3199999999999015854 ) ) ;
#1980 = ORIENTED_EDGE ( 'NONE', *, *, #4846, .F. ) ;
#1981 = CARTESIAN_POINT ( 'NONE',  ( -0.3200000000000008393, 6.800000000000000711, -0.3200000000001004263 ) ) ;
#1982 = DIRECTION ( 'NONE',  ( 1.239088197126292247E-15, -0.000000000000000000, -1.000000000000000000 ) ) ;
#1983 = ADVANCED_FACE ( 'NONE', ( #4932 ), #4813, .F. ) ;
#1984 = CARTESIAN_POINT ( 'NONE',  ( -1.750000000000000666, 0.000000000000000000, -1.649999999999999911 ) ) ;
#1985 = ORIENTED_EDGE ( 'NONE', *, *, #4212, .T. ) ;
#1986 = FACE_OUTER_BOUND ( 'NONE', #1223, .T. ) ;
#1987 = VERTEX_POINT ( 'NONE', #753 ) ;
#1988 = PLANE ( 'NONE',  #3920 ) ;
#1989 = EDGE_CURVE ( 'NONE', #5954, #4129, #5731, .T. ) ;
#1990 = SURFACE_SIDE_STYLE ('',( #4245 ) ) ;
#1991 = CARTESIAN_POINT ( 'NONE',  ( 0.000000000000000000, 0.000000000000000000, 3.399999999999999911 ) ) ;
#1992 = ORIENTED_EDGE ( 'NONE', *, *, #3438, .T. ) ;
#1993 = LINE ( 'NONE', #3831, #515 ) ;
#1994 = VERTEX_POINT ( 'NONE', #204 ) ;
#1995 = EDGE_LOOP ( 'NONE', ( #603, #1151, #1372, #3913 ) ) ;
#1996 = LINE ( 'NONE', #3386, #1430 ) ;
#1997 = DIRECTION ( 'NONE',  ( 1.000000000000000000, 0.000000000000000000, -8.470329472543004623E-17 ) ) ;
#1998 = EDGE_CURVE ( 'NONE', #1212, #1056, #4903, .T. ) ;
#1999 = DIRECTION ( 'NONE',  ( 0.000000000000000000, -1.000000000000000000, 1.445602896647339903E-16 ) ) ;
#2000 = CIRCLE ( 'NONE', #5859, 0.6500000000000012434 ) ;
#2001 = ORIENTED_EDGE ( 'NONE', *, *, #2064, .F. ) ;
#2002 = DIRECTION ( 'NONE',  ( 0.000000000000000000, 0.000000000000000000, -1.000000000000000000 ) ) ;
#2003 = DIRECTION ( 'NONE',  ( -1.000000000000000000, 1.334402673828325073E-15, 0.000000000000000000 ) ) ;
#2004 = AXIS2_PLACEMENT_3D ( 'NONE', #3552, #5847, #4349 ) ;
#2005 = VECTOR ( 'NONE', #128, 1000.000000000000000 ) ;
#2006 = ORIENTED_EDGE ( 'NONE', *, *, #3577, .F. ) ;
#2007 = PLANE ( 'NONE',  #4690 ) ;
#2008 = EDGE_LOOP ( 'NONE', ( #2611, #556, #1980, #2248, #4906 ) ) ;
#2009 = DIRECTION ( 'NONE',  ( 0.000000000000000000, -0.9542726683898372642, 0.2989375760324214371 ) ) ;
#2010 = CONICAL_SURFACE ( 'NONE', #2971, 0.5000000000000004441, 0.3490658503988678940 ) ;
#2011 = CARTESIAN_POINT ( 'NONE',  ( 0.3199999999999991185, -3.399999999999999911, 0.3199999999999015854 ) ) ;
#2012 = FACE_OUTER_BOUND ( 'NONE', #1278, .T. ) ;
#2013 = ORIENTED_EDGE ( 'NONE', *, *, #2084, .F. ) ;
#2014 = CARTESIAN_POINT ( 'NONE',  ( 0.3199999999999991185, -3.099999999999996536, 0.4199999999999015632 ) ) ;
#2015 = ADVANCED_FACE ( 'NONE', ( #2993 ), #3504, .F. ) ;
#2016 = ORIENTED_EDGE ( 'NONE', *, *, #4486, .F. ) ;
#2017 = FACE_OUTER_BOUND ( 'NONE', #4478, .T. ) ;
#2018 = DIRECTION ( 'NONE',  ( 0.000000000000000000, 1.000000000000000000, -0.000000000000000000 ) ) ;
#2019 = CARTESIAN_POINT ( 'NONE',  ( 9.249999999999998224, 0.5000000000000000000, 2.699999999999999734 ) ) ;
#2020 = ORIENTED_EDGE ( 'NONE', *, *, #482, .F. ) ;
#2021 = CARTESIAN_POINT ( 'NONE',  ( 0.3199999999999991185, 6.800000000000000711, -0.2108089297202392631 ) ) ;
#2022 = VECTOR ( 'NONE', #3711, 1000.000000000000114 ) ;
#2023 = ORIENTED_EDGE ( 'NONE', *, *, #1053, .T. ) ;
#2024 = VERTEX_POINT ( 'NONE', #2051 ) ;
#2025 = CARTESIAN_POINT ( 'NONE',  ( 4.321145910458139561, -2.114056492104781082, 0.6788540895418119225 ) ) ;
#2026 = EDGE_CURVE ( 'NONE', #3782, #3011, #1720, .T. ) ;
#2027 = VECTOR ( 'NONE', #1208, 1000.000000000000000 ) ;
#2028 = VECTOR ( 'NONE', #3781, 1000.000000000000000 ) ;
#2029 = LINE ( 'NONE', #3029, #2069 ) ;
#2030 = VECTOR ( 'NONE', #1838, 1000.000000000000000 ) ;
#2031 = DIRECTION ( 'NONE',  ( -0.9396926207859096492, -0.3420201433256652157, 5.669936867754743462E-16 ) ) ;
#2032 = VERTEX_POINT ( 'NONE', #3083 ) ;
#2033 = FACE_OUTER_BOUND ( 'NONE', #2360, .T. ) ;
#2034 = CARTESIAN_POINT ( 'NONE',  ( -0.3200000000000008393, -2.628786193736007082, -0.2861617746085794445 ) ) ;
#2035 = AXIS2_PLACEMENT_3D ( 'NONE', #1814, #2680, #5376 ) ;
#2036 = CARTESIAN_POINT ( 'NONE',  ( 9.250000000000000000, 6.497705265805027608, -1.124999999999999112 ) ) ;
#2037 = AXIS2_PLACEMENT_3D ( 'NONE', #629, #4623, #4292 ) ;
#2038 = VERTEX_POINT ( 'NONE', #2533 ) ;
#2039 = PLANE ( 'NONE',  #3073 ) ;
#2040 = ORIENTED_EDGE ( 'NONE', *, *, #1091, .T. ) ;
#2041 = FACE_OUTER_BOUND ( 'NONE', #2833, .T. ) ;
#2042 = CARTESIAN_POINT ( 'NONE',  ( 0.6499999999999952482, 0.8000000000000000444, 2.699999999999993960 ) ) ;
#2043 = CARTESIAN_POINT ( 'NONE',  ( 7.179999999999998828, 6.499999999999997335, -0.3200000000001000378 ) ) ;
#2044 = EDGE_LOOP ( 'NONE', ( #1175, #2050, #3293, #1837 ) ) ;
#2045 = LINE ( 'NONE', #4834, #841 ) ;
#2046 = ORIENTED_EDGE ( 'NONE', *, *, #1074, .T. ) ;
#2047 = DIRECTION ( 'NONE',  ( 1.000000000000000000, 0.000000000000000000, -0.000000000000000000 ) ) ;
#2048 = EDGE_CURVE ( 'NONE', #3932, #2844, #694, .T. ) ;
#2049 = CARTESIAN_POINT ( 'NONE',  ( 3.149999999999996358, 0.5000000000000000000, -1.649999999999999911 ) ) ;
#2050 = ORIENTED_EDGE ( 'NONE', *, *, #4229, .F. ) ;
#2051 = CARTESIAN_POINT ( 'NONE',  ( 0.3200000000000008393, -2.849999999999999201, -0.3200000000000998157 ) ) ;
#2052 = ORIENTED_EDGE ( 'NONE', *, *, #5752, .F. ) ;
#2053 = ORIENTED_EDGE ( 'NONE', *, *, #97, .F. ) ;
#2054 = LINE ( 'NONE', #208, #5080 ) ;
#2055 = EDGE_CURVE ( 'NONE', #284, #2255, #4453, .T. ) ;
#2056 = CARTESIAN_POINT ( 'NONE',  ( 2.180000000000006377, 1.200000000000000622, 0.3200000000000349232 ) ) ;
#2057 = DIRECTION ( 'NONE',  ( 0.000000000000000000, -1.000000000000000000, 1.475104996578917155E-17 ) ) ;
#2058 = ORIENTED_EDGE ( 'NONE', *, *, #2640, .T. ) ;
#2059 = CARTESIAN_POINT ( 'NONE',  ( -1.749999999999999778, 6.497705265805027608, 2.699999999999999734 ) ) ;
#2060 = CARTESIAN_POINT ( 'NONE',  ( 5.649999999999997691, 0.000000000000000000, 2.699999999999994849 ) ) ;
#2061 = LINE ( 'NONE', #2602, #420 ) ;
#2062 = VECTOR ( 'NONE', #2144, 1000.000000000000000 ) ;
#2063 = EDGE_CURVE ( 'NONE', #3270, #2503, #318, .T. ) ;
#2064 = EDGE_CURVE ( 'NONE', #4982, #422, #2080, .T. ) ;
#2065 = APPLICATION_CONTEXT ( 'automotive_design' ) ;
#2066 = ORIENTED_EDGE ( 'NONE', *, *, #5761, .F. ) ;
#2067 = DIRECTION ( 'NONE',  ( 1.000000000000000000, 0.000000000000000000, -0.000000000000000000 ) ) ;
#2068 = ORIENTED_EDGE ( 'NONE', *, *, #1662, .F. ) ;
#2069 = VECTOR ( 'NONE', #5252, 1000.000000000000000 ) ;
#2070 = DIRECTION ( 'NONE',  ( 0.000000000000000000, 0.000000000000000000, 1.000000000000000000 ) ) ;
#2071 = CARTESIAN_POINT ( 'NONE',  ( 4.349999999999996980, 0.8000000000000000444, -1.650000000000000355 ) ) ;
#2072 = AXIS2_PLACEMENT_3D ( 'NONE', #2751, #4022, #1315 ) ;
#2073 = DIRECTION ( 'NONE',  ( 1.000000000000000000, 0.000000000000000000, 0.000000000000000000 ) ) ;
#2074 = ORIENTED_EDGE ( 'NONE', *, *, #1546, .F. ) ;
#2075 = FACE_OUTER_BOUND ( 'NONE', #3374, .T. ) ;
#2076 = ORIENTED_EDGE ( 'NONE', *, *, #2755, .F. ) ;
#2077 = CARTESIAN_POINT ( 'NONE',  ( 2.179999999999999272, -3.099999999999996536, 0.3199999999999528222 ) ) ;
#2078 = CARTESIAN_POINT ( 'NONE',  ( -1.750000000000000666, 0.5000000000000000000, -1.649999999999999911 ) ) ;
#2079 = ORIENTED_EDGE ( 'NONE', *, *, #24, .T. ) ;
#2080 = LINE ( 'NONE', #2170, #5237 ) ;
#2081 = VERTEX_POINT ( 'NONE', #3888 ) ;
#2082 = ORIENTED_EDGE ( 'NONE', *, *, #1628, .T. ) ;
#2083 = DIRECTION ( 'NONE',  ( 6.033820786006286703E-16, 1.475104996578917463E-17, 1.000000000000000000 ) ) ;
#2084 = EDGE_CURVE ( 'NONE', #967, #5019, #5856, .T. ) ;
#2085 = CARTESIAN_POINT ( 'NONE',  ( 9.249999999999998224, 0.5000000000000000000, 2.699999999999999734 ) ) ;
#2086 = DIRECTION ( 'NONE',  ( -3.987870059716798780E-16, 0.000000000000000000, 1.000000000000000000 ) ) ;
#2087 = ORIENTED_EDGE ( 'NONE', *, *, #4212, .F. ) ;
#2088 = CARTESIAN_POINT ( 'NONE',  ( 0.000000000000000000, 1.200000000000000622, 0.3200000000000524092 ) ) ;
#2089 = CARTESIAN_POINT ( 'NONE',  ( 2.819999999999998952, 6.499999999999997335, -0.3200000000000471911 ) ) ;
#2090 = CARTESIAN_POINT ( 'NONE',  ( 4.349999999999997868, 0.8000000000000000444, -2.350000000000000089 ) ) ;
#2091 = DIRECTION ( 'NONE',  ( 0.000000000000000000, 0.9396926207859077618, 0.3420201433256706003 ) ) ;
#2092 = EDGE_CURVE ( 'NONE', #3804, #5462, #5828, .T. ) ;
#2093 = AXIS2_PLACEMENT_3D ( 'NONE', #5710, #2002, #1644 ) ;
#2094 = VECTOR ( 'NONE', #2593, 1000.000000000000000 ) ;
#2095 = ORIENTED_EDGE ( 'NONE', *, *, #3576, .T. ) ;
#2096 = LINE ( 'NONE', #3933, #3837 ) ;
#2097 = EDGE_CURVE ( 'NONE', #4150, #3932, #816, .T. ) ;
#2098 = AXIS2_PLACEMENT_3D ( 'NONE', #5129, #3296, #4689 ) ;
#2099 = ORIENTED_EDGE ( 'NONE', *, *, #5638, .T. ) ;
#2100 = CARTESIAN_POINT ( 'NONE',  ( 8.150000000000035882, 4.039427522631709932E-14, 5.969556544854365931 ) ) ;
#2101 = EDGE_CURVE ( 'NONE', #780, #4680, #4910, .T. ) ;
#2102 = AXIS2_PLACEMENT_3D ( 'NONE', #5117, #3817, #619 ) ;
#2103 = CARTESIAN_POINT ( 'NONE',  ( 0.3200000000000129963, 0.000000000000000000, 0.3200000000000524092 ) ) ;
#2104 = ORIENTED_EDGE ( 'NONE', *, *, #4265, .F. ) ;
#2105 = DIRECTION ( 'NONE',  ( -1.000000000000000000, 0.000000000000000000, 0.000000000000000000 ) ) ;
#2106 = ORIENTED_EDGE ( 'NONE', *, *, #4406, .T. ) ;
#2107 = DIRECTION ( 'NONE',  ( -1.000000000000000000, 0.000000000000000000, 6.033820786006285717E-16 ) ) ;
#2108 = AXIS2_PLACEMENT_3D ( 'NONE', #5292, #1160, #1674 ) ;
#2109 = EDGE_CURVE ( 'NONE', #1952, #5169, #1634, .T. ) ;
#2110 = CARTESIAN_POINT ( 'NONE',  ( 6.849999999999998757, 0.8000000000000000444, -1.649999999999999911 ) ) ;
#2111 = DIRECTION ( 'NONE',  ( -5.757910262048285890E-16, 0.2989375760324213815, 0.9542726683898372642 ) ) ;
#2112 = ORIENTED_EDGE ( 'NONE', *, *, #3645, .F. ) ;
#2113 = CARTESIAN_POINT ( 'NONE',  ( 3.149999999999996358, 0.000000000000000000, 2.699999999999993960 ) ) ;
#2114 = ORIENTED_EDGE ( 'NONE', *, *, #5276, .T. ) ;
#2115 = FACE_OUTER_BOUND ( 'NONE', #5985, .T. ) ;
#2116 = CARTESIAN_POINT ( 'NONE',  ( -1.750000000000000000, -1.500000000000000000, 2.476969600708473163 ) ) ;
#2117 = VECTOR ( 'NONE', #2415, 1000.000000000000000 ) ;
#2118 = PLANE ( 'NONE',  #584 ) ;
#2119 = AXIS2_PLACEMENT_3D ( 'NONE', #5321, #1276, #2231 ) ;
#2120 = ORIENTED_EDGE ( 'NONE', *, *, #5127, .F. ) ;
#2121 = DIRECTION ( 'NONE',  ( 0.000000000000000000, 0.000000000000000000, -1.000000000000000000 ) ) ;
#2122 = LINE ( 'NONE', #1673, #3943 ) ;
#2123 = CARTESIAN_POINT ( 'NONE',  ( 0.3199999999999991185, -1.729893757603242044, -0.004572733161116324108 ) ) ;
#2124 = AXIS2_PLACEMENT_3D ( 'NONE', #1485, #5187, #3324 ) ;
#2125 = VECTOR ( 'NONE', #5266, 1000.000000000000000 ) ;
#2126 = EDGE_CURVE ( 'NONE', #1238, #1489, #4844, .T. ) ;
#2127 = VECTOR ( 'NONE', #5677, 1000.000000000000000 ) ;
#2128 = EDGE_LOOP ( 'NONE', ( #2948, #3295, #5044, #4002 ) ) ;
#2129 = DIRECTION ( 'NONE',  ( 0.000000000000000000, 1.000000000000000000, 0.000000000000000000 ) ) ;
#2130 = ORIENTED_EDGE ( 'NONE', *, *, #5664, .F. ) ;
#2131 = LINE ( 'NONE', #3964, #942 ) ;
#2132 = ORIENTED_EDGE ( 'NONE', *, *, #5713, .T. ) ;
#2133 = PRODUCT_RELATED_PRODUCT_CATEGORY ( 'part', '', ( #4490 ) ) ;
#2134 = CARTESIAN_POINT ( 'NONE',  ( 0.3199999999999991185, -1.670106242396757867, -0.004572733161116243443 ) ) ;
#2135 = ORIENTED_EDGE ( 'NONE', *, *, #3974, .T. ) ;
#2136 = LINE ( 'NONE', #5306, #5771 ) ;
#2137 = ORIENTED_EDGE ( 'NONE', *, *, #3288, .T. ) ;
#2138 = DIRECTION ( 'NONE',  ( -1.000000000000000000, -0.000000000000000000, -0.000000000000000000 ) ) ;
#2139 = UNCERTAINTY_MEASURE_WITH_UNIT (LENGTH_MEASURE( 1.000000000000000082E-05 ), #933, 'distance_accuracy_value', 'NONE');
#2140 = ADVANCED_FACE ( 'NONE', ( #5915 ), #1384, .F. ) ;
#2141 = DIRECTION ( 'NONE',  ( -1.000000000000000000, 0.000000000000000000, 0.000000000000000000 ) ) ;
#2142 = DIRECTION ( 'NONE',  ( -0.000000000000000000, 1.000000000000000000, -0.000000000000000000 ) ) ;
#2143 = ORIENTED_EDGE ( 'NONE', *, *, #4747, .T. ) ;
#2144 = DIRECTION ( 'NONE',  ( 0.4472135954999576501, -0.7745966692414837373, -0.4472135954999577057 ) ) ;
#2145 = EDGE_CURVE ( 'NONE', #1212, #2573, #3102, .T. ) ;
#2146 = ORIENTED_EDGE ( 'NONE', *, *, #1647, .T. ) ;
#2147 = DIRECTION ( 'NONE',  ( -0.000000000000000000, -1.000000000000000000, -0.000000000000000000 ) ) ;
#2148 = LINE ( 'NONE', #1698, #274 ) ;
#2149 = ORIENTED_EDGE ( 'NONE', *, *, #2356, .T. ) ;
#2150 = PLANE ( 'NONE',  #3454 ) ;
#2151 = CARTESIAN_POINT ( 'NONE',  ( 7.179999999999998828, -2.849999999999999201, -0.3200000000001000378 ) ) ;
#2152 = LINE ( 'NONE', #1704, #2587 ) ;
#2153 = FACE_OUTER_BOUND ( 'NONE', #2726, .T. ) ;
#2154 = ORIENTED_EDGE ( 'NONE', *, *, #885, .T. ) ;
#2155 = PLANE ( 'NONE',  #5963 ) ;
#2156 = DIRECTION ( 'NONE',  ( 1.000000000000000000, 0.000000000000000000, 0.000000000000000000 ) ) ;
#2157 = AXIS2_PLACEMENT_3D ( 'NONE', #4391, #1183, #5344 ) ;
#2158 = DIRECTION ( 'NONE',  ( 0.000000000000000000, 1.000000000000000000, 0.000000000000000000 ) ) ;
#2159 = VECTOR ( 'NONE', #302, 1000.000000000000000 ) ;
#2160 = EDGE_LOOP ( 'NONE', ( #3816, #2923, #5495, #58 ) ) ;
#2161 = DIRECTION ( 'NONE',  ( 0.000000000000000000, 0.000000000000000000, -1.000000000000000000 ) ) ;
#2162 = ORIENTED_EDGE ( 'NONE', *, *, #1517, .F. ) ;
#2163 = PLANE ( 'NONE',  #4776 ) ;
#2164 = EDGE_CURVE ( 'NONE', #1924, #1290, #3650, .T. ) ;
#2165 = AXIS2_PLACEMENT_3D ( 'NONE', #5418, #3128, #4948 ) ;
#2166 = EDGE_CURVE ( 'NONE', #3299, #3391, #3261, .T. ) ;
#2167 = LINE ( 'NONE', #785, #5404 ) ;
#2168 = LINE ( 'NONE', #3407, #1542 ) ;
#2169 = ORIENTED_EDGE ( 'NONE', *, *, #5598, .T. ) ;
#2170 = CARTESIAN_POINT ( 'NONE',  ( -0.1552188807741891885, -3.552732404225375618, 0.1552188807740906284 ) ) ;
#2171 = ORIENTED_EDGE ( 'NONE', *, *, #2938, .T. ) ;
#2172 = EDGE_CURVE ( 'NONE', #935, #3207, #4090, .T. ) ;
#2173 = DIRECTION ( 'NONE',  ( -1.000000000000000000, 0.000000000000000000, 0.000000000000000000 ) ) ;
#2174 = EDGE_CURVE ( 'NONE', #540, #3267, #3624, .T. ) ;
#2175 = EDGE_CURVE ( 'NONE', #5914, #5701, #2228, .T. ) ;
#2176 = CARTESIAN_POINT ( 'NONE',  ( -0.6500000000000047962, 0.8000000000000000444, 2.699999999999993960 ) ) ;
#2177 = CARTESIAN_POINT ( 'NONE',  ( 0.000000000000000000, 0.000000000000000000, 0.000000000000000000 ) ) ;
#2178 = ORIENTED_EDGE ( 'NONE', *, *, #2712, .F. ) ;
#2179 = DIRECTION ( 'NONE',  ( 1.000000000000000000, 0.000000000000000000, -6.033820786006286703E-16 ) ) ;
#2180 = LINE ( 'NONE', #5808, #3189 ) ;
#2181 = FACE_OUTER_BOUND ( 'NONE', #3478, .T. ) ;
#2182 = CARTESIAN_POINT ( 'NONE',  ( 0.3199999999999991185, -3.399999999999999911, 0.3199999999999015854 ) ) ;
#2183 = CARTESIAN_POINT ( 'NONE',  ( -0.6500000000000047962, 0.000000000000000000, 2.699999999999999734 ) ) ;
#2184 = VERTEX_POINT ( 'NONE', #4065 ) ;
#2185 = CARTESIAN_POINT ( 'NONE',  ( 5.319999999999999396, -4.305096679918778868, -0.3200000000000471911 ) ) ;
#2186 = PLANE ( 'NONE',  #2072 ) ;
#2187 = VECTOR ( 'NONE', #4907, 1000.000000000000000 ) ;
#2188 = LINE ( 'NONE', #5876, #1971 ) ;
#2189 = VECTOR ( 'NONE', #3884, 1000.000000000000000 ) ;
#2190 = ORIENTED_EDGE ( 'NONE', *, *, #4308, .F. ) ;
#2191 = CARTESIAN_POINT ( 'NONE',  ( -0.3200000000000008393, -2.849999999999999201, -0.3200000000001004263 ) ) ;
#2192 = ORIENTED_EDGE ( 'NONE', *, *, #4334, .T. ) ;
#2193 = LINE ( 'NONE', #1748, #4881 ) ;
#2194 = VECTOR ( 'NONE', #3285, 1000.000000000000000 ) ;
#2195 = UNCERTAINTY_MEASURE_WITH_UNIT (LENGTH_MEASURE( 1.000000000000000082E-05 ), #1963, 'distance_accuracy_value', 'NONE');
#2196 = CARTESIAN_POINT ( 'NONE',  ( 0.3200000000000129963, 1.200000000000000622, 0.3200000000000524092 ) ) ;
#2197 = DIRECTION ( 'NONE',  ( -0.000000000000000000, 1.000000000000000000, 0.000000000000000000 ) ) ;
#2198 = EDGE_CURVE ( 'NONE', #3145, #1100, #2763, .T. ) ;
#2199 = EDGE_LOOP ( 'NONE', ( #347, #3713, #2663, #3167 ) ) ;
#2200 = LINE ( 'NONE', #4479, #2030 ) ;
#2201 = ORIENTED_EDGE ( 'NONE', *, *, #2344, .F. ) ;
#2202 = CONICAL_SURFACE ( 'NONE', #2879, 0.5000000000000004441, 0.3490658503988678940 ) ;
#2203 = LINE ( 'NONE', #4393, #2960 ) ;
#2204 = FACE_OUTER_BOUND ( 'NONE', #3549, .T. ) ;
#2205 = EDGE_CURVE ( 'NONE', #3916, #3526, #2200, .T. ) ;
#2206 = EDGE_CURVE ( 'NONE', #2880, #5030, #4034, .T. ) ;
#2207 = ORIENTED_EDGE ( 'NONE', *, *, #2232, .F. ) ;
#2208 = CARTESIAN_POINT ( 'NONE',  ( 9.949999999999999289, 7.000000000000000000, -2.350000000000000089 ) ) ;
#2209 = FACE_BOUND ( 'NONE', #2471, .T. ) ;
#2210 = ADVANCED_FACE ( 'NONE', ( #5051 ), #407, .T. ) ;
#2211 = EDGE_LOOP ( 'NONE', ( #4029, #3311, #3333, #4534 ) ) ;
#2212 = AXIS2_PLACEMENT_3D ( 'NONE', #632, #3298, #3829 ) ;
#2213 = MECHANICAL_DESIGN_GEOMETRIC_PRESENTATION_REPRESENTATION (  '', ( #2687 ), #963 ) ;
#2214 = LINE ( 'NONE', #5438, #1498 ) ;
#2215 = CARTESIAN_POINT ( 'NONE',  ( 2.710808929720138316, -3.399999999999999911, -0.2108089297201703738 ) ) ;
#2216 = DIRECTION ( 'NONE',  ( 1.000000000000000000, 0.000000000000000000, -0.000000000000000000 ) ) ;
#2217 = VECTOR ( 'NONE', #392, 1000.000000000000000 ) ;
#2218 = PLANE ( 'NONE',  #2165 ) ;
#2219 = VECTOR ( 'NONE', #384, 1000.000000000000114 ) ;
#2220 = PLANE ( 'NONE',  #2547 ) ;
#2221 = ORIENTED_EDGE ( 'NONE', *, *, #2829, .F. ) ;
#2222 = FACE_OUTER_BOUND ( 'NONE', #4759, .T. ) ;
#2223 = ORIENTED_EDGE ( 'NONE', *, *, #286, .F. ) ;
#2224 = CARTESIAN_POINT ( 'NONE',  ( 7.819999999999998508, 0.000000000000000000, 0.3200000000000000067 ) ) ;
#2225 = CARTESIAN_POINT ( 'NONE',  ( 9.249999999999998224, 0.000000000000000000, 2.699999999999999734 ) ) ;
#2226 = CARTESIAN_POINT ( 'NONE',  ( 7.179999999999998828, -2.628786193736007082, -0.2861617746085790559 ) ) ;
#2227 = EDGE_LOOP ( 'NONE', ( #5337, #5670, #636, #3505, #3825, #3902 ) ) ;
#2228 = LINE ( 'NONE', #3233, #3290 ) ;
#2229 = ORIENTED_EDGE ( 'NONE', *, *, #179, .F. ) ;
#2230 = DIRECTION ( 'NONE',  ( -1.000000000000000000, -0.000000000000000000, -6.033820786006285717E-16 ) ) ;
#2231 = DIRECTION ( 'NONE',  ( 1.000000000000000000, -1.334402673828325073E-15, 0.000000000000000000 ) ) ;
#2232 = EDGE_CURVE ( 'NONE', #4384, #2024, #3765, .T. ) ;
#2233 = VERTEX_POINT ( 'NONE', #5020 ) ;
#2234 = LINE ( 'NONE', #4095, #4872 ) ;
#2235 = ORIENTED_EDGE ( 'NONE', *, *, #397, .T. ) ;
#2236 = ORIENTED_EDGE ( 'NONE', *, *, #4670, .F. ) ;
#2237 = ADVANCED_FACE ( 'NONE', ( #4988 ), #4119, .F. ) ;
#2238 = ADVANCED_FACE ( 'NONE', ( #872 ), #2704, .F. ) ;
#2239 = CARTESIAN_POINT ( 'NONE',  ( 3.149999999999996358, 0.8000000000000000444, -2.350000000000000089 ) ) ;
#2240 = DIRECTION ( 'NONE',  ( 1.000000000000000000, -0.000000000000000000, 0.000000000000000000 ) ) ;
#2241 = ORIENTED_EDGE ( 'NONE', *, *, #1021, .T. ) ;
#2242 = LINE ( 'NONE', #122, #1322 ) ;
#2243 = PLANE ( 'NONE',  #523 ) ;
#2244 = VECTOR ( 'NONE', #2341, 1000.000000000000000 ) ;
#2245 = EDGE_CURVE ( 'NONE', #1987, #3221, #899, .T. ) ;
#2246 = ADVANCED_FACE ( 'NONE', ( #5088 ), #2733, .T. ) ;
#2247 = LINE ( 'NONE', #5042, #5033 ) ;
#2248 = ORIENTED_EDGE ( 'NONE', *, *, #4475, .F. ) ;
#2249 = DIRECTION ( 'NONE',  ( 0.000000000000000000, 1.000000000000000000, 0.000000000000000000 ) ) ;
#2250 = ORIENTED_EDGE ( 'NONE', *, *, #2792, .F. ) ;
#2251 = CARTESIAN_POINT ( 'NONE',  ( -0.6499999999999978018, 6.350000000000000533, -2.350000000000000089 ) ) ;
#2252 = VECTOR ( 'NONE', #2945, 1000.000000000000000 ) ;
#2253 = DIRECTION ( 'NONE',  ( 0.000000000000000000, -0.000000000000000000, 1.000000000000000000 ) ) ;
#2254 = DIRECTION ( 'NONE',  ( -0.000000000000000000, 0.000000000000000000, -1.000000000000000000 ) ) ;
#2255 = VERTEX_POINT ( 'NONE', #2284 ) ;
#2256 = DIRECTION ( 'NONE',  ( -1.172110456741083609E-15, 0.000000000000000000, -1.000000000000000000 ) ) ;
#2257 = VERTEX_POINT ( 'NONE', #4149 ) ;
#2258 = LINE ( 'NONE', #3210, #5875 ) ;
#2259 = VECTOR ( 'NONE', #638, 1000.000000000000000 ) ;
#2260 = CARTESIAN_POINT ( 'NONE',  ( 4.349999999999997868, 0.000000000000000000, -2.350000000000000089 ) ) ;
#2261 =( NAMED_UNIT ( * ) SI_UNIT ( $, .STERADIAN. ) SOLID_ANGLE_UNIT ( ) );
#2262 = ORIENTED_EDGE ( 'NONE', *, *, #3126, .F. ) ;
#2263 = LINE ( 'NONE', #4570, #1612 ) ;
#2264 = EDGE_LOOP ( 'NONE', ( #2597, #2697, #575, #4047 ) ) ;
#2265 = LINE ( 'NONE', #2714, #4407 ) ;
#2266 = ADVANCED_FACE ( 'NONE', ( #14 ), #1566, .T. ) ;
#2267 = CARTESIAN_POINT ( 'NONE',  ( 7.179999999999998828, -3.399999999999999911, -0.2108089297202393186 ) ) ;
#2268 = CARTESIAN_POINT ( 'NONE',  ( 9.949999999999999289, 5.250000000000000888, -0.6249999999999991118 ) ) ;
#2269 = VERTEX_POINT ( 'NONE', #5576 ) ;
#2270 = DIRECTION ( 'NONE',  ( -0.000000000000000000, -1.000000000000000000, -0.000000000000000000 ) ) ;
#2271 = CARTESIAN_POINT ( 'NONE',  ( 1.849999999999995648, 0.8000000000000000444, 3.399999999999993250 ) ) ;
#2272 = EDGE_CURVE ( 'NONE', #1182, #1123, #5182, .T. ) ;
#2273 = CARTESIAN_POINT ( 'NONE',  ( -0.2222441874964523056, 6.768581887473939851, 0.2222441874963525799 ) ) ;
#2274 = ORIENTED_EDGE ( 'NONE', *, *, #644, .F. ) ;
#2275 = CARTESIAN_POINT ( 'NONE',  ( 0.3199999999999991185, -3.099999999999996536, 0.3199999999999015854 ) ) ;
#2276 = ORIENTED_EDGE ( 'NONE', *, *, #1724, .T. ) ;
#2277 = LINE ( 'NONE', #4112, #1905 ) ;
#2278 = EDGE_CURVE ( 'NONE', #5158, #4563, #81, .T. ) ;
#2279 = VECTOR ( 'NONE', #4540, 1000.000000000000114 ) ;
#2280 = VECTOR ( 'NONE', #2138, 1000.000000000000000 ) ;
#2281 = CARTESIAN_POINT ( 'NONE',  ( 8.150000000000002132, 0.000000000000000000, -2.350000000000000089 ) ) ;
#2282 = CARTESIAN_POINT ( 'NONE',  ( 0.6499999999999978018, 3.999999999999999112, -2.350000000000000089 ) ) ;
#2283 = ORIENTED_EDGE ( 'NONE', *, *, #5566, .T. ) ;
#2284 = CARTESIAN_POINT ( 'NONE',  ( 6.849999999999998757, 0.000000000000000000, 3.399999999999994138 ) ) ;
#2285 = AXIS2_PLACEMENT_3D ( 'NONE', #5978, #846, #440 ) ;
#2286 = ORIENTED_EDGE ( 'NONE', *, *, #1099, .T. ) ;
#2287 = DIRECTION ( 'NONE',  ( 1.000000000000000000, 0.000000000000000000, 0.000000000000000000 ) ) ;
#2288 = LINE ( 'NONE', #4124, #448 ) ;
#2289 = VECTOR ( 'NONE', #3139, 1000.000000000000000 ) ;
#2290 = CLOSED_SHELL ( 'NONE', ( #65, #1332, #477, #2877, #4012, #736, #3170, #5892, #5843, #5114, #4120, #4859, #4732, #5082, #4114, #3761, #2545, #219, #5833, #2140, #4196, #246, #1364, #2901, #2947, #4366, #3427, #1886, #1257, #1622, #1733, #4676, #5640, #5481, #2906, #5380, #5450, #3359, #71, #2745, #5034, #5269, #3061, #4611, #10, #3929, #2442, #3937, #2707, #5336, #4057, #1102, #3518, #2987, #4182, #691, #25, #2979, #38, #4128, #3509, #1441, #3608, #2458, #4115, #5275, #1911, #5472, #4818, #550, #464, #5000, #4587, #2237, #3719, #5900, #3544, #3162, #2909, #5197, #1321, #207, #4040, #1654, #341, #3252, #1871, #4916, #917, #5108, #1258, #5935, #5193, #1433, #5821, #4411, #4935, #5118, #4415, #5906, #2497, #2015, #3578, #3806, #5563, #4237, #1468, #4775, #4514, #5155, #5519, #1205, #4295, #5081, #2246, #3508, #3141 ) ) ;
#2291 =( REPRESENTATION_RELATIONSHIP ('NONE','NONE', #5647, #3764 ) REPRESENTATION_RELATIONSHIP_WITH_TRANSFORMATION ( #4629 )SHAPE_REPRESENTATION_RELATIONSHIP( ) );
#2292 = CARTESIAN_POINT ( 'NONE',  ( 5.649999999999997691, 0.5000000000000000000, 2.699999999999999734 ) ) ;
#2293 = VECTOR ( 'NONE', #2372, 1000.000000000000000 ) ;
#2294 = EDGE_LOOP ( 'NONE', ( #4591, #4492, #2082, #5015 ) ) ;
#2295 = CARTESIAN_POINT ( 'NONE',  ( 7.289191070279859019, -3.399999999999999911, 0.2108089297200407275 ) ) ;
#2296 = VERTEX_POINT ( 'NONE', #108 ) ;
#2297 = ORIENTED_EDGE ( 'NONE', *, *, #1444, .F. ) ;
#2298 = DIRECTION ( 'NONE',  ( -1.239088197126291852E-15, 0.000000000000000000, 1.000000000000000000 ) ) ;
#2299 = CARTESIAN_POINT ( 'NONE',  ( 8.149999999999998579, 0.8000000000000000444, -1.650000000000000133 ) ) ;
#2300 = DIRECTION ( 'NONE',  ( -0.000000000000000000, -0.000000000000000000, -1.000000000000000000 ) ) ;
#2301 = EDGE_LOOP ( 'NONE', ( #5975, #393, #2819, #2053 ) ) ;
#2302 = DIRECTION ( 'NONE',  ( -1.000000000000000000, 0.000000000000000000, 0.000000000000000000 ) ) ;
#2303 = LINE ( 'NONE', #1825, #2937 ) ;
#2304 = ADVANCED_FACE ( 'NONE', ( #3769 ), #5693, .F. ) ;
#2305 = LINE ( 'NONE', #5226, #4305 ) ;
#2306 = AXIS2_PLACEMENT_3D ( 'NONE', #2564, #4397, #265 ) ;
#2307 = ORIENTED_EDGE ( 'NONE', *, *, #5478, .F. ) ;
#2308 = CARTESIAN_POINT ( 'NONE',  ( -0.6500000000000055733, 0.8000000000000000444, -1.650000000000001021 ) ) ;
#2309 = VERTEX_POINT ( 'NONE', #2825 ) ;
#2310 = DIRECTION ( 'NONE',  ( 1.000000000000000000, -0.000000000000000000, -6.033820786006285717E-16 ) ) ;
#2311 = VECTOR ( 'NONE', #3946, 1000.000000000000000 ) ;
#2312 = EDGE_CURVE ( 'NONE', #5538, #4789, #49, .T. ) ;
#2313 = VECTOR ( 'NONE', #562, 1000.000000000000000 ) ;
#2314 = LINE ( 'NONE', #4146, #2693 ) ;
#2315 = EDGE_CURVE ( 'NONE', #2950, #4933, #4716, .T. ) ;
#2316 = DIRECTION ( 'NONE',  ( -1.000000000000000000, 0.000000000000000000, 8.470329472543005856E-17 ) ) ;
#2317 = ORIENTED_EDGE ( 'NONE', *, *, #1734, .F. ) ;
#2318 = CARTESIAN_POINT ( 'NONE',  ( 7.179999999999998828, -0.5500000000000000444, 0.3199999999999015854 ) ) ;
#2319 = CIRCLE ( 'NONE', #2516, 0.7400000000000015454 ) ;
#2320 = ORIENTED_EDGE ( 'NONE', *, *, #210, .T. ) ;
#2321 = DIRECTION ( 'NONE',  ( 1.993935029858399636E-16, 0.000000000000000000, 1.000000000000000000 ) ) ;
#2322 = CARTESIAN_POINT ( 'NONE',  ( 7.179999999999998828, -0.5500000000000000444, 0.4199999999999015632 ) ) ;
#2323 = EDGE_CURVE ( 'NONE', #5169, #1512, #3319, .T. ) ;
#2324 = CARTESIAN_POINT ( 'NONE',  ( 0.3199999999999991185, -3.399999999999999911, -0.3200000000000999822 ) ) ;
#2325 = ORIENTED_EDGE ( 'NONE', *, *, #4372, .F. ) ;
#2326 = FACE_OUTER_BOUND ( 'NONE', #5577, .T. ) ;
#2327 = ORIENTED_EDGE ( 'NONE', *, *, #5065, .F. ) ;
#2328 = VERTEX_POINT ( 'NONE', #3798 ) ;
#2329 = ORIENTED_EDGE ( 'NONE', *, *, #4377, .T. ) ;
#2330 = CARTESIAN_POINT ( 'NONE',  ( 5.319999999999999396, -4.305096679918778868, 0.3199999999999527667 ) ) ;
#2331 = CARTESIAN_POINT ( 'NONE',  ( -1.750000000000000666, 0.000000000000000000, -1.649999999999999911 ) ) ;
#2332 = EDGE_LOOP ( 'NONE', ( #2748, #3865, #1540, #904, #5845 ) ) ;
#2333 = DIRECTION ( 'NONE',  ( 1.000000000000000000, -0.000000000000000000, 0.000000000000000000 ) ) ;
#2334 = DIRECTION ( 'NONE',  ( -0.000000000000000000, -1.000000000000000000, -0.000000000000000000 ) ) ;
#2335 = CARTESIAN_POINT ( 'NONE',  ( 7.819999999999998508, 0.000000000000000000, -0.3200000000000000622 ) ) ;
#2336 = ORIENTED_EDGE ( 'NONE', *, *, #1576, .F. ) ;
#2337 = LINE ( 'NONE', #3255, #4025 ) ;
#2338 = ORIENTED_EDGE ( 'NONE', *, *, #4345, .F. ) ;
#2339 = FACE_OUTER_BOUND ( 'NONE', #5050, .T. ) ;
#2340 = PLANE ( 'NONE',  #3283 ) ;
#2341 = DIRECTION ( 'NONE',  ( 2.891205793294677833E-16, -1.000000000000000000, 0.000000000000000000 ) ) ;
#2342 = ORIENTED_EDGE ( 'NONE', *, *, #1669, .F. ) ;
#2343 = CARTESIAN_POINT ( 'NONE',  ( 0.6499999999999952482, 0.000000000000000000, 3.399999999999993250 ) ) ;
#2344 = EDGE_CURVE ( 'NONE', #2756, #5459, #5440, .T. ) ;
#2345 = ADVANCED_FACE ( 'NONE', ( #1986 ), #1050, .T. ) ;
#2346 = ORIENTED_EDGE ( 'NONE', *, *, #5353, .T. ) ;
#2347 = PLANE ( 'NONE',  #4104 ) ;
#2348 = VECTOR ( 'NONE', #4106, 1000.000000000000000 ) ;
#2349 = CYLINDRICAL_SURFACE ( 'NONE', #4228, 0.5000000000000000000 ) ;
#2350 = VECTOR ( 'NONE', #1150, 1000.000000000000000 ) ;
#2351 = EDGE_CURVE ( 'NONE', #5642, #4815, #5157, .T. ) ;
#2352 = DIRECTION ( 'NONE',  ( -0.000000000000000000, -1.000000000000000000, -0.000000000000000000 ) ) ;
#2353 = CARTESIAN_POINT ( 'NONE',  ( 5.320000000000000284, 1.200000000000000622, 5.767955557622881065E-14 ) ) ;
#2354 = EDGE_LOOP ( 'NONE', ( #1959, #4556, #5872, #3666 ) ) ;
#2355 = LINE ( 'NONE', #1874, #153 ) ;
#2356 = EDGE_CURVE ( 'NONE', #970, #3116, #137, .T. ) ;
#2357 = EDGE_CURVE ( 'NONE', #5459, #4425, #1017, .T. ) ;
#2358 = AXIS2_PLACEMENT_3D ( 'NONE', #3124, #883, #2716 ) ;
#2359 = ORIENTED_EDGE ( 'NONE', *, *, #37, .F. ) ;
#2360 = EDGE_LOOP ( 'NONE', ( #2805, #5552, #2411, #4733 ) ) ;
#2361 = FACE_OUTER_BOUND ( 'NONE', #2645, .T. ) ;
#2362 = ADVANCED_FACE ( 'NONE', ( #1933 ), #5240, .F. ) ;
#2363 = CARTESIAN_POINT ( 'NONE',  ( 2.819999999999998952, -4.305096679918778868, 0.3199999999999527667 ) ) ;
#2364 = EDGE_CURVE ( 'NONE', #678, #2309, #3735, .T. ) ;
#2365 = VECTOR ( 'NONE', #4976, 1000.000000000000000 ) ;
#2366 = CARTESIAN_POINT ( 'NONE',  ( -0.6500000000000047962, 0.8000000000000000444, -2.350000000000000533 ) ) ;
#2367 = VERTEX_POINT ( 'NONE', #2343 ) ;
#2368 = LINE ( 'NONE', #1006, #4944 ) ;
#2369 = EDGE_CURVE ( 'NONE', #3396, #5468, #5212, .T. ) ;
#2370 = DIRECTION ( 'NONE',  ( -1.000000000000000000, 0.000000000000000000, 6.033820786006286703E-16 ) ) ;
#2371 = ORIENTED_EDGE ( 'NONE', *, *, #5260, .F. ) ;
#2372 = DIRECTION ( 'NONE',  ( -1.000000000000000000, 0.000000000000000000, 1.474684361169737143E-13 ) ) ;
#2373 = VERTEX_POINT ( 'NONE', #1082 ) ;
#2374 = LINE ( 'NONE', #1045, #2478 ) ;
#2375 = CARTESIAN_POINT ( 'NONE',  ( 5.649999999999997691, 0.8000000000000000444, 2.699999999999994849 ) ) ;
#2376 = CARTESIAN_POINT ( 'NONE',  ( 0.6499999999999952482, 0.8000000000000000444, -2.350000000000000533 ) ) ;
#2377 = VERTEX_POINT ( 'NONE', #2378 ) ;
#2378 = CARTESIAN_POINT ( 'NONE',  ( -0.3200000000000008393, -0.5798937576032422436, 0.3245727331609174482 ) ) ;
#2379 = VERTEX_POINT ( 'NONE', #2917 ) ;
#2380 = CARTESIAN_POINT ( 'NONE',  ( 2.179999999999999272, 6.499999999999997335, 0.3199999999999528222 ) ) ;
#2381 = DIRECTION ( 'NONE',  ( -0.000000000000000000, -0.000000000000000000, -1.000000000000000000 ) ) ;
#2382 = VECTOR ( 'NONE', #473, 1000.000000000000000 ) ;
#2383 =( NAMED_UNIT ( * ) PLANE_ANGLE_UNIT ( ) SI_UNIT ( $, .RADIAN. ) );
#2384 = DIRECTION ( 'NONE',  ( 5.421010862427522170E-16, 0.000000000000000000, -1.000000000000000000 ) ) ;
#2385 = ORIENTED_EDGE ( 'NONE', *, *, #4004, .T. ) ;
#2386 = DIRECTION ( 'NONE',  ( 0.000000000000000000, 0.000000000000000000, -1.000000000000000000 ) ) ;
#2387 = AXIS2_PLACEMENT_3D ( 'NONE', #4711, #5657, #131 ) ;
#2388 = ORIENTED_EDGE ( 'NONE', *, *, #138, .F. ) ;
#2389 = ORIENTED_EDGE ( 'NONE', *, *, #1795, .T. ) ;
#2390 = LINE ( 'NONE', #2025, #5868 ) ;
#2391 = AXIS2_PLACEMENT_3D ( 'NONE', #1923, #2816, #2933 ) ;
#2392 = EDGE_CURVE ( 'NONE', #3351, #780, #4743, .T. ) ;
#2393 = FACE_OUTER_BOUND ( 'NONE', #4744, .T. ) ;
#2394 = VECTOR ( 'NONE', #400, 1000.000000000000000 ) ;
#2395 = CARTESIAN_POINT ( 'NONE',  ( 0.000000000000000000, 1.200000000000000622, -0.3200000000000000622 ) ) ;
#2396 = EDGE_LOOP ( 'NONE', ( #260, #2486, #2636, #5616, #2774, #3688, #5656, #1633, #3956 ) ) ;
#2397 = DIRECTION ( 'NONE',  ( -3.738218059757837367E-32, 1.000000000000000000, -2.478176394252583606E-16 ) ) ;
#2398 = CYLINDRICAL_SURFACE ( 'NONE', #5631, 0.09999999999999999167 ) ;
#2399 = VECTOR ( 'NONE', #185, 1000.000000000000000 ) ;
#2400 = EDGE_CURVE ( 'NONE', #4070, #1512, #1960, .T. ) ;
#2401 = VERTEX_POINT ( 'NONE', #1202 ) ;
#2402 = CARTESIAN_POINT ( 'NONE',  ( 3.469446442919439169E-15, 4.000000000000000000, -1.650000000000000355 ) ) ;
#2403 = ORIENTED_EDGE ( 'NONE', *, *, #4376, .T. ) ;
#2404 = CARTESIAN_POINT ( 'NONE',  ( 9.250000000000000000, 6.497705265805027608, -1.649999999999999911 ) ) ;
#2405 = VECTOR ( 'NONE', #2652, 1000.000000000000000 ) ;
#2406 = CIRCLE ( 'NONE', #5785, 0.09999999999999996392 ) ;
#2407 = CARTESIAN_POINT ( 'NONE',  ( 7.179999999999998828, 6.800000000000000711, 0.2108089297200408940 ) ) ;
#2408 = LINE ( 'NONE', #4240, #2828 ) ;
#2409 = ORIENTED_EDGE ( 'NONE', *, *, #5897, .T. ) ;
#2410 = DIRECTION ( 'NONE',  ( 0.000000000000000000, -1.000000000000000000, 0.000000000000000000 ) ) ;
#2411 = ORIENTED_EDGE ( 'NONE', *, *, #4289, .F. ) ;
#2412 = FACE_OUTER_BOUND ( 'NONE', #1145, .T. ) ;
#2413 = VECTOR ( 'NONE', #1764, 1000.000000000000000 ) ;
#2414 = CARTESIAN_POINT ( 'NONE',  ( -0.6499999999999978018, 0.000000000000000000, 5.969556544854365931 ) ) ;
#2415 = DIRECTION ( 'NONE',  ( 1.084202172485503961E-14, -0.000000000000000000, -1.000000000000000000 ) ) ;
#2416 = VECTOR ( 'NONE', #2300, 1000.000000000000000 ) ;
#2417 = EDGE_LOOP ( 'NONE', ( #2385, #112, #1157, #2506 ) ) ;
#2418 = LINE ( 'NONE', #541, #5527 ) ;
#2419 = ORIENTED_EDGE ( 'NONE', *, *, #4809, .F. ) ;
#2420 = ORIENTED_EDGE ( 'NONE', *, *, #5842, .T. ) ;
#2421 = LINE ( 'NONE', #1124, #3557 ) ;
#2422 = DIRECTION ( 'NONE',  ( -1.000000000000000000, 0.000000000000000000, -6.033820786006286703E-16 ) ) ;
#2423 = DIRECTION ( 'NONE',  ( 1.000000000000000000, 0.000000000000000000, 0.000000000000000000 ) ) ;
#2424 = ORIENTED_EDGE ( 'NONE', *, *, #5041, .F. ) ;
#2425 = CARTESIAN_POINT ( 'NONE',  ( 0.000000000000000000, 0.5000000000000000000, 0.3200000000000000067 ) ) ;
#2426 = EDGE_CURVE ( 'NONE', #4390, #3116, #3457, .T. ) ;
#2427 = DIRECTION ( 'NONE',  ( -1.000000000000000000, 0.000000000000000000, 0.000000000000000000 ) ) ;
#2428 = EDGE_CURVE ( 'NONE', #2690, #2507, #2136, .T. ) ;
#2429 = VERTEX_POINT ( 'NONE', #2583 ) ;
#2430 = CARTESIAN_POINT ( 'NONE',  ( 3.149999999999996358, 0.8000000000000000444, -2.350000000000000089 ) ) ;
#2431 = EDGE_CURVE ( 'NONE', #1201, #2503, #715, .T. ) ;
#2432 = ORIENTED_EDGE ( 'NONE', *, *, #3424, .T. ) ;
#2433 = CARTESIAN_POINT ( 'NONE',  ( 5.155218880774182999, -3.552732404225390273, 0.1552188807741368415 ) ) ;
#2434 = ADVANCED_FACE ( 'NONE', ( #5271 ), #4418, .F. ) ;
#2435 = CARTESIAN_POINT ( 'NONE',  ( 8.149999999999998579, 0.8000000000000000444, -2.349999999999999645 ) ) ;
#2436 = SURFACE_SIDE_STYLE ('',( #4205 ) ) ;
#2437 = VERTEX_POINT ( 'NONE', #3556 ) ;
#2438 = CARTESIAN_POINT ( 'NONE',  ( 7.179999999999998828, -0.5500000000000000444, 0.4199999999999015632 ) ) ;
#2439 = ORIENTED_EDGE ( 'NONE', *, *, #293, .F. ) ;
#2440 = DIRECTION ( 'NONE',  ( -1.993935029858399143E-16, 0.000000000000000000, -1.000000000000000000 ) ) ;
#2441 = STYLED_ITEM ( 'NONE', ( #2915 ), #1065 ) ;
#2442 = ADVANCED_FACE ( 'NONE', ( #4385 ), #1113, .T. ) ;
#2443 = SURFACE_STYLE_USAGE ( .BOTH. , #2920 ) ;
#2444 = DIRECTION ( 'NONE',  ( -1.474684361169737143E-13, 0.000000000000000000, -1.000000000000000000 ) ) ;
#2445 = ORIENTED_EDGE ( 'NONE', *, *, #5041, .T. ) ;
#2446 = CARTESIAN_POINT ( 'NONE',  ( 7.179999999999998828, -1.670106242396757867, -0.004572733161116243443 ) ) ;
#2447 = ORIENTED_EDGE ( 'NONE', *, *, #2609, .F. ) ;
#2448 = ORIENTED_EDGE ( 'NONE', *, *, #3784, .T. ) ;
#2449 = CARTESIAN_POINT ( 'NONE',  ( 8.149999999999998579, 0.000000000000000000, 2.699999999999999734 ) ) ;
#2450 = ORIENTED_EDGE ( 'NONE', *, *, #5113, .F. ) ;
#2451 = CARTESIAN_POINT ( 'NONE',  ( 5.319999999999999396, -4.305096679918778868, 0.3199999999999527667 ) ) ;
#2452 = PLANE ( 'NONE',  #5795 ) ;
#2453 = VECTOR ( 'NONE', #3097, 1000.000000000000000 ) ;
#2454 = ORIENTED_EDGE ( 'NONE', *, *, #2792, .T. ) ;
#2455 = FACE_OUTER_BOUND ( 'NONE', #3492, .T. ) ;
#2456 = DIRECTION ( 'NONE',  ( -3.016910393003142859E-16, 0.000000000000000000, 1.000000000000000000 ) ) ;
#2457 = VECTOR ( 'NONE', #4550, 1000.000000000000000 ) ;
#2458 = ADVANCED_FACE ( 'NONE', ( #3496 ), #254, .F. ) ;
#2459 = EDGE_LOOP ( 'NONE', ( #4854, #1447, #1819, #2912 ) ) ;
#2460 = LINE ( 'NONE', #3700, #4307 ) ;
#2461 = EDGE_LOOP ( 'NONE', ( #164, #1030, #2448, #89 ) ) ;
#2462 = CARTESIAN_POINT ( 'NONE',  ( 7.819999999999998508, -0.7712138062639923852, -0.2861617746085797775 ) ) ;
#2463 = PLANE ( 'NONE',  #1163 ) ;
#2464 = ORIENTED_EDGE ( 'NONE', *, *, #918, .T. ) ;
#2465 = DIRECTION ( 'NONE',  ( 1.993935029858399390E-16, 0.000000000000000000, 1.000000000000000000 ) ) ;
#2466 = EDGE_CURVE ( 'NONE', #3514, #4280, #5850, .T. ) ;
#2467 = ORIENTED_EDGE ( 'NONE', *, *, #5736, .F. ) ;
#2468 = CARTESIAN_POINT ( 'NONE',  ( -1.749999999999999778, 0.5000000000000000000, 2.699999999999999734 ) ) ;
#2469 = LINE ( 'NONE', #4298, #5490 ) ;
#2470 = AXIS2_PLACEMENT_3D ( 'NONE', #1218, #4401, #3057 ) ;
#2471 = EDGE_LOOP ( 'NONE', ( #2342, #3657, #5786, #928 ) ) ;
#2472 = CARTESIAN_POINT ( 'NONE',  ( 7.179999999999998828, -2.849999999999999645, 0.3199999999999015854 ) ) ;
#2473 = VERTEX_POINT ( 'NONE', #2555 ) ;
#2474 = ORIENTED_EDGE ( 'NONE', *, *, #2206, .F. ) ;
#2475 = CARTESIAN_POINT ( 'NONE',  ( 2.180000000000006377, 1.200000000000000622, -0.3199999999999651457 ) ) ;
#2476 = CARTESIAN_POINT ( 'NONE',  ( 0.2108089297201383716, 6.800000000000000711, -0.2108089297202393186 ) ) ;
#2477 = LINE ( 'NONE', #3390, #1940 ) ;
#2478 = VECTOR ( 'NONE', #3819, 1000.000000000000000 ) ;
#2479 = ORIENTED_EDGE ( 'NONE', *, *, #3383, .F. ) ;
#2480 = CARTESIAN_POINT ( 'NONE',  ( 5.319999999999999396, -4.305096679918778868, -0.3200000000000471911 ) ) ;
#2481 = VECTOR ( 'NONE', #3282, 1000.000000000000000 ) ;
#2482 = DIRECTION ( 'NONE',  ( 0.000000000000000000, -0.000000000000000000, -1.000000000000000000 ) ) ;
#2483 = CARTESIAN_POINT ( 'NONE',  ( 9.249999999999998224, 1.200000000000000622, 2.699999999999999734 ) ) ;
#2484 = AXIS2_PLACEMENT_3D ( 'NONE', #5101, #1338, #5525 ) ;
#2485 = VECTOR ( 'NONE', #892, 1000.000000000000000 ) ;
#2486 = ORIENTED_EDGE ( 'NONE', *, *, #3132, .T. ) ;
#2487 = FACE_OUTER_BOUND ( 'NONE', #663, .T. ) ;
#2488 = ORIENTED_EDGE ( 'NONE', *, *, #2510, .F. ) ;
#2489 = DIRECTION ( 'NONE',  ( -5.669936867754744448E-16, -0.3420201433256653267, -0.9396926207859096492 ) ) ;
#2490 = EDGE_CURVE ( 'NONE', #4576, #1253, #2502, .T. ) ;
#2491 = LINE ( 'NONE', #1475, #5301 ) ;
#2492 = DIRECTION ( 'NONE',  ( 1.000000000000000000, -0.000000000000000000, 0.000000000000000000 ) ) ;
#2493 = EDGE_LOOP ( 'NONE', ( #2146, #4414, #2982, #3256 ) ) ;
#2494 = LINE ( 'NONE', #4324, #1525 ) ;
#2495 = ORIENTED_EDGE ( 'NONE', *, *, #4928, .T. ) ;
#2496 = PLANE ( 'NONE',  #1040 ) ;
#2497 = ADVANCED_FACE ( 'NONE', ( #3940 ), #1143, .F. ) ;
#2498 = EDGE_CURVE ( 'NONE', #2024, #4520, #4867, .T. ) ;
#2499 = AXIS2_PLACEMENT_3D ( 'NONE', #2324, #4596, #5132 ) ;
#2500 = EDGE_CURVE ( 'NONE', #509, #1994, #2045, .T. ) ;
#2501 = DIRECTION ( 'NONE',  ( -1.000000000000000000, 0.000000000000000000, 0.000000000000000000 ) ) ;
#2502 = CIRCLE ( 'NONE', #301, 0.1500000000000008271 ) ;
#2503 = VERTEX_POINT ( 'NONE', #4897 ) ;
#2504 = CARTESIAN_POINT ( 'NONE',  ( 3.469446951953614189E-15, 4.649999999999998579, 5.969556544854365931 ) ) ;
#2505 = AXIS2_PLACEMENT_3D ( 'NONE', #5753, #1371, #4050 ) ;
#2506 = ORIENTED_EDGE ( 'NONE', *, *, #2400, .T. ) ;
#2507 = VERTEX_POINT ( 'NONE', #5723 ) ;
#2508 = CARTESIAN_POINT ( 'NONE',  ( 2.819999999999998952, 6.499999999999997335, 0.3199999999999527667 ) ) ;
#2509 = ADVANCED_FACE ( 'NONE', ( #4804 ), #4444, .F. ) ;
#2510 = EDGE_CURVE ( 'NONE', #5937, #1987, #2525, .T. ) ;
#2511 = LINE ( 'NONE', #1067, #5439 ) ;
#2512 = LINE ( 'NONE', #211, #5498 ) ;
#2513 = ORIENTED_EDGE ( 'NONE', *, *, #1560, .F. ) ;
#2514 = PLANE ( 'NONE',  #5959 ) ;
#2515 = CARTESIAN_POINT ( 'NONE',  ( -1.750000000000000222, 1.200000000000000622, 3.489386302252199425E-16 ) ) ;
#2516 = AXIS2_PLACEMENT_3D ( 'NONE', #759, #4996, #323 ) ;
#2517 = DIRECTION ( 'NONE',  ( 0.000000000000000000, 0.000000000000000000, 1.000000000000000000 ) ) ;
#2518 = EDGE_LOOP ( 'NONE', ( #2777, #739, #2135, #1442 ) ) ;
#2519 = CARTESIAN_POINT ( 'NONE',  ( 0.000000000000000000, 0.8000000000000000444, 0.000000000000000000 ) ) ;
#2520 = ORIENTED_EDGE ( 'NONE', *, *, #3275, .T. ) ;
#2521 = PLANE ( 'NONE',  #5732 ) ;
#2522 = FACE_OUTER_BOUND ( 'NONE', #236, .T. ) ;
#2523 = CARTESIAN_POINT ( 'NONE',  ( 9.250000000000000000, 6.497705265805027608, -1.650000000000000133 ) ) ;
#2524 = EDGE_LOOP ( 'NONE', ( #173, #2143, #3215, #5715 ) ) ;
#2525 = LINE ( 'NONE', #4353, #2768 ) ;
#2526 = ORIENTED_EDGE ( 'NONE', *, *, #4921, .T. ) ;
#2527 = DIRECTION ( 'NONE',  ( -0.000000000000000000, 0.000000000000000000, 1.000000000000000000 ) ) ;
#2528 = EDGE_CURVE ( 'NONE', #1656, #2710, #2494, .T. ) ;
#2529 = ADVANCED_FACE ( 'NONE', ( #2075 ), #5758, .F. ) ;
#2530 = PLANE ( 'NONE',  #4607 ) ;
#2531 = EDGE_CURVE ( 'NONE', #5707, #1472, #1349, .T. ) ;
#2532 = ORIENTED_EDGE ( 'NONE', *, *, #455, .F. ) ;
#2533 = CARTESIAN_POINT ( 'NONE',  ( 4.349999999999996980, 0.5000000000000000000, -1.649999999999999911 ) ) ;
#2534 = VERTEX_POINT ( 'NONE', #4925 ) ;
#2535 = EDGE_LOOP ( 'NONE', ( #1165, #2835, #4108, #2650 ) ) ;
#2536 = CARTESIAN_POINT ( 'NONE',  ( 7.819999999999998508, -3.099999999999996536, -0.3200000000001004263 ) ) ;
#2537 = FACE_OUTER_BOUND ( 'NONE', #1075, .T. ) ;
#2538 = EDGE_CURVE ( 'NONE', #2548, #1182, #5909, .T. ) ;
#2539 = CARTESIAN_POINT ( 'NONE',  ( 5.649999999999997691, 0.8000000000000000444, 3.399999999999994138 ) ) ;
#2540 = EDGE_CURVE ( 'NONE', #422, #1142, #1291, .T. ) ;
#2541 = ORIENTED_EDGE ( 'NONE', *, *, #1285, .F. ) ;
#2542 = LINE ( 'NONE', #2623, #3265 ) ;
#2543 = CARTESIAN_POINT ( 'NONE',  ( -0.6500000000000047962, 0.8000000000000000444, 2.699999999999993960 ) ) ;
#2544 = LINE ( 'NONE', #2515, #5461 ) ;
#2545 = ADVANCED_FACE ( 'NONE', ( #2222 ), #4584, .F. ) ;
#2546 = CARTESIAN_POINT ( 'NONE',  ( -1.750000000000000666, 0.5000000000000000000, -1.649999999999999911 ) ) ;
#2547 = AXIS2_PLACEMENT_3D ( 'NONE', #1346, #2158, #3200 ) ;
#2548 = VERTEX_POINT ( 'NONE', #2308 ) ;
#2549 = DIRECTION ( 'NONE',  ( 0.000000000000000000, 0.000000000000000000, 1.000000000000000000 ) ) ;
#2550 = EDGE_CURVE ( 'NONE', #3082, #3528, #5446, .T. ) ;
#2551 = ORIENTED_EDGE ( 'NONE', *, *, #4378, .F. ) ;
#2552 = CARTESIAN_POINT ( 'NONE',  ( -1.750000000000000666, 0.5000000000000000000, -1.649999999999999911 ) ) ;
#2553 = FACE_OUTER_BOUND ( 'NONE', #4458, .T. ) ;
#2554 = ORIENTED_EDGE ( 'NONE', *, *, #3626, .T. ) ;
#2555 = CARTESIAN_POINT ( 'NONE',  ( 9.949999999999997513, 0.000000000000000000, 3.399999999999999911 ) ) ;
#2556 = VERTEX_POINT ( 'NONE', #1772 ) ;
#2557 = DIRECTION ( 'NONE',  ( -1.000000000000000000, 0.000000000000000000, -0.000000000000000000 ) ) ;
#2558 = DIRECTION ( 'NONE',  ( -1.000000000000000000, 0.000000000000000000, -0.000000000000000000 ) ) ;
#2559 = CARTESIAN_POINT ( 'NONE',  ( 7.179999999999998828, 6.800000000000000711, -0.2108089297202392631 ) ) ;
#2560 = ORIENTED_EDGE ( 'NONE', *, *, #2934, .T. ) ;
#2561 = CARTESIAN_POINT ( 'NONE',  ( 9.249999999999998224, 0.5000000000000000000, 2.699999999999999734 ) ) ;
#2562 = EDGE_LOOP ( 'NONE', ( #2076, #2447, #1395, #453 ) ) ;
#2563 = CARTESIAN_POINT ( 'NONE',  ( 7.179999999999998828, 6.800000000000000711, -0.3200000000001000378 ) ) ;
#2564 = CARTESIAN_POINT ( 'NONE',  ( 9.949999999999999289, 4.750000000000000888, -0.6249999999999991118 ) ) ;
#2565 = CARTESIAN_POINT ( 'NONE',  ( 7.710808929720138316, 6.800000000000000711, 0.3199999999999012523 ) ) ;
#2566 = VERTEX_POINT ( 'NONE', #3617 ) ;
#2567 = CARTESIAN_POINT ( 'NONE',  ( 2.819999999999998952, -4.305096679918778868, 0.3199999999999527667 ) ) ;
#2568 = CARTESIAN_POINT ( 'NONE',  ( -1.749999999999999778, 4.750000000000000888, -0.6249999999999991118 ) ) ;
#2569 = CARTESIAN_POINT ( 'NONE',  ( 1.849999999999995648, 0.000000000000000000, -1.649999999999999911 ) ) ;
#2570 = VECTOR ( 'NONE', #1090, 1000.000000000000000 ) ;
#2571 = VECTOR ( 'NONE', #4577, 1000.000000000000000 ) ;
#2572 = AXIS2_PLACEMENT_3D ( 'NONE', #1945, #4337, #1516 ) ;
#2573 = VERTEX_POINT ( 'NONE', #1798 ) ;
#2574 = LINE ( 'NONE', #5783, #4210 ) ;
#2575 = AXIS2_PLACEMENT_3D ( 'NONE', #2700, #3644, #5940 ) ;
#2576 = ORIENTED_EDGE ( 'NONE', *, *, #132, .F. ) ;
#2577 = DIRECTION ( 'NONE',  ( 0.000000000000000000, 0.9542726683898372642, 0.2989375760324216036 ) ) ;
#2578 = ORIENTED_EDGE ( 'NONE', *, *, #2550, .T. ) ;
#2579 = EDGE_CURVE ( 'NONE', #3355, #1122, #2871, .T. ) ;
#2580 = AXIS2_PLACEMENT_3D ( 'NONE', #5469, #2691, #2216 ) ;
#2581 = CARTESIAN_POINT ( 'NONE',  ( -0.6499999999999978018, 6.350000000000000533, -1.650000000000000355 ) ) ;
#2582 = EDGE_LOOP ( 'NONE', ( #13, #3495, #5750, #2888 ) ) ;
#2583 = CARTESIAN_POINT ( 'NONE',  ( -2.039999999999995151, 7.000000000000000000, -0.1249999999999992922 ) ) ;
#2584 = AXIS2_PLACEMENT_3D ( 'NONE', #971, #513, #485 ) ;
#2585 = EDGE_LOOP ( 'NONE', ( #2058, #5422, #1232, #1800 ) ) ;
#2586 = DIRECTION ( 'NONE',  ( -0.9396926207859096492, -0.3420201433256653822, 0.000000000000000000 ) ) ;
#2587 = VECTOR ( 'NONE', #3543, 1000.000000000000000 ) ;
#2588 = LINE ( 'NONE', #4388, #5982 ) ;
#2589 = LINE ( 'NONE', #4001, #4513 ) ;
#2590 = ORIENTED_EDGE ( 'NONE', *, *, #1215, .T. ) ;
#2591 = DIRECTION ( 'NONE',  ( 0.000000000000000000, 0.000000000000000000, 1.000000000000000000 ) ) ;
#2592 = ORIENTED_EDGE ( 'NONE', *, *, #3063, .T. ) ;
#2593 = DIRECTION ( 'NONE',  ( -1.000000000000000000, 0.000000000000000000, 0.000000000000000000 ) ) ;
#2594 = DIRECTION ( 'NONE',  ( -0.000000000000000000, -1.000000000000000000, -0.000000000000000000 ) ) ;
#2595 = AXIS2_PLACEMENT_3D ( 'NONE', #1249, #1191, #5865 ) ;
#2596 = AXIS2_PLACEMENT_3D ( 'NONE', #2414, #5244, #5728 ) ;
#2597 = ORIENTED_EDGE ( 'NONE', *, *, #811, .T. ) ;
#2598 = PLANE ( 'NONE',  #1428 ) ;
#2599 = LINE ( 'NONE', #5741, #2405 ) ;
#2600 = CARTESIAN_POINT ( 'NONE',  ( -0.3200000000000008393, -2.849999999999999645, 0.4199999999999011746 ) ) ;
#2601 = VECTOR ( 'NONE', #5152, 1000.000000000000000 ) ;
#2602 = CARTESIAN_POINT ( 'NONE',  ( 5.649999999999997691, 0.8000000000000000444, 2.699999999999999734 ) ) ;
#2603 = EDGE_CURVE ( 'NONE', #5430, #2713, #5507, .T. ) ;
#2604 = ORIENTED_EDGE ( 'NONE', *, *, #4377, .F. ) ;
#2605 = CARTESIAN_POINT ( 'NONE',  ( 0.3304727041753526273, 6.471226481757585525, 0.3304727041752549832 ) ) ;
#2606 = ORIENTED_EDGE ( 'NONE', *, *, #1284, .F. ) ;
#2607 = CARTESIAN_POINT ( 'NONE',  ( -1.749999999999999778, 1.200000000000000622, 2.699999999999999734 ) ) ;
#2608 = CARTESIAN_POINT ( 'NONE',  ( 7.179999999999998828, -3.399999999999999911, 0.2108089297200407553 ) ) ;
#2609 = EDGE_CURVE ( 'NONE', #3514, #754, #2637, .T. ) ;
#2610 = EDGE_CURVE ( 'NONE', #1142, #4446, #3136, .T. ) ;
#2611 = ORIENTED_EDGE ( 'NONE', *, *, #286, .T. ) ;
#2612 = DIRECTION ( 'NONE',  ( 6.033820786006286703E-16, 0.000000000000000000, -1.000000000000000000 ) ) ;
#2613 = EDGE_LOOP ( 'NONE', ( #1533, #4686, #3678, #1025 ) ) ;
#2614 = CARTESIAN_POINT ( 'NONE',  ( -1.750000000000000666, 0.5000000000000000000, -1.649999999999999911 ) ) ;
#2615 = DIRECTION ( 'NONE',  ( -1.000000000000000000, -0.000000000000000000, -0.000000000000000000 ) ) ;
#2616 = CARTESIAN_POINT ( 'NONE',  ( 7.710808929720137428, -3.399999999999999911, 0.2108089297200404499 ) ) ;
#2617 = ORIENTED_EDGE ( 'NONE', *, *, #2198, .F. ) ;
#2618 = DIRECTION ( 'NONE',  ( 1.000000000000000000, 0.000000000000000000, 0.000000000000000000 ) ) ;
#2619 = ORIENTED_EDGE ( 'NONE', *, *, #2686, .T. ) ;
#2620 = FACE_OUTER_BOUND ( 'NONE', #157, .T. ) ;
#2621 = DIRECTION ( 'NONE',  ( 1.508455196501571429E-16, 0.000000000000000000, 1.000000000000000000 ) ) ;
#2622 = VERTEX_POINT ( 'NONE', #4084 ) ;
#2623 = CARTESIAN_POINT ( 'NONE',  ( 0.3199999999999991185, -2.628786193736007082, -0.2861617746085790559 ) ) ;
#2624 = DIRECTION ( 'NONE',  ( 1.000000000000000000, 0.000000000000000000, -6.033820786006286703E-16 ) ) ;
#2625 = DIRECTION ( 'NONE',  ( 1.385750012179585182E-13, -0.3420201433256653822, 0.9396926207859096492 ) ) ;
#2626 = DIRECTION ( 'NONE',  ( 1.000000000000000000, 0.000000000000000000, 0.000000000000000000 ) ) ;
#2627 = DIRECTION ( 'NONE',  ( -0.000000000000000000, -0.9542726683898373752, -0.2989375760324211595 ) ) ;
#2628 = VECTOR ( 'NONE', #4685, 1000.000000000000000 ) ;
#2629 = ORIENTED_EDGE ( 'NONE', *, *, #3131, .T. ) ;
#2630 = LINE ( 'NONE', #4021, #4113 ) ;
#2631 = LINE ( 'NONE', #5533, #2365 ) ;
#2632 = VECTOR ( 'NONE', #1942, 1000.000000000000000 ) ;
#2633 = EDGE_CURVE ( 'NONE', #3693, #597, #865, .T. ) ;
#2634 = DIRECTION ( 'NONE',  ( 6.033820786006284731E-16, 0.000000000000000000, 1.000000000000000000 ) ) ;
#2635 = VECTOR ( 'NONE', #4190, 1000.000000000000114 ) ;
#2636 = ORIENTED_EDGE ( 'NONE', *, *, #5392, .F. ) ;
#2637 = LINE ( 'NONE', #7, #2485 ) ;
#2638 = ORIENTED_EDGE ( 'NONE', *, *, #2490, .F. ) ;
#2639 = CARTESIAN_POINT ( 'NONE',  ( 1.849999999999995648, 0.8000000000000000444, 3.399999999999993250 ) ) ;
#2640 = EDGE_CURVE ( 'NONE', #3503, #1948, #4886, .T. ) ;
#2641 = AXIS2_PLACEMENT_3D ( 'NONE', #3842, #3755, #1073 ) ;
#2642 = LINE ( 'NONE', #2110, #4427 ) ;
#2643 = EDGE_CURVE ( 'NONE', #5147, #107, #4529, .T. ) ;
#2644 = CARTESIAN_POINT ( 'NONE',  ( 8.000000000000000000, 6.500000000000000000, -1.651324865405185971 ) ) ;
#2645 = EDGE_LOOP ( 'NONE', ( #369, #1088, #2169, #1240 ) ) ;
#2646 = CARTESIAN_POINT ( 'NONE',  ( -2.180000000000001048, -3.399999999999999911, -0.3200000000000999822 ) ) ;
#2647 = VERTEX_POINT ( 'NONE', #1378 ) ;
#2648 = FACE_OUTER_BOUND ( 'NONE', #2685, .T. ) ;
#2649 = CARTESIAN_POINT ( 'NONE',  ( -1.750000000000000000, -1.500000000000000000, 1.523030399291526615 ) ) ;
#2650 = ORIENTED_EDGE ( 'NONE', *, *, #1910, .T. ) ;
#2651 = LINE ( 'NONE', #1642, #69 ) ;
#2652 = DIRECTION ( 'NONE',  ( 0.000000000000000000, 0.000000000000000000, -1.000000000000000000 ) ) ;
#2653 = ORIENTED_EDGE ( 'NONE', *, *, #1761, .T. ) ;
#2654 = CARTESIAN_POINT ( 'NONE',  ( 0.000000000000000000, 6.497705265805027608, -1.649999999999999911 ) ) ;
#2655 = CARTESIAN_POINT ( 'NONE',  ( 2.710808929720138316, -3.399999999999999911, -0.3200000000000999822 ) ) ;
#2656 = VECTOR ( 'NONE', #1701, 1000.000000000000000 ) ;
#2657 = DIRECTION ( 'NONE',  ( 0.000000000000000000, 0.000000000000000000, -1.000000000000000000 ) ) ;
#2658 = DIRECTION ( 'NONE',  ( -1.000000000000000000, -0.000000000000000000, -6.033820786006285717E-16 ) ) ;
#2659 = VECTOR ( 'NONE', #415, 1000.000000000000000 ) ;
#2660 = VECTOR ( 'NONE', #5407, 1000.000000000000000 ) ;
#2661 = PLANE ( 'NONE',  #4849 ) ;
#2662 = VECTOR ( 'NONE', #5571, 1000.000000000000114 ) ;
#2663 = ORIENTED_EDGE ( 'NONE', *, *, #2145, .T. ) ;
#2664 = DIRECTION ( 'NONE',  ( 0.000000000000000000, 0.000000000000000000, 1.000000000000000000 ) ) ;
#2665 = EDGE_CURVE ( 'NONE', #3084, #5272, #1830, .T. ) ;
#2666 = EDGE_LOOP ( 'NONE', ( #3076, #635, #5211, #3194 ) ) ;
#2667 = FACE_OUTER_BOUND ( 'NONE', #2890, .T. ) ;
#2668 = VECTOR ( 'NONE', #3515, 1000.000000000000000 ) ;
#2669 = AXIS2_PLACEMENT_3D ( 'NONE', #1559, #768, #5748 ) ;
#2670 = CARTESIAN_POINT ( 'NONE',  ( -0.6499999999999978018, 6.650000000000000355, -1.737927405783630919 ) ) ;
#2671 = VECTOR ( 'NONE', #1878, 1000.000000000000000 ) ;
#2672 = CARTESIAN_POINT ( 'NONE',  ( 5.319999999999996732, 1.200000000000000622, 0.3200000000000000067 ) ) ;
#2673 = EDGE_LOOP ( 'NONE', ( #4261, #5673, #5369, #2046 ) ) ;
#2674 = CARTESIAN_POINT ( 'NONE',  ( 8.149999999999998579, 0.8000000000000000444, 2.699999999999994849 ) ) ;
#2675 = EDGE_CURVE ( 'NONE', #1696, #3376, #72, .T. ) ;
#2676 = ORIENTED_EDGE ( 'NONE', *, *, #1585, .F. ) ;
#2677 = VECTOR ( 'NONE', #2482, 1000.000000000000000 ) ;
#2678 = CARTESIAN_POINT ( 'NONE',  ( 0.3199999999999991185, -1.699999999999999956, -0.1000000000000999811 ) ) ;
#2679 = CARTESIAN_POINT ( 'NONE',  ( -2.450000000000000178, 7.000000000000000000, -0.1249999999999992922 ) ) ;
#2680 = DIRECTION ( 'NONE',  ( 0.000000000000000000, 0.000000000000000000, 1.000000000000000000 ) ) ;
#2681 = ORIENTED_EDGE ( 'NONE', *, *, #1479, .T. ) ;
#2682 = CARTESIAN_POINT ( 'NONE',  ( -1.600000000000000089, -1.500000000000000000, 2.000000000000000000 ) ) ;
#2683 = EDGE_CURVE ( 'NONE', #3177, #5602, #3642, .T. ) ;
#2684 = EDGE_CURVE ( 'NONE', #2940, #100, #3226, .T. ) ;
#2685 = EDGE_LOOP ( 'NONE', ( #5128, #907, #3152, #5142, #5162 ) ) ;
#2686 = EDGE_CURVE ( 'NONE', #3221, #3722, #5045, .T. ) ;
#2687 = STYLED_ITEM ( 'NONE', ( #4749 ), #5083 ) ;
#2688 = DIRECTION ( 'NONE',  ( 1.000000000000000000, 0.000000000000000000, 0.000000000000000000 ) ) ;
#2689 = CARTESIAN_POINT ( 'NONE',  ( 5.649999999999997691, 0.000000000000000000, 3.399999999999994138 ) ) ;
#2690 = VERTEX_POINT ( 'NONE', #2725 ) ;
#2691 = DIRECTION ( 'NONE',  ( 0.000000000000000000, -0.000000000000000000, 1.000000000000000000 ) ) ;
#2692 = AXIS2_PLACEMENT_3D ( 'NONE', #4871, #2111, #4901 ) ;
#2693 = VECTOR ( 'NONE', #11, 1000.000000000000000 ) ;
#2694 = DIRECTION ( 'NONE',  ( 0.000000000000000000, 0.000000000000000000, 1.000000000000000000 ) ) ;
#2695 =( GEOMETRIC_REPRESENTATION_CONTEXT ( 3 ) GLOBAL_UNCERTAINTY_ASSIGNED_CONTEXT ( ( #4604 ) ) GLOBAL_UNIT_ASSIGNED_CONTEXT ( ( #2709, #4069, #2261 ) ) REPRESENTATION_CONTEXT ( 'NONE', 'WORKASPACE' ) );
#2696 = DIRECTION ( 'NONE',  ( -0.9396926207859096492, -0.3420201433256653822, -0.000000000000000000 ) ) ;
#2697 = ORIENTED_EDGE ( 'NONE', *, *, #5387, .F. ) ;
#2698 = DIRECTION ( 'NONE',  ( 1.000000000000000000, -0.000000000000000000, -6.033820786006285717E-16 ) ) ;
#2699 = ORIENTED_EDGE ( 'NONE', *, *, #60, .T. ) ;
#2700 = CARTESIAN_POINT ( 'NONE',  ( 0.3199999999999991740, -3.399999999999999911, 0.2108089297200924639 ) ) ;
#2701 = DIRECTION ( 'NONE',  ( 1.172110456741083412E-15, 0.000000000000000000, 1.000000000000000000 ) ) ;
#2702 = CARTESIAN_POINT ( 'NONE',  ( -0.3199999999999886824, 0.000000000000000000, 0.3200000000000524092 ) ) ;
#2703 = ORIENTED_EDGE ( 'NONE', *, *, #3723, .F. ) ;
#2704 = PLANE ( 'NONE',  #587 ) ;
#2705 = VERTEX_POINT ( 'NONE', #922 ) ;
#2706 = DIRECTION ( 'NONE',  ( 1.000000000000000000, -0.000000000000000000, -6.033820786006286703E-16 ) ) ;
#2707 = ADVANCED_FACE ( 'NONE', ( #2754 ), #1076, .F. ) ;
#2708 = APPLICATION_CONTEXT ( 'automotive_design' ) ;
#2709 =( LENGTH_UNIT ( ) NAMED_UNIT ( * ) SI_UNIT ( .MILLI., .METRE. ) );
#2710 = VERTEX_POINT ( 'NONE', #4734 ) ;
#2711 = CARTESIAN_POINT ( 'NONE',  ( 9.949999999999999289, 7.000000000000000000, -1.124999999999999334 ) ) ;
#2712 = EDGE_CURVE ( 'NONE', #5916, #2534, #2460, .T. ) ;
#2713 = VERTEX_POINT ( 'NONE', #1979 ) ;
#2714 = CARTESIAN_POINT ( 'NONE',  ( 7.179999999999998828, -3.099999999999996536, 0.3199999999999015854 ) ) ;
#2715 = EDGE_CURVE ( 'NONE', #975, #2373, #5654, .T. ) ;
#2716 = DIRECTION ( 'NONE',  ( 1.000000000000000000, 0.000000000000000000, -8.470329472543004623E-17 ) ) ;
#2717 = LINE ( 'NONE', #5929, #5491 ) ;
#2718 = ORIENTED_EDGE ( 'NONE', *, *, #2786, .T. ) ;
#2719 = EDGE_CURVE ( 'NONE', #2534, #3179, #2337, .T. ) ;
#2720 = DIRECTION ( 'NONE',  ( -0.000000000000000000, 1.000000000000000000, -0.000000000000000000 ) ) ;
#2721 = DIRECTION ( 'NONE',  ( 0.000000000000000000, 0.000000000000000000, 1.000000000000000000 ) ) ;
#2722 = EDGE_CURVE ( 'NONE', #4417, #792, #4709, .T. ) ;
#2723 = DIRECTION ( 'NONE',  ( 0.000000000000000000, 0.000000000000000000, -1.000000000000000000 ) ) ;
#2724 = ORIENTED_EDGE ( 'NONE', *, *, #2715, .F. ) ;
#2725 = CARTESIAN_POINT ( 'NONE',  ( 4.679999999999998828, -3.099999999999996536, 0.3199999999999528222 ) ) ;
#2726 = EDGE_LOOP ( 'NONE', ( #2001, #1906, #1149, #3995 ) ) ;
#2727 = CARTESIAN_POINT ( 'NONE',  ( 0.000000000000000000, 0.000000000000000000, 0.000000000000000000 ) ) ;
#2728 = AXIS2_PLACEMENT_3D ( 'NONE', #1316, #2696, #4527 ) ;
#2729 = LINE ( 'NONE', #498, #188 ) ;
#2730 = VECTOR ( 'NONE', #2091, 1000.000000000000114 ) ;
#2731 = DIRECTION ( 'NONE',  ( -0.9396926207859096492, -0.3420201433256653822, 0.000000000000000000 ) ) ;
#2732 = VERTEX_POINT ( 'NONE', #5601 ) ;
#2733 = CYLINDRICAL_SURFACE ( 'NONE', #99, 0.5000000000000004441 ) ;
#2734 = ORIENTED_EDGE ( 'NONE', *, *, #2063, .T. ) ;
#2735 = DIRECTION ( 'NONE',  ( -0.000000000000000000, -1.000000000000000000, -0.000000000000000000 ) ) ;
#2736 = PLANE ( 'NONE',  #1155 ) ;
#2737 = AXIS2_PLACEMENT_3D ( 'NONE', #5711, #244, #1582 ) ;
#2738 = VECTOR ( 'NONE', #4242, 1000.000000000000000 ) ;
#2739 = CARTESIAN_POINT ( 'NONE',  ( 0.000000000000000000, 7.000000000000000000, -2.350000000000000089 ) ) ;
#2740 = ORIENTED_EDGE ( 'NONE', *, *, #4560, .T. ) ;
#2741 = DIRECTION ( 'NONE',  ( 0.000000000000000000, 0.000000000000000000, -1.000000000000000000 ) ) ;
#2742 = ORIENTED_EDGE ( 'NONE', *, *, #731, .T. ) ;
#2743 = ORIENTED_EDGE ( 'NONE', *, *, #5313, .F. ) ;
#2744 = ORIENTED_EDGE ( 'NONE', *, *, #3609, .T. ) ;
#2745 = ADVANCED_FACE ( 'NONE', ( #1470 ), #1406, .F. ) ;
#2746 = CARTESIAN_POINT ( 'NONE',  ( 0.000000000000000000, 0.000000000000000000, -2.350000000000000089 ) ) ;
#2747 = CARTESIAN_POINT ( 'NONE',  ( 2.688731534135313517, 6.860657145849674343, -0.1887315341353424658 ) ) ;
#2748 = ORIENTED_EDGE ( 'NONE', *, *, #2874, .T. ) ;
#2749 = PLANE ( 'NONE',  #2580 ) ;
#2750 = EDGE_CURVE ( 'NONE', #2713, #3746, #5084, .T. ) ;
#2751 = CARTESIAN_POINT ( 'NONE',  ( 1.849999999999996536, 0.8000000000000000444, 2.699999999999993960 ) ) ;
#2752 = LINE ( 'NONE', #5708, #3358 ) ;
#2753 = ORIENTED_EDGE ( 'NONE', *, *, #3620, .T. ) ;
#2754 = FACE_OUTER_BOUND ( 'NONE', #5270, .T. ) ;
#2755 = EDGE_CURVE ( 'NONE', #754, #3916, #981, .T. ) ;
#2756 = VERTEX_POINT ( 'NONE', #2402 ) ;
#2757 = PLANE ( 'NONE',  #3164 ) ;
#2758 = VECTOR ( 'NONE', #1627, 1000.000000000000000 ) ;
#2759 = CARTESIAN_POINT ( 'NONE',  ( 6.849999999999999645, 0.8000000000000000444, 2.699999999999994849 ) ) ;
#2760 = DIRECTION ( 'NONE',  ( -0.000000000000000000, 0.000000000000000000, 1.000000000000000000 ) ) ;
#2761 = CIRCLE ( 'NONE', #5274, 0.4000000000000010214 ) ;
#2762 = ORIENTED_EDGE ( 'NONE', *, *, #504, .F. ) ;
#2763 = LINE ( 'NONE', #2318, #1262 ) ;
#2764 = ORIENTED_EDGE ( 'NONE', *, *, #2392, .F. ) ;
#2765 = PLANE ( 'NONE',  #3652 ) ;
#2766 = DIRECTION ( 'NONE',  ( -1.000000000000000000, 0.000000000000000000, 8.470329472543005856E-17 ) ) ;
#2767 = AXIS2_PLACEMENT_3D ( 'NONE', #4647, #1529, #4262 ) ;
#2768 = VECTOR ( 'NONE', #4772, 1000.000000000000000 ) ;
#2769 = ORIENTED_EDGE ( 'NONE', *, *, #4837, .T. ) ;
#2770 = CARTESIAN_POINT ( 'NONE',  ( 5.320000000000000284, 0.5000000000000000000, 5.767955557622881065E-14 ) ) ;
#2771 = ORIENTED_EDGE ( 'NONE', *, *, #356, .T. ) ;
#2772 = ORIENTED_EDGE ( 'NONE', *, *, #5788, .F. ) ;
#2773 = VECTOR ( 'NONE', #2898, 1000.000000000000000 ) ;
#2774 = ORIENTED_EDGE ( 'NONE', *, *, #1766, .T. ) ;
#2775 = CARTESIAN_POINT ( 'NONE',  ( 7.500000000000000888, 3.999999999999998224, -2.350000000000000089 ) ) ;
#2776 = CARTESIAN_POINT ( 'NONE',  ( 7.819999999999996732, -2.849999999999999201, -0.3200000000001002043 ) ) ;
#2777 = ORIENTED_EDGE ( 'NONE', *, *, #3063, .F. ) ;
#2778 = CARTESIAN_POINT ( 'NONE',  ( 0.000000000000000000, 7.000000000000000000, -2.350000000000000089 ) ) ;
#2779 = LINE ( 'NONE', #4609, #3237 ) ;
#2780 = VECTOR ( 'NONE', #4884, 1000.000000000000000 ) ;
#2781 = EDGE_CURVE ( 'NONE', #2367, #5345, #1527, .T. ) ;
#2782 = DIRECTION ( 'NONE',  ( -1.000000000000000000, 0.000000000000000000, 0.000000000000000000 ) ) ;
#2783 = AXIS2_PLACEMENT_3D ( 'NONE', #3857, #4691, #568 ) ;
#2784 = ORIENTED_EDGE ( 'NONE', *, *, #4923, .T. ) ;
#2785 = CARTESIAN_POINT ( 'NONE',  ( 9.250000000000000000, 5.250000000000000888, -1.124999999999999334 ) ) ;
#2786 = EDGE_CURVE ( 'NONE', #438, #3177, #5173, .T. ) ;
#2787 = ORIENTED_EDGE ( 'NONE', *, *, #2675, .T. ) ;
#2788 = CARTESIAN_POINT ( 'NONE',  ( 2.180000000000006377, 0.5000000000000000000, 0.000000000000000000 ) ) ;
#2789 = VECTOR ( 'NONE', #1598, 1000.000000000000000 ) ;
#2790 = VECTOR ( 'NONE', #3156, 1000.000000000000000 ) ;
#2791 = EDGE_CURVE ( 'NONE', #3100, #1069, #2848, .T. ) ;
#2792 = EDGE_CURVE ( 'NONE', #4991, #3047, #5148, .T. ) ;
#2793 = CARTESIAN_POINT ( 'NONE',  ( 7.179999999999998828, -0.5500000000000000444, 0.4199999999999015632 ) ) ;
#2794 = LINE ( 'NONE', #625, #2244 ) ;
#2795 = ORIENTED_EDGE ( 'NONE', *, *, #18, .T. ) ;
#2796 = DIRECTION ( 'NONE',  ( -1.000000000000000000, 0.000000000000000000, 6.033820786006285717E-16 ) ) ;
#2797 = AXIS2_PLACEMENT_3D ( 'NONE', #1872, #3712, #5548 ) ;
#2798 = EDGE_LOOP ( 'NONE', ( #5002, #5137, #1588, #3053 ) ) ;
#2799 = CARTESIAN_POINT ( 'NONE',  ( 0.6499999999999952482, 0.8000000000000000444, 2.699999999999993960 ) ) ;
#2800 = VECTOR ( 'NONE', #1506, 1000.000000000000000 ) ;
#2801 = LINE ( 'NONE', #4626, #748 ) ;
#2802 = PLANE ( 'NONE',  #2988 ) ;
#2803 = PRODUCT_CONTEXT ( 'NONE', #2708, 'mechanical' ) ;
#2804 = DIRECTION ( 'NONE',  ( -1.000000000000000000, 0.000000000000000000, 1.993935029858399390E-16 ) ) ;
#2805 = ORIENTED_EDGE ( 'NONE', *, *, #4437, .T. ) ;
#2806 = DIRECTION ( 'NONE',  ( -1.000000000000000000, 0.000000000000000000, 0.000000000000000000 ) ) ;
#2807 = EDGE_CURVE ( 'NONE', #3082, #3306, #557, .T. ) ;
#2808 = VERTEX_POINT ( 'NONE', #2785 ) ;
#2809 = ORIENTED_EDGE ( 'NONE', *, *, #1809, .F. ) ;
#2810 = FACE_BOUND ( 'NONE', #2044, .T. ) ;
#2811 = DIRECTION ( 'NONE',  ( -1.000000000000000000, 0.000000000000000000, -6.033820786006286703E-16 ) ) ;
#2812 = LINE ( 'NONE', #1519, #784 ) ;
#2813 = ORIENTED_EDGE ( 'NONE', *, *, #357, .F. ) ;
#2814 = VECTOR ( 'NONE', #3077, 1000.000000000000000 ) ;
#2815 = DIRECTION ( 'NONE',  ( -0.000000000000000000, -1.000000000000000000, -0.000000000000000000 ) ) ;
#2816 = DIRECTION ( 'NONE',  ( 0.000000000000000000, -0.000000000000000000, 1.000000000000000000 ) ) ;
#2817 = VERTEX_POINT ( 'NONE', #4233 ) ;
#2818 = CARTESIAN_POINT ( 'NONE',  ( 0.3199999999999991185, 6.800000000000000711, 0.2108089297200408940 ) ) ;
#2819 = ORIENTED_EDGE ( 'NONE', *, *, #4543, .T. ) ;
#2820 = CARTESIAN_POINT ( 'NONE',  ( 1.849999999999996536, 0.8000000000000000444, 2.699999999999993960 ) ) ;
#2821 = AXIS2_PLACEMENT_3D ( 'NONE', #5972, #4533, #2254 ) ;
#2822 = CARTESIAN_POINT ( 'NONE',  ( 0.6499999999999978018, 3.999999999999999112, -1.650000000000000355 ) ) ;
#2823 = CARTESIAN_POINT ( 'NONE',  ( 7.819999999999998508, 0.000000000000000000, 0.3200000000000000067 ) ) ;
#2824 = ORIENTED_EDGE ( 'NONE', *, *, #2048, .F. ) ;
#2825 = CARTESIAN_POINT ( 'NONE',  ( -0.3200000000000008393, -1.921213806263992296, 0.6061617746083807212 ) ) ;
#2826 = EDGE_LOOP ( 'NONE', ( #4782, #1264, #1458, #1016, #1335 ) ) ;
#2827 = FACE_OUTER_BOUND ( 'NONE', #1298, .T. ) ;
#2828 = VECTOR ( 'NONE', #224, 1000.000000000000000 ) ;
#2829 = EDGE_CURVE ( 'NONE', #1967, #5634, #5537, .T. ) ;
#2830 = CARTESIAN_POINT ( 'NONE',  ( -0.3200000000000008393, -1.699999999999999956, -0.1000000000001003558 ) ) ;
#2831 = EDGE_CURVE ( 'NONE', #3203, #3084, #494, .T. ) ;
#2832 = FACE_OUTER_BOUND ( 'NONE', #2294, .T. ) ;
#2833 = EDGE_LOOP ( 'NONE', ( #1422, #4089, #5100, #255 ) ) ;
#2834 = CARTESIAN_POINT ( 'NONE',  ( -1.600000000000000089, -1.225252258054540855, 2.000000000000000000 ) ) ;
#2835 = ORIENTED_EDGE ( 'NONE', *, *, #1018, .F. ) ;
#2836 = FACE_OUTER_BOUND ( 'NONE', #2354, .T. ) ;
#2837 = CIRCLE ( 'NONE', #230, 0.1500000000000008271 ) ;
#2838 = ORIENTED_EDGE ( 'NONE', *, *, #1560, .T. ) ;
#2839 = ORIENTED_EDGE ( 'NONE', *, *, #2164, .T. ) ;
#2840 = VECTOR ( 'NONE', #2465, 1000.000000000000000 ) ;
#2841 = CARTESIAN_POINT ( 'NONE',  ( 2.710808929720138316, 6.800000000000000711, 0.000000000000000000 ) ) ;
#2842 = DIRECTION ( 'NONE',  ( 0.000000000000000000, 0.000000000000000000, -1.000000000000000000 ) ) ;
#2843 = FACE_OUTER_BOUND ( 'NONE', #5388, .T. ) ;
#2844 = VERTEX_POINT ( 'NONE', #5204 ) ;
#2845 = DIRECTION ( 'NONE',  ( 0.000000000000000000, 0.000000000000000000, 1.000000000000000000 ) ) ;
#2846 = DIRECTION ( 'NONE',  ( -0.000000000000000000, -1.000000000000000000, -0.000000000000000000 ) ) ;
#2847 = ORIENTED_EDGE ( 'NONE', *, *, #3687, .T. ) ;
#2848 = LINE ( 'NONE', #2818, #1722 ) ;
#2849 = VERTEX_POINT ( 'NONE', #4168 ) ;
#2850 = LINE ( 'NONE', #2462, #3551 ) ;
#2851 = CARTESIAN_POINT ( 'NONE',  ( -1.750000000000000444, 6.497705265805025832, -1.124999999999999112 ) ) ;
#2852 = LINE ( 'NONE', #1015, #2628 ) ;
#2853 = ORIENTED_EDGE ( 'NONE', *, *, #5831, .F. ) ;
#2854 = DIRECTION ( 'NONE',  ( -1.000000000000000000, 0.000000000000000000, -6.033820786006286703E-16 ) ) ;
#2855 = ORIENTED_EDGE ( 'NONE', *, *, #725, .F. ) ;
#2856 = CARTESIAN_POINT ( 'NONE',  ( 5.337610695313300294E-15, 4.000000000000000000, -2.350000000000000089 ) ) ;
#2857 = EDGE_CURVE ( 'NONE', #275, #640, #5626, .T. ) ;
#2858 = VECTOR ( 'NONE', #1414, 1000.000000000000114 ) ;
#2859 = PLANE ( 'NONE',  #5399 ) ;
#2860 = AXIS2_PLACEMENT_3D ( 'NONE', #1846, #5521, #3241 ) ;
#2861 = EDGE_CURVE ( 'NONE', #2690, #1290, #5569, .T. ) ;
#2862 = DIRECTION ( 'NONE',  ( -1.000000000000000000, -0.000000000000000000, -0.000000000000000000 ) ) ;
#2863 = EDGE_CURVE ( 'NONE', #3797, #4902, #1043, .T. ) ;
#2864 = ORIENTED_EDGE ( 'NONE', *, *, #569, .F. ) ;
#2865 = LINE ( 'NONE', #634, #411 ) ;
#2866 = VECTOR ( 'NONE', #4738, 1000.000000000000000 ) ;
#2867 = VERTEX_POINT ( 'NONE', #3844 ) ;
#2868 = ORIENTED_EDGE ( 'NONE', *, *, #1576, .T. ) ;
#2869 = FACE_OUTER_BOUND ( 'NONE', #5817, .T. ) ;
#2870 = LINE ( 'NONE', #5140, #4649 ) ;
#2871 = CIRCLE ( 'NONE', #4500, 0.1499999999999999667 ) ;
#2872 = CARTESIAN_POINT ( 'NONE',  ( 7.179999999999998828, -1.699999999999999956, -0.1000000000000999811 ) ) ;
#2873 = EDGE_CURVE ( 'NONE', #4259, #2690, #5330, .T. ) ;
#2874 = EDGE_CURVE ( 'NONE', #3234, #4563, #5686, .T. ) ;
#2875 = EDGE_LOOP ( 'NONE', ( #3209, #3302, #191, #5013 ) ) ;
#2876 = CARTESIAN_POINT ( 'NONE',  ( -1.750000000000000666, 0.5000000000000000000, -1.649999999999999911 ) ) ;
#2877 = ADVANCED_FACE ( 'NONE', ( #3491 ), #3903, .F. ) ;
#2878 = CARTESIAN_POINT ( 'NONE',  ( -0.6500000000000055733, 0.8000000000000000444, 3.399999999999993250 ) ) ;
#2879 = AXIS2_PLACEMENT_3D ( 'NONE', #4226, #5594, #1975 ) ;
#2880 = VERTEX_POINT ( 'NONE', #3040 ) ;
#2881 = DIRECTION ( 'NONE',  ( 3.987870059716799273E-16, 0.000000000000000000, -1.000000000000000000 ) ) ;
#2882 = ORIENTED_EDGE ( 'NONE', *, *, #4809, .T. ) ;
#2883 = DIRECTION ( 'NONE',  ( -1.993935029858399143E-16, 0.000000000000000000, -1.000000000000000000 ) ) ;
#2884 = AXIS2_PLACEMENT_3D ( 'NONE', #2834, #1570, #602 ) ;
#2885 = VECTOR ( 'NONE', #5348, 1000.000000000000000 ) ;
#2886 = CARTESIAN_POINT ( 'NONE',  ( 0.000000000000000000, 6.497705265805025832, -1.649999999999999911 ) ) ;
#2887 = LINE ( 'NONE', #1048, #5917 ) ;
#2888 = ORIENTED_EDGE ( 'NONE', *, *, #1099, .F. ) ;
#2889 = DIRECTION ( 'NONE',  ( 6.033820786006285717E-16, 0.000000000000000000, -1.000000000000000000 ) ) ;
#2890 = EDGE_LOOP ( 'NONE', ( #4593, #4911, #772, #4158 ) ) ;
#2891 = CARTESIAN_POINT ( 'NONE',  ( 9.249999999999998224, 0.5000000000000000000, 2.699999999999999734 ) ) ;
#2892 = VECTOR ( 'NONE', #5085, 1000.000000000000000 ) ;
#2893 = DIRECTION ( 'NONE',  ( -1.000000000000000000, 0.000000000000000000, 1.474684361169737143E-13 ) ) ;
#2894 = ORIENTED_EDGE ( 'NONE', *, *, #5121, .T. ) ;
#2895 = LINE ( 'NONE', #2021, #4643 ) ;
#2896 = ORIENTED_EDGE ( 'NONE', *, *, #534, .F. ) ;
#2897 = EDGE_LOOP ( 'NONE', ( #4299, #3616, #4917, #1063 ) ) ;
#2898 = DIRECTION ( 'NONE',  ( 0.000000000000000000, 0.000000000000000000, -1.000000000000000000 ) ) ;
#2899 = EDGE_CURVE ( 'NONE', #5361, #939, #1615, .T. ) ;
#2900 = DIRECTION ( 'NONE',  ( -6.033820786006285717E-16, 0.000000000000000000, -1.000000000000000000 ) ) ;
#2901 = ADVANCED_FACE ( 'NONE', ( #4764 ), #2007, .F. ) ;
#2902 = PLANE ( 'NONE',  #5005 ) ;
#2903 = ORIENTED_EDGE ( 'NONE', *, *, #5021, .F. ) ;
#2904 = PLANE ( 'NONE',  #3743 ) ;
#2905 = CARTESIAN_POINT ( 'NONE',  ( 0.000000000000000000, 0.000000000000000000, 3.399999999999999911 ) ) ;
#2906 = ADVANCED_FACE ( 'NONE', ( #647 ), #5295, .T. ) ;
#2907 = ADVANCED_FACE ( 'NONE', ( #2487 ), #2039, .F. ) ;
#2908 = EDGE_CURVE ( 'NONE', #4742, #1238, #2096, .T. ) ;
#2909 = ADVANCED_FACE ( 'NONE', ( #3010 ), #5262, .F. ) ;
#2910 = VERTEX_POINT ( 'NONE', #4347 ) ;
#2911 = DIRECTION ( 'NONE',  ( 1.000000000000000000, 0.000000000000000000, 0.000000000000000000 ) ) ;
#2912 = ORIENTED_EDGE ( 'NONE', *, *, #1539, .F. ) ;
#2913 = DIRECTION ( 'NONE',  ( 0.000000000000000000, 0.000000000000000000, -1.000000000000000000 ) ) ;
#2914 = DIRECTION ( 'NONE',  ( 1.000000000000000000, 0.000000000000000000, 0.000000000000000000 ) ) ;
#2915 = PRESENTATION_STYLE_ASSIGNMENT (( #79 ) ) ;
#2916 = VERTEX_POINT ( 'NONE', #218 ) ;
#2917 = CARTESIAN_POINT ( 'NONE',  ( 8.000017553710529583, 6.497705265805027608, -1.650000000000000355 ) ) ;
#2918 = EDGE_LOOP ( 'NONE', ( #2137, #4480, #5986, #1658 ) ) ;
#2919 = CARTESIAN_POINT ( 'NONE',  ( -0.3199999999999886824, 1.200000000000000622, 0.3200000000000524092 ) ) ;
#2920 = SURFACE_SIDE_STYLE ('',( #4719 ) ) ;
#2921 = CARTESIAN_POINT ( 'NONE',  ( 5.649999999999997691, 0.000000000000000000, -1.649999999999999911 ) ) ;
#2922 = VECTOR ( 'NONE', #596, 1000.000000000000000 ) ;
#2923 = ORIENTED_EDGE ( 'NONE', *, *, #1914, .T. ) ;
#2924 = DIRECTION ( 'NONE',  ( -0.3236155771181830620, -0.8891264907159900366, -0.3236155771181817853 ) ) ;
#2925 = ORIENTED_EDGE ( 'NONE', *, *, #2861, .F. ) ;
#2926 = ORIENTED_EDGE ( 'NONE', *, *, #5842, .F. ) ;
#2927 = VECTOR ( 'NONE', #1487, 1000.000000000000000 ) ;
#2928 = CARTESIAN_POINT ( 'NONE',  ( -1.600000000000000089, -1.225252258054540855, 2.000000000000000000 ) ) ;
#2929 = DIRECTION ( 'NONE',  ( -0.9396926207859100932, -0.3420201433256642165, 5.669936867754746420E-16 ) ) ;
#2930 = CARTESIAN_POINT ( 'NONE',  ( 9.949999999999999289, 7.000000000000000000, -0.1249999999999992922 ) ) ;
#2931 = VECTOR ( 'NONE', #5293, 999.9999999999998863 ) ;
#2932 = ORIENTED_EDGE ( 'NONE', *, *, #856, .T. ) ;
#2933 = DIRECTION ( 'NONE',  ( 1.000000000000000000, 0.000000000000000000, -0.000000000000000000 ) ) ;
#2934 = EDGE_CURVE ( 'NONE', #1967, #545, #1679, .T. ) ;
#2935 = DIRECTION ( 'NONE',  ( 1.000000000000000000, -0.000000000000000000, 0.000000000000000000 ) ) ;
#2936 = LINE ( 'NONE', #3036, #2730 ) ;
#2937 = VECTOR ( 'NONE', #1794, 1000.000000000000000 ) ;
#2938 = EDGE_CURVE ( 'NONE', #3100, #3213, #679, .T. ) ;
#2939 = EDGE_CURVE ( 'NONE', #3834, #4425, #2574, .T. ) ;
#2940 = VERTEX_POINT ( 'NONE', #1101 ) ;
#2941 = CARTESIAN_POINT ( 'NONE',  ( 0.2108089297201392598, -3.399999999999999911, -0.2108089297202393742 ) ) ;
#2942 = VERTEX_POINT ( 'NONE', #2941 ) ;
#2943 = CARTESIAN_POINT ( 'NONE',  ( 8.149999999999998579, 0.8000000000000000444, -2.349999999999999645 ) ) ;
#2944 = LINE ( 'NONE', #1109, #3378 ) ;
#2945 = DIRECTION ( 'NONE',  ( -0.000000000000000000, 1.000000000000000000, -0.000000000000000000 ) ) ;
#2946 = EDGE_CURVE ( 'NONE', #2401, #2081, #3962, .T. ) ;
#2947 = ADVANCED_FACE ( 'NONE', ( #1224 ), #4794, .T. ) ;
#2948 = ORIENTED_EDGE ( 'NONE', *, *, #5704, .T. ) ;
#2949 = DIRECTION ( 'NONE',  ( 0.000000000000000000, -1.000000000000000000, 0.000000000000000000 ) ) ;
#2950 = VERTEX_POINT ( 'NONE', #5716 ) ;
#2951 = DIRECTION ( 'NONE',  ( -1.000000000000000000, 1.094764425253763580E-47, 6.033820786006286703E-16 ) ) ;
#2952 = ADVANCED_FACE ( 'NONE', ( #1587 ), #1132, .T. ) ;
#2953 = CARTESIAN_POINT ( 'NONE',  ( 0.000000000000000000, 0.000000000000000000, 0.000000000000000000 ) ) ;
#2954 = CARTESIAN_POINT ( 'NONE',  ( 0.3199999999999991185, -3.399999999999999911, -0.2108089297202393186 ) ) ;
#2955 = ORIENTED_EDGE ( 'NONE', *, *, #3960, .F. ) ;
#2956 = DIRECTION ( 'NONE',  ( 1.000000000000000000, -0.000000000000000000, -6.033820786006286703E-16 ) ) ;
#2957 = ORIENTED_EDGE ( 'NONE', *, *, #5749, .F. ) ;
#2958 = ORIENTED_EDGE ( 'NONE', *, *, #1662, .T. ) ;
#2959 = CARTESIAN_POINT ( 'NONE',  ( 8.000000000000000000, 6.500000000000000000, 5.969556544854365931 ) ) ;
#2960 = VECTOR ( 'NONE', #5888, 1000.000000000000000 ) ;
#2961 = FACE_OUTER_BOUND ( 'NONE', #5508, .T. ) ;
#2962 = CARTESIAN_POINT ( 'NONE',  ( 6.849999999999999645, 0.8000000000000000444, 2.699999999999994849 ) ) ;
#2963 = VECTOR ( 'NONE', #4955, 1000.000000000000000 ) ;
#2964 = ORIENTED_EDGE ( 'NONE', *, *, #4404, .T. ) ;
#2965 = CARTESIAN_POINT ( 'NONE',  ( 7.819999999999998508, -2.820106242396757779, 0.3245727331609174482 ) ) ;
#2966 = VECTOR ( 'NONE', #5740, 1000.000000000000000 ) ;
#2967 = DIRECTION ( 'NONE',  ( 0.000000000000000000, 0.000000000000000000, 1.000000000000000000 ) ) ;
#2968 = CARTESIAN_POINT ( 'NONE',  ( -0.6499999999999978018, 4.649999999999998579, -2.350000000000000089 ) ) ;
#2969 = VECTOR ( 'NONE', #4410, 1000.000000000000000 ) ;
#2970 = VECTOR ( 'NONE', #5325, 1000.000000000000000 ) ;
#2971 = AXIS2_PLACEMENT_3D ( 'NONE', #2928, #118, #4784 ) ;
#2972 = ADVANCED_FACE ( 'NONE', ( #1254 ), #1314, .F. ) ;
#2973 = VECTOR ( 'NONE', #1431, 1000.000000000000000 ) ;
#2974 = EDGE_LOOP ( 'NONE', ( #2560, #5220, #2236, #1985 ) ) ;
#2975 = DIRECTION ( 'NONE',  ( 0.000000000000000000, -1.000000000000000000, 0.000000000000000000 ) ) ;
#2976 = ORIENTED_EDGE ( 'NONE', *, *, #5904, .T. ) ;
#2977 = PLANE ( 'NONE',  #4582 ) ;
#2978 = EDGE_CURVE ( 'NONE', #4432, #422, #4549, .T. ) ;
#2979 = ADVANCED_FACE ( 'NONE', ( #4918 ), #2749, .F. ) ;
#2980 = CARTESIAN_POINT ( 'NONE',  ( 9.250000000000000000, 0.5000000000000000000, -1.649999999999999911 ) ) ;
#2981 = CARTESIAN_POINT ( 'NONE',  ( 5.649999999999997691, 0.8000000000000000444, -1.650000000000000355 ) ) ;
#2982 = ORIENTED_EDGE ( 'NONE', *, *, #3463, .F. ) ;
#2983 = DIRECTION ( 'NONE',  ( -1.000000000000000000, 0.000000000000000000, -0.000000000000000000 ) ) ;
#2984 = ORIENTED_EDGE ( 'NONE', *, *, #2712, .T. ) ;
#2985 = DIRECTION ( 'NONE',  ( 0.000000000000000000, 0.000000000000000000, -1.000000000000000000 ) ) ;
#2986 = VECTOR ( 'NONE', #4213, 1000.000000000000000 ) ;
#2987 = ADVANCED_FACE ( 'NONE', ( #304 ), #2155, .F. ) ;
#2988 = AXIS2_PLACEMENT_3D ( 'NONE', #1901, #4154, #537 ) ;
#2989 = CARTESIAN_POINT ( 'NONE',  ( 9.949999999999999289, 7.000000000000000000, -0.1249999999999992922 ) ) ;
#2990 = EDGE_CURVE ( 'NONE', #1100, #3243, #5010, .T. ) ;
#2991 = LINE ( 'NONE', #4811, #2027 ) ;
#2992 = ORIENTED_EDGE ( 'NONE', *, *, #4289, .T. ) ;
#2993 = FACE_OUTER_BOUND ( 'NONE', #4215, .T. ) ;
#2994 = AXIS2_PLACEMENT_3D ( 'NONE', #2268, #5901, #4099 ) ;
#2995 = EDGE_LOOP ( 'NONE', ( #1337, #2699, #2638, #2772, #1365 ) ) ;
#2996 = ORIENTED_EDGE ( 'NONE', *, *, #5488, .F. ) ;
#2997 = LINE ( 'NONE', #1185, #2187 ) ;
#2998 = VECTOR ( 'NONE', #3016, 1000.000000000000000 ) ;
#2999 = VECTOR ( 'NONE', #1881, 1000.000000000000000 ) ;
#3000 = LINE ( 'NONE', #2085, #3191 ) ;
#3001 = EDGE_CURVE ( 'NONE', #1561, #5782, #800, .T. ) ;
#3002 = DIRECTION ( 'NONE',  ( 0.000000000000000000, -0.000000000000000000, -1.000000000000000000 ) ) ;
#3003 = EDGE_CURVE ( 'NONE', #5768, #4363, #2630, .T. ) ;
#3004 = ORIENTED_EDGE ( 'NONE', *, *, #5004, .T. ) ;
#3005 = DIRECTION ( 'NONE',  ( 0.000000000000000000, 0.000000000000000000, -1.000000000000000000 ) ) ;
#3006 = CARTESIAN_POINT ( 'NONE',  ( 8.150000000000002132, 4.649999999999998579, 5.969556544854365931 ) ) ;
#3007 = CARTESIAN_POINT ( 'NONE',  ( 2.289191070279859908, 6.800000000000000711, -0.2108089297201081735 ) ) ;
#3008 = PLANE ( 'NONE',  #2737 ) ;
#3009 = ORIENTED_EDGE ( 'NONE', *, *, #1734, .T. ) ;
#3010 = FACE_OUTER_BOUND ( 'NONE', #2613, .T. ) ;
#3011 = VERTEX_POINT ( 'NONE', #1343 ) ;
#3012 = CARTESIAN_POINT ( 'NONE',  ( 0.000000000000000000, 1.200000000000000622, 0.3200000000000000067 ) ) ;
#3013 = LINE ( 'NONE', #3906, #4328 ) ;
#3014 = PLANE ( 'NONE',  #222 ) ;
#3015 = ORIENTED_EDGE ( 'NONE', *, *, #1039, .T. ) ;
#3016 = DIRECTION ( 'NONE',  ( -0.000000000000000000, 1.000000000000000000, -0.000000000000000000 ) ) ;
#3017 = ADVANCED_BREP_SHAPE_REPRESENTATION ( '', ( #5083, #3115, #5109, #1065, #5057, #4236 ), #2695 ) ;
#3018 = ADVANCED_FACE ( 'NONE', ( #5389 ), #3159, .T. ) ;
#3019 = ORIENTED_EDGE ( 'NONE', *, *, #3876, .F. ) ;
#3020 = CARTESIAN_POINT ( 'NONE',  ( -1.750000000000000222, 6.497705265805027608, -0.1249999999999992228 ) ) ;
#3021 = CARTESIAN_POINT ( 'NONE',  ( 0.3199999999999991185, -1.478786193736007393, 0.6061617746083811653 ) ) ;
#3022 = LINE ( 'NONE', #4840, #5497 ) ;
#3023 = ORIENTED_EDGE ( 'NONE', *, *, #1729, .T. ) ;
#3024 = DIRECTION ( 'NONE',  ( -0.000000000000000000, 1.000000000000000000, -0.000000000000000000 ) ) ;
#3025 = EDGE_CURVE ( 'NONE', #3526, #3514, #4946, .T. ) ;
#3026 = EDGE_CURVE ( 'NONE', #3242, #3693, #4214, .T. ) ;
#3027 = ORIENTED_EDGE ( 'NONE', *, *, #4962, .F. ) ;
#3028 = DIRECTION ( 'NONE',  ( -1.000000000000000000, 0.000000000000000000, -0.000000000000000000 ) ) ;
#3029 = CARTESIAN_POINT ( 'NONE',  ( 7.179999999999997051, 1.200000000000000622, 0.000000000000000000 ) ) ;
#3030 = PRESENTATION_LAYER_ASSIGNMENT (  '', '', ( #2441 ) ) ;
#3031 = DIRECTION ( 'NONE',  ( -1.000000000000000000, 0.000000000000000000, 0.000000000000000000 ) ) ;
#3032 = VERTEX_POINT ( 'NONE', #5503 ) ;
#3033 = FACE_OUTER_BOUND ( 'NONE', #1152, .T. ) ;
#3034 = PLANE ( 'NONE',  #573 ) ;
#3035 = CARTESIAN_POINT ( 'NONE',  ( -0.6499999999999978018, 0.000000000000000000, 5.969556544854365931 ) ) ;
#3036 = CARTESIAN_POINT ( 'NONE',  ( -1.600000000000000089, -1.225252258054540855, 2.500000000000000444 ) ) ;
#3037 = VECTOR ( 'NONE', #863, 1000.000000000000227 ) ;
#3038 = EDGE_CURVE ( 'NONE', #5435, #3523, #1286, .T. ) ;
#3039 = ORIENTED_EDGE ( 'NONE', *, *, #4011, .T. ) ;
#3040 = CARTESIAN_POINT ( 'NONE',  ( 8.150000000000002132, 6.649999999999999467, -1.737927405783629142 ) ) ;
#3041 = VERTEX_POINT ( 'NONE', #1739 ) ;
#3042 = AXIS2_PLACEMENT_3D ( 'NONE', #5195, #1154, #3836 ) ;
#3043 = PLANE ( 'NONE',  #3992 ) ;
#3044 = LINE ( 'NONE', #5691, #3408 ) ;
#3045 = VERTEX_POINT ( 'NONE', #3583 ) ;
#3046 = DIRECTION ( 'NONE',  ( 0.000000000000000000, 0.000000000000000000, -1.000000000000000000 ) ) ;
#3047 = VERTEX_POINT ( 'NONE', #4052 ) ;
#3048 = LINE ( 'NONE', #3436, #2758 ) ;
#3049 = CARTESIAN_POINT ( 'NONE',  ( 8.150000000000000355, 7.000000000000000000, 5.969556544854365931 ) ) ;
#3050 = DIRECTION ( 'NONE',  ( -1.385750012179585182E-13, -0.3420201433256653822, -0.9396926207859096492 ) ) ;
#3051 = ORIENTED_EDGE ( 'NONE', *, *, #5077, .F. ) ;
#3052 = CARTESIAN_POINT ( 'NONE',  ( 2.819999999999998952, -3.099999999999996536, -0.3200000000000471911 ) ) ;
#3053 = ORIENTED_EDGE ( 'NONE', *, *, #5530, .T. ) ;
#3054 = DIRECTION ( 'NONE',  ( -5.669936867754744448E-16, 0.3420201433256653822, 0.9396926207859096492 ) ) ;
#3055 = PLANE ( 'NONE',  #3089 ) ;
#3056 = EDGE_LOOP ( 'NONE', ( #1714, #5614, #4323, #697 ) ) ;
#3057 = DIRECTION ( 'NONE',  ( -1.000000000000000000, 0.000000000000000000, -6.033820786006286703E-16 ) ) ;
#3058 = EDGE_CURVE ( 'NONE', #509, #1266, #3636, .T. ) ;
#3059 = DIRECTION ( 'NONE',  ( 0.000000000000000000, 1.000000000000000000, 0.000000000000000000 ) ) ;
#3060 = DIRECTION ( 'NONE',  ( 1.000000000000000000, -0.000000000000000000, 6.033820786006285717E-16 ) ) ;
#3061 = ADVANCED_FACE ( 'NONE', ( #1373 ), #5039, .F. ) ;
#3062 = VECTOR ( 'NONE', #2527, 1000.000000000000000 ) ;
#3063 = EDGE_CURVE ( 'NONE', #3090, #5575, #5756, .T. ) ;
#3064 = DIRECTION ( 'NONE',  ( 0.9396926207859092051, 0.3420201433256665480, 5.669936867754741490E-16 ) ) ;
#3065 = VECTOR ( 'NONE', #4152, 1000.000000000000114 ) ;
#3066 = EDGE_CURVE ( 'NONE', #2548, #3727, #4975, .T. ) ;
#3067 = ORIENTED_EDGE ( 'NONE', *, *, #2550, .F. ) ;
#3068 = CARTESIAN_POINT ( 'NONE',  ( 9.949999999999999289, 7.000000000000000000, 3.001825841038126819E-15 ) ) ;
#3069 = VECTOR ( 'NONE', #622, 1000.000000000000000 ) ;
#3070 = ORIENTED_EDGE ( 'NONE', *, *, #2356, .F. ) ;
#3071 = DIRECTION ( 'NONE',  ( 0.000000000000000000, 1.000000000000000000, -0.000000000000000000 ) ) ;
#3072 = ORIENTED_EDGE ( 'NONE', *, *, #3387, .T. ) ;
#3073 = AXIS2_PLACEMENT_3D ( 'NONE', #3397, #3426, #2549 ) ;
#3074 = EDGE_CURVE ( 'NONE', #1917, #2867, #2242, .T. ) ;
#3075 = CARTESIAN_POINT ( 'NONE',  ( 4.789191070279859908, 6.800000000000000711, 0.000000000000000000 ) ) ;
#3076 = ORIENTED_EDGE ( 'NONE', *, *, #1471, .T. ) ;
#3077 = DIRECTION ( 'NONE',  ( 0.000000000000000000, -1.000000000000000000, 9.856383386231847734E-17 ) ) ;
#3078 = ORIENTED_EDGE ( 'NONE', *, *, #5941, .T. ) ;
#3079 = CARTESIAN_POINT ( 'NONE',  ( 5.649999999999997691, 0.8000000000000000444, 2.699999999999994849 ) ) ;
#3080 = DIRECTION ( 'NONE',  ( 1.000000000000000000, -0.000000000000000000, -6.033820786006285717E-16 ) ) ;
#3081 = DIRECTION ( 'NONE',  ( 1.000000000000000000, -0.000000000000000000, 0.000000000000000000 ) ) ;
#3082 = VERTEX_POINT ( 'NONE', #4256 ) ;
#3083 = CARTESIAN_POINT ( 'NONE',  ( -1.600000000000000089, -1.225252258054540855, 1.499999999999999556 ) ) ;
#3084 = VERTEX_POINT ( 'NONE', #5623 ) ;
#3085 = CARTESIAN_POINT ( 'NONE',  ( 0.3199999999999991185, -0.5500000000000000444, 0.3199999999999015854 ) ) ;
#3086 = DIRECTION ( 'NONE',  ( -1.000000000000000000, 0.000000000000000000, -0.000000000000000000 ) ) ;
#3087 = VECTOR ( 'NONE', #2862, 1000.000000000000000 ) ;
#3088 = SURFACE_STYLE_USAGE ( .BOTH. , #3982 ) ;
#3089 = AXIS2_PLACEMENT_3D ( 'NONE', #5861, #3086, #5375 ) ;
#3090 = VERTEX_POINT ( 'NONE', #454 ) ;
#3091 = DIRECTION ( 'NONE',  ( 0.000000000000000000, 0.000000000000000000, 1.000000000000000000 ) ) ;
#3092 = DIRECTION ( 'NONE',  ( 1.000000000000000000, -0.000000000000000000, 6.033820786006285717E-16 ) ) ;
#3093 = DIRECTION ( 'NONE',  ( -6.033820786006286703E-16, 9.856383386231848966E-17, 1.000000000000000000 ) ) ;
#3094 = EDGE_CURVE ( 'NONE', #2269, #5058, #3364, .T. ) ;
#3095 = AXIS2_PLACEMENT_3D ( 'NONE', #5279, #692, #1148 ) ;
#3096 = VECTOR ( 'NONE', #913, 1000.000000000000000 ) ;
#3097 = DIRECTION ( 'NONE',  ( 0.000000000000000000, -1.000000000000000000, 1.475104996578917155E-17 ) ) ;
#3098 = VECTOR ( 'NONE', #1181, 1000.000000000000000 ) ;
#3099 = STYLED_ITEM ( 'NONE', ( #1333 ), #3017 ) ;
#3100 = VERTEX_POINT ( 'NONE', #3724 ) ;
#3101 = DIRECTION ( 'NONE',  ( -5.669936867754744448E-16, -0.3420201433256655488, 0.9396926207859096492 ) ) ;
#3102 = CIRCLE ( 'NONE', #3199, 0.09999999999999996392 ) ;
#3103 = DIRECTION ( 'NONE',  ( 0.000000000000000000, 0.000000000000000000, 1.000000000000000000 ) ) ;
#3104 = EDGE_CURVE ( 'NONE', #1579, #4259, #1496, .T. ) ;
#3105 = DIRECTION ( 'NONE',  ( 1.000000000000000000, 0.000000000000000000, -0.000000000000000000 ) ) ;
#3106 = ORIENTED_EDGE ( 'NONE', *, *, #4819, .F. ) ;
#3107 = CARTESIAN_POINT ( 'NONE',  ( -0.6500000000000055733, 0.8000000000000000444, -1.650000000000001021 ) ) ;
#3108 = VERTEX_POINT ( 'NONE', #1855 ) ;
#3109 = LINE ( 'NONE', #4355, #554 ) ;
#3110 = PLANE ( 'NONE',  #1261 ) ;
#3111 = CARTESIAN_POINT ( 'NONE',  ( 4.679999999999998828, 6.499999999999997335, -0.3199999999999528222 ) ) ;
#3112 = PRODUCT ( 'B4B-XH-AM', 'B4B-XH-AM', '', ( #1417 ) ) ;
#3113 = ORIENTED_EDGE ( 'NONE', *, *, #644, .T. ) ;
#3114 = CARTESIAN_POINT ( 'NONE',  ( 7.179999999999997051, -2.849999999999999201, -0.3200000000000998157 ) ) ;
#3115 = MANIFOLD_SOLID_BREP ( 'Pin N', #170 ) ;
#3116 = VERTEX_POINT ( 'NONE', #5069 ) ;
#3117 = DIRECTION ( 'NONE',  ( 1.000000000000000000, 2.891205793294677833E-16, -0.000000000000000000 ) ) ;
#3118 = DIRECTION ( 'NONE',  ( 0.000000000000000000, 0.000000000000000000, -1.000000000000000000 ) ) ;
#3119 = DIRECTION ( 'NONE',  ( -1.539636359344124577E-31, 4.689214713756809907E-16, -1.000000000000000000 ) ) ;
#3120 = ORIENTED_EDGE ( 'NONE', *, *, #848, .F. ) ;
#3121 = CARTESIAN_POINT ( 'NONE',  ( -0.3199999999999886824, 0.5000000000000000000, -0.3199999999999477152 ) ) ;
#3122 = LINE ( 'NONE', #4942, #382 ) ;
#3123 = DIRECTION ( 'NONE',  ( 0.000000000000000000, -0.000000000000000000, -1.000000000000000000 ) ) ;
#3124 = CARTESIAN_POINT ( 'NONE',  ( 2.819999999999998952, -4.305096679918778868, 0.3199999999999527667 ) ) ;
#3125 = CARTESIAN_POINT ( 'NONE',  ( 3.149999999999996358, 0.8000000000000000444, 2.699999999999993960 ) ) ;
#3126 = EDGE_CURVE ( 'NONE', #4812, #5531, #1071, .T. ) ;
#3127 = DIRECTION ( 'NONE',  ( 3.987870059716798780E-16, 0.000000000000000000, -1.000000000000000000 ) ) ;
#3128 = DIRECTION ( 'NONE',  ( 1.385750012179585182E-13, -0.3420201433256653822, 0.9396926207859096492 ) ) ;
#3129 = VECTOR ( 'NONE', #2924, 1000.000000000000114 ) ;
#3130 = EDGE_CURVE ( 'NONE', #2556, #5289, #66, .T. ) ;
#3131 = EDGE_CURVE ( 'NONE', #3262, #3041, #947, .T. ) ;
#3132 = EDGE_CURVE ( 'NONE', #780, #2647, #1949, .T. ) ;
#3133 = CYLINDRICAL_SURFACE ( 'NONE', #1495, 0.5000000000000004441 ) ;
#3134 = AXIS2_PLACEMENT_3D ( 'NONE', #2330, #3750, #2842 ) ;
#3135 = EDGE_LOOP ( 'NONE', ( #3851, #3425, #4779, #2541 ) ) ;
#3136 = LINE ( 'NONE', #2275, #5471 ) ;
#3137 = EDGE_CURVE ( 'NONE', #4829, #3100, #4164, .T. ) ;
#3138 = ORIENTED_EDGE ( 'NONE', *, *, #3379, .T. ) ;
#3139 = DIRECTION ( 'NONE',  ( 0.000000000000000000, 0.000000000000000000, -1.000000000000000000 ) ) ;
#3140 = VECTOR ( 'NONE', #830, 1000.000000000000114 ) ;
#3141 = ADVANCED_FACE ( 'NONE', ( #4674 ), #2202, .T. ) ;
#3142 = EDGE_CURVE ( 'NONE', #5345, #55, #3307, .T. ) ;
#3143 = PLANE ( 'NONE',  #3949 ) ;
#3144 = DIRECTION ( 'NONE',  ( -0.000000000000000000, 1.000000000000000000, -0.000000000000000000 ) ) ;
#3145 = VERTEX_POINT ( 'NONE', #35 ) ;
#3146 = DIRECTION ( 'NONE',  ( 1.239088197126291458E-15, -0.000000000000000000, -1.000000000000000000 ) ) ;
#3147 = EDGE_CURVE ( 'NONE', #3558, #3910, #5651, .T. ) ;
#3148 = ORIENTED_EDGE ( 'NONE', *, *, #2540, .F. ) ;
#3149 = LINE ( 'NONE', #1415, #1234 ) ;
#3150 = CARTESIAN_POINT ( 'NONE',  ( 5.210808929720138316, 6.800000000000000711, -0.2108089297201703738 ) ) ;
#3151 =( NAMED_UNIT ( * ) SI_UNIT ( $, .STERADIAN. ) SOLID_ANGLE_UNIT ( ) );
#3152 = ORIENTED_EDGE ( 'NONE', *, *, #4739, .T. ) ;
#3153 = PLANE ( 'NONE',  #4767 ) ;
#3154 = ORIENTED_EDGE ( 'NONE', *, *, #765, .F. ) ;
#3155 = LINE ( 'NONE', #1312, #130 ) ;
#3156 = DIRECTION ( 'NONE',  ( -6.033820786006285717E-16, 0.000000000000000000, -1.000000000000000000 ) ) ;
#3157 = ORIENTED_EDGE ( 'NONE', *, *, #590, .T. ) ;
#3158 = AXIS2_PLACEMENT_3D ( 'NONE', #761, #3541, #298 ) ;
#3159 = PLANE ( 'NONE',  #1436 ) ;
#3160 = LINE ( 'NONE', #4526, #911 ) ;
#3161 =( GEOMETRIC_REPRESENTATION_CONTEXT ( 3 ) GLOBAL_UNCERTAINTY_ASSIGNED_CONTEXT ( ( #4838 ) ) GLOBAL_UNIT_ASSIGNED_CONTEXT ( ( #1402, #3753, #1036 ) ) REPRESENTATION_CONTEXT ( 'NONE', 'WORKASPACE' ) );
#3162 = ADVANCED_FACE ( 'NONE', ( #5107 ), #976, .F. ) ;
#3163 = LINE ( 'NONE', #3994, #4842 ) ;
#3164 = AXIS2_PLACEMENT_3D ( 'NONE', #3228, #5079, #1293 ) ;
#3165 = ORIENTED_EDGE ( 'NONE', *, *, #3969, .T. ) ;
#3166 = DIRECTION ( 'NONE',  ( -0.000000000000000000, -1.000000000000000000, -0.000000000000000000 ) ) ;
#3167 = ORIENTED_EDGE ( 'NONE', *, *, #668, .T. ) ;
#3168 = CARTESIAN_POINT ( 'NONE',  ( -1.750000000000000666, 0.5000000000000000000, -1.649999999999999911 ) ) ;
#3169 = EDGE_CURVE ( 'NONE', #3961, #3108, #4679, .T. ) ;
#3170 = ADVANCED_FACE ( 'NONE', ( #4825 ), #4761, .T. ) ;
#3171 = VECTOR ( 'NONE', #3337, 1000.000000000000000 ) ;
#3172 = EDGE_CURVE ( 'NONE', #1671, #4020, #2544, .T. ) ;
#3173 = VECTOR ( 'NONE', #283, 1000.000000000000000 ) ;
#3174 = LINE ( 'NONE', #1893, #1742 ) ;
#3175 = AXIS2_PLACEMENT_3D ( 'NONE', #59, #3188, #4573 ) ;
#3176 = CARTESIAN_POINT ( 'NONE',  ( -0.6499999999999978018, 6.650000000000000355, -1.737927405783630919 ) ) ;
#3177 = VERTEX_POINT ( 'NONE', #3007 ) ;
#3178 = CARTESIAN_POINT ( 'NONE',  ( 5.319999999999999396, 6.499999999999997335, 0.3199999999999527667 ) ) ;
#3179 = VERTEX_POINT ( 'NONE', #4281 ) ;
#3180 = VECTOR ( 'NONE', #4466, 1000.000000000000000 ) ;
#3181 = EDGE_CURVE ( 'NONE', #4866, #4723, #3517, .T. ) ;
#3182 = DIRECTION ( 'NONE',  ( 5.421010862427526114E-16, 0.000000000000000000, -1.000000000000000000 ) ) ;
#3183 = PLANE ( 'NONE',  #2306 ) ;
#3184 = EDGE_CURVE ( 'NONE', #4737, #5331, #1096, .T. ) ;
#3185 = ORIENTED_EDGE ( 'NONE', *, *, #764, .T. ) ;
#3186 = CARTESIAN_POINT ( 'NONE',  ( 5.649999999999997691, 0.8000000000000000444, -2.350000000000000089 ) ) ;
#3187 = ORIENTED_EDGE ( 'NONE', *, *, #4929, .F. ) ;
#3188 = DIRECTION ( 'NONE',  ( 0.000000000000000000, 1.000000000000000000, -0.000000000000000000 ) ) ;
#3189 = VECTOR ( 'NONE', #5779, 1000.000000000000000 ) ;
#3190 = EDGE_CURVE ( 'NONE', #3011, #1266, #5355, .T. ) ;
#3191 = VECTOR ( 'NONE', #4820, 1000.000000000000000 ) ;
#3192 = LINE ( 'NONE', #2182, #3230 ) ;
#3193 = CARTESIAN_POINT ( 'NONE',  ( -0.2222441874964514452, -3.368581887473939052, -0.2222441874965516428 ) ) ;
#3194 = ORIENTED_EDGE ( 'NONE', *, *, #5063, .F. ) ;
#3195 = CARTESIAN_POINT ( 'NONE',  ( 9.250000000000000000, 1.200000000000000622, 3.688779805238038773E-15 ) ) ;
#3196 = VECTOR ( 'NONE', #5426, 1000.000000000000000 ) ;
#3197 = DIRECTION ( 'NONE',  ( -1.000000000000000000, 0.000000000000000000, 0.000000000000000000 ) ) ;
#3198 = AXIS2_PLACEMENT_3D ( 'NONE', #5323, #4821, #3031 ) ;
#3199 = AXIS2_PLACEMENT_3D ( 'NONE', #5514, #1412, #3596 ) ;
#3200 = DIRECTION ( 'NONE',  ( 0.000000000000000000, -0.000000000000000000, 1.000000000000000000 ) ) ;
#3201 = EDGE_LOOP ( 'NONE', ( #385, #3744, #1624, #4336 ) ) ;
#3202 = CARTESIAN_POINT ( 'NONE',  ( 4.349999999999997868, 0.8000000000000000444, -2.350000000000000089 ) ) ;
#3203 = VERTEX_POINT ( 'NONE', #3393 ) ;
#3204 = CARTESIAN_POINT ( 'NONE',  ( 7.722244187496449364, -3.368581887473939052, -0.2222441874965516428 ) ) ;
#3205 = LINE ( 'NONE', #3647, #3668 ) ;
#3206 = DIRECTION ( 'NONE',  ( 1.000000000000000000, 1.094764425253763580E-47, 6.033820786006286703E-16 ) ) ;
#3207 = VERTEX_POINT ( 'NONE', #5780 ) ;
#3208 = DIRECTION ( 'NONE',  ( 0.000000000000000000, 1.000000000000000000, -2.478176394252583606E-16 ) ) ;
#3209 = ORIENTED_EDGE ( 'NONE', *, *, #4145, .F. ) ;
#3210 = CARTESIAN_POINT ( 'NONE',  ( 7.257498010897613483, -3.312924034993845357, -0.2425019891024848273 ) ) ;
#3211 = LINE ( 'NONE', #2739, #574 ) ;
#3212 = EDGE_CURVE ( 'NONE', #5665, #5343, #612, .T. ) ;
#3213 = VERTEX_POINT ( 'NONE', #4343 ) ;
#3214 = DIRECTION ( 'NONE',  ( -0.000000000000000000, -1.000000000000000000, -0.000000000000000000 ) ) ;
#3215 = ORIENTED_EDGE ( 'NONE', *, *, #4546, .T. ) ;
#3216 = ORIENTED_EDGE ( 'NONE', *, *, #1434, .F. ) ;
#3217 = CARTESIAN_POINT ( 'NONE',  ( 6.849999999999999645, 0.000000000000000000, 2.699999999999994849 ) ) ;
#3218 = CARTESIAN_POINT ( 'NONE',  ( 0.000000000000000000, 0.8000000000000000444, 0.000000000000000000 ) ) ;
#3219 = CARTESIAN_POINT ( 'NONE',  ( 8.000000000000000000, 6.500000000000000000, -1.651324865405185971 ) ) ;
#3220 = EDGE_CURVE ( 'NONE', #4688, #564, #5327, .T. ) ;
#3221 = VERTEX_POINT ( 'NONE', #2090 ) ;
#3222 = DIRECTION ( 'NONE',  ( 0.000000000000000000, 1.000000000000000000, 0.000000000000000000 ) ) ;
#3223 = CARTESIAN_POINT ( 'NONE',  ( 4.680000000000001492, 1.200000000000000622, 0.000000000000000000 ) ) ;
#3224 = CARTESIAN_POINT ( 'NONE',  ( 4.679999999999998828, 6.499999999999997335, 0.3199999999999528222 ) ) ;
#3225 = EDGE_LOOP ( 'NONE', ( #4276, #1806, #4660, #1195 ) ) ;
#3226 = LINE ( 'NONE', #1746, #949 ) ;
#3227 = EDGE_LOOP ( 'NONE', ( #4167, #3363, #5879, #3896 ) ) ;
#3228 = CARTESIAN_POINT ( 'NONE',  ( 9.949999999999999289, 7.000000000000000000, -1.124999999999999334 ) ) ;
#3229 = DIRECTION ( 'NONE',  ( -0.3236155771181767893, -0.8891264907159766029, 0.3236155771182244734 ) ) ;
#3230 = VECTOR ( 'NONE', #5007, 1000.000000000000000 ) ;
#3231 = FACE_OUTER_BOUND ( 'NONE', #5206, .T. ) ;
#3232 = ORIENTED_EDGE ( 'NONE', *, *, #4448, .F. ) ;
#3233 = CARTESIAN_POINT ( 'NONE',  ( 7.655218880774188328, 6.952732404225376861, -0.1552188807742895804 ) ) ;
#3234 = VERTEX_POINT ( 'NONE', #5679 ) ;
#3235 = CARTESIAN_POINT ( 'NONE',  ( -2.500000000000031086, 6.800000000000000711, -0.2108089297194019329 ) ) ;
#3236 = DIRECTION ( 'NONE',  ( -0.3236155771181808416, 0.8891264907159907027, -0.3236155771181816743 ) ) ;
#3237 = VECTOR ( 'NONE', #3277, 1000.000000000000000 ) ;
#3238 = CARTESIAN_POINT ( 'NONE',  ( 6.849999999999999645, 0.000000000000000000, 2.699999999999999734 ) ) ;
#3239 = APPLICATION_PROTOCOL_DEFINITION ( 'draft international standard', 'automotive_design', 1998, #2708 ) ;
#3240 = VERTEX_POINT ( 'NONE', #1581 ) ;
#3241 = DIRECTION ( 'NONE',  ( -1.000000000000000000, 0.000000000000000000, 0.000000000000000000 ) ) ;
#3242 = VERTEX_POINT ( 'NONE', #2034 ) ;
#3243 = VERTEX_POINT ( 'NONE', #3871 ) ;
#3244 = CARTESIAN_POINT ( 'NONE',  ( 6.849999999999999645, 0.8000000000000000444, -2.349999999999999645 ) ) ;
#3245 = EDGE_CURVE ( 'NONE', #5627, #2880, #5810, .T. ) ;
#3246 = DIRECTION ( 'NONE',  ( -0.000000000000000000, -1.000000000000000000, -0.000000000000000000 ) ) ;
#3247 = CARTESIAN_POINT ( 'NONE',  ( 0.2108089297201392598, -3.399999999999999911, -0.3200000000001000378 ) ) ;
#3248 = UNCERTAINTY_MEASURE_WITH_UNIT (LENGTH_MEASURE( 1.000000000000000082E-05 ), #1118, 'distance_accuracy_value', 'NONE');
#3249 = ORIENTED_EDGE ( 'NONE', *, *, #3613, .F. ) ;
#3250 = CARTESIAN_POINT ( 'NONE',  ( -2.180000000000001048, -3.399999999999999911, 0.2108089297200924639 ) ) ;
#3251 = EDGE_CURVE ( 'NONE', #2732, #2367, #3487, .T. ) ;
#3252 = ADVANCED_FACE ( 'NONE', ( #5257 ), #2904, .T. ) ;
#3253 = CARTESIAN_POINT ( 'NONE',  ( 0.3200000000000129963, 0.000000000000000000, -0.3199999999999477152 ) ) ;
#3254 = EDGE_LOOP ( 'NONE', ( #5769, #2976, #3433, #3649, #1666, #3320 ) ) ;
#3255 = CARTESIAN_POINT ( 'NONE',  ( 9.250000000000000000, 4.750000000000000888, 3.688779805238038773E-15 ) ) ;
#3256 = ORIENTED_EDGE ( 'NONE', *, *, #2312, .F. ) ;
#3257 = DIRECTION ( 'NONE',  ( 0.000000000000000000, 0.000000000000000000, 1.000000000000000000 ) ) ;
#3258 = CIRCLE ( 'NONE', #1711, 0.5000000000000004441 ) ;
#3259 = DIRECTION ( 'NONE',  ( -1.239088197126292444E-15, 0.000000000000000000, 1.000000000000000000 ) ) ;
#3260 = EDGE_LOOP ( 'NONE', ( #116, #5028, #2653, #247, #2764 ) ) ;
#3261 = LINE ( 'NONE', #3679, #5006 ) ;
#3262 = VERTEX_POINT ( 'NONE', #4729 ) ;
#3263 = LINE ( 'NONE', #1220, #1034 ) ;
#3264 = FACE_OUTER_BOUND ( 'NONE', #2875, .T. ) ;
#3265 = VECTOR ( 'NONE', #5352, 1000.000000000000000 ) ;
#3266 = VECTOR ( 'NONE', #5475, 1000.000000000000000 ) ;
#3267 = VERTEX_POINT ( 'NONE', #733 ) ;
#3268 = CARTESIAN_POINT ( 'NONE',  ( 9.949999999999999289, 5.250000000000000888, -1.124999999999999334 ) ) ;
#3269 = ORIENTED_EDGE ( 'NONE', *, *, #3340, .T. ) ;
#3270 = VERTEX_POINT ( 'NONE', #2569 ) ;
#3271 = FACE_OUTER_BOUND ( 'NONE', #1760, .T. ) ;
#3272 = CARTESIAN_POINT ( 'NONE',  ( 0.000000000000000000, 0.000000000000000000, 0.000000000000000000 ) ) ;
#3273 = DIRECTION ( 'NONE',  ( -3.016910393003142859E-16, 0.000000000000000000, 1.000000000000000000 ) ) ;
#3274 = ORIENTED_EDGE ( 'NONE', *, *, #1209, .F. ) ;
#3275 = EDGE_CURVE ( 'NONE', #571, #5678, #214, .T. ) ;
#3276 = DIRECTION ( 'NONE',  ( -0.000000000000000000, 1.000000000000000000, -0.000000000000000000 ) ) ;
#3277 = DIRECTION ( 'NONE',  ( 4.941322722668405941E-32, -1.000000000000000000, 2.478176394252583606E-16 ) ) ;
#3278 = CIRCLE ( 'NONE', #5597, 0.5000000000000004441 ) ;
#3279 = VECTOR ( 'NONE', #5489, 1000.000000000000114 ) ;
#3280 = ADVANCED_FACE ( 'NONE', ( #2455 ), #3841, .F. ) ;
#3281 = ADVANCED_FACE ( 'NONE', ( #1610 ), #5809, .F. ) ;
#3282 = DIRECTION ( 'NONE',  ( -1.000000000000000000, -0.000000000000000000, -0.000000000000000000 ) ) ;
#3283 = AXIS2_PLACEMENT_3D ( 'NONE', #896, #3732, #4561 ) ;
#3284 = ORIENTED_EDGE ( 'NONE', *, *, #1628, .F. ) ;
#3285 = DIRECTION ( 'NONE',  ( -0.000000000000000000, 1.000000000000000000, 0.000000000000000000 ) ) ;
#3286 = ORIENTED_EDGE ( 'NONE', *, *, #1883, .F. ) ;
#3287 = LINE ( 'NONE', #5603, #5465 ) ;
#3288 = EDGE_CURVE ( 'NONE', #5829, #1290, #1868, .T. ) ;
#3289 = VECTOR ( 'NONE', #3512, 1000.000000000000000 ) ;
#3290 = VECTOR ( 'NONE', #843, 1000.000000000000114 ) ;
#3291 = DIRECTION ( 'NONE',  ( 0.000000000000000000, 0.000000000000000000, -1.000000000000000000 ) ) ;
#3292 = LINE ( 'NONE', #5124, #1583 ) ;
#3293 = ORIENTED_EDGE ( 'NONE', *, *, #5897, .F. ) ;
#3294 = DIRECTION ( 'NONE',  ( 0.000000000000000000, 1.000000000000000000, 0.000000000000000000 ) ) ;
#3295 = ORIENTED_EDGE ( 'NONE', *, *, #2466, .F. ) ;
#3296 = DIRECTION ( 'NONE',  ( 0.000000000000000000, 1.000000000000000000, 0.000000000000000000 ) ) ;
#3297 = DIRECTION ( 'NONE',  ( 1.000000000000000000, -0.000000000000000000, 6.033820786006285717E-16 ) ) ;
#3298 = DIRECTION ( 'NONE',  ( 1.000000000000000000, 0.000000000000000000, 6.033820786006285717E-16 ) ) ;
#3299 = VERTEX_POINT ( 'NONE', #1731 ) ;
#3300 = DIRECTION ( 'NONE',  ( 0.000000000000000000, 0.000000000000000000, 1.000000000000000000 ) ) ;
#3301 = ORIENTED_EDGE ( 'NONE', *, *, #5121, .F. ) ;
#3302 = ORIENTED_EDGE ( 'NONE', *, *, #3786, .F. ) ;
#3303 = EDGE_LOOP ( 'NONE', ( #4843, #1400, #3707, #2040 ) ) ;
#3304 = DIRECTION ( 'NONE',  ( -3.987870059716798780E-16, 0.000000000000000000, 1.000000000000000000 ) ) ;
#3305 = LINE ( 'NONE', #4603, #4046 ) ;
#3306 = VERTEX_POINT ( 'NONE', #503 ) ;
#3307 = LINE ( 'NONE', #3694, #549 ) ;
#3308 = LINE ( 'NONE', #3785, #3418 ) ;
#3309 = ORIENTED_EDGE ( 'NONE', *, *, #3251, .T. ) ;
#3310 = CARTESIAN_POINT ( 'NONE',  ( 7.819999999999998508, 0.5000000000000000000, 0.000000000000000000 ) ) ;
#3311 = ORIENTED_EDGE ( 'NONE', *, *, #346, .F. ) ;
#3312 = DIRECTION ( 'NONE',  ( 0.000000000000000000, 0.9542726683898371531, -0.2989375760324216036 ) ) ;
#3313 = EDGE_CURVE ( 'NONE', #2296, #982, #3737, .T. ) ;
#3314 = EDGE_CURVE ( 'NONE', #1561, #4070, #3263, .T. ) ;
#3315 = CARTESIAN_POINT ( 'NONE',  ( -0.3200000000000008393, 6.499999999999997335, 0.4199999999999011746 ) ) ;
#3316 = ADVANCED_FACE ( 'NONE', ( #5023 ), #2765, .F. ) ;
#3317 = DIRECTION ( 'NONE',  ( 0.000000000000000000, 1.000000000000000000, -0.000000000000000000 ) ) ;
#3318 = ORIENTED_EDGE ( 'NONE', *, *, #2145, .F. ) ;
#3319 = LINE ( 'NONE', #501, #2800 ) ;
#3320 = ORIENTED_EDGE ( 'NONE', *, *, #1761, .F. ) ;
#3321 = DIRECTION ( 'NONE',  ( 0.000000000000000000, -1.000000000000000000, 0.000000000000000000 ) ) ;
#3322 = EDGE_CURVE ( 'NONE', #564, #5282, #4014, .T. ) ;
#3323 = EDGE_CURVE ( 'NONE', #1201, #3240, #3575, .T. ) ;
#3324 = DIRECTION ( 'NONE',  ( 0.000000000000000000, 0.000000000000000000, 1.000000000000000000 ) ) ;
#3325 = ORIENTED_EDGE ( 'NONE', *, *, #4878, .T. ) ;
#3326 = CARTESIAN_POINT ( 'NONE',  ( 1.785621090483346418E-17, 6.800000000000000711, 0.2108089297200924916 ) ) ;
#3327 = AXIS2_PLACEMENT_3D ( 'NONE', #5957, #1946, #2811 ) ;
#3328 = ORIENTED_EDGE ( 'NONE', *, *, #1555, .T. ) ;
#3329 = ORIENTED_EDGE ( 'NONE', *, *, #4958, .T. ) ;
#3330 = FACE_OUTER_BOUND ( 'NONE', #620, .T. ) ;
#3331 = CARTESIAN_POINT ( 'NONE',  ( 0.3199999999999991185, -1.478786193736007393, 0.6061617746083811653 ) ) ;
#3332 = DIRECTION ( 'NONE',  ( 3.987870059716798780E-16, 0.000000000000000000, -1.000000000000000000 ) ) ;
#3333 = ORIENTED_EDGE ( 'NONE', *, *, #1951, .T. ) ;
#3334 = FILL_AREA_STYLE_COLOUR ( '', #3366 ) ;
#3335 = CARTESIAN_POINT ( 'NONE',  ( 7.179999999999998828, -2.849999999999999201, 0.4199999999999015632 ) ) ;
#3336 = ORIENTED_EDGE ( 'NONE', *, *, #5746, .F. ) ;
#3337 = DIRECTION ( 'NONE',  ( -0.000000000000000000, 0.000000000000000000, 1.000000000000000000 ) ) ;
#3338 = ORIENTED_EDGE ( 'NONE', *, *, #4747, .F. ) ;
#3339 = CARTESIAN_POINT ( 'NONE',  ( 6.850000000000001421, 3.999999999999998224, 5.969556544854365931 ) ) ;
#3340 = EDGE_CURVE ( 'NONE', #139, #3032, #855, .T. ) ;
#3341 = DIRECTION ( 'NONE',  ( 1.000000000000000000, 0.000000000000000000, 0.000000000000000000 ) ) ;
#3342 = FILL_AREA_STYLE_COLOUR ( '', #895 ) ;
#3343 = VERTEX_POINT ( 'NONE', #4566 ) ;
#3344 = DIRECTION ( 'NONE',  ( -0.000000000000000000, -0.000000000000000000, -1.000000000000000000 ) ) ;
#3345 = EDGE_LOOP ( 'NONE', ( #1127, #4615, #249, #2743 ) ) ;
#3346 = CARTESIAN_POINT ( 'NONE',  ( 6.850000000000001421, 3.999999999999998224, -2.350000000000000089 ) ) ;
#3347 = VECTOR ( 'NONE', #439, 1000.000000000000000 ) ;
#3348 = EDGE_CURVE ( 'NONE', #3961, #2032, #328, .T. ) ;
#3349 = VECTOR ( 'NONE', #1302, 1000.000000000000000 ) ;
#3350 = LINE ( 'NONE', #1055, #769 ) ;
#3351 = VERTEX_POINT ( 'NONE', #5413 ) ;
#3352 = CARTESIAN_POINT ( 'NONE',  ( -2.039999999999998259, 7.000000000000000000, 2.989999999999998437 ) ) ;
#3353 = ADVANCED_FACE ( 'NONE', ( #5545 ), #4885, .F. ) ;
#3354 = AXIS2_PLACEMENT_3D ( 'NONE', #567, #4718, #4656 ) ;
#3355 = VERTEX_POINT ( 'NONE', #5867 ) ;
#3356 = EDGE_LOOP ( 'NONE', ( #1771, #4822, #3941, #4721 ) ) ;
#3357 = DIRECTION ( 'NONE',  ( -0.000000000000000000, -0.000000000000000000, -1.000000000000000000 ) ) ;
#3358 = VECTOR ( 'NONE', #1580, 1000.000000000000000 ) ;
#3359 = ADVANCED_FACE ( 'NONE', ( #4435 ), #2347, .T. ) ;
#3360 = CARTESIAN_POINT ( 'NONE',  ( 7.179999999999998828, -3.099999999999996536, 0.4199999999999015632 ) ) ;
#3361 = VECTOR ( 'NONE', #887, 1000.000000000000000 ) ;
#3362 = LINE ( 'NONE', #1852, #4808 ) ;
#3363 = ORIENTED_EDGE ( 'NONE', *, *, #5312, .T. ) ;
#3364 = LINE ( 'NONE', #1885, #2571 ) ;
#3365 = DIRECTION ( 'NONE',  ( 1.000000000000000000, -0.000000000000000000, 0.000000000000000000 ) ) ;
#3366 = COLOUR_RGB ( '',0.7960784313725489669, 0.8235294117647058432, 0.9372549019607843146 ) ;
#3367 = EDGE_LOOP ( 'NONE', ( #2855, #5506, #1944, #3672 ) ) ;
#3368 = DIRECTION ( 'NONE',  ( 1.000000000000000000, -0.000000000000000000, 0.000000000000000000 ) ) ;
#3369 = EDGE_LOOP ( 'NONE', ( #3877, #5233, #5568, #1773 ) ) ;
#3370 = PLANE ( 'NONE',  #847 ) ;
#3371 = AXIS2_PLACEMENT_3D ( 'NONE', #1668, #5835, #3118 ) ;
#3372 = CARTESIAN_POINT ( 'NONE',  ( 8.149999999999996803, 0.5000000000000000000, -1.649999999999999911 ) ) ;
#3373 = LINE ( 'NONE', #1864, #1194 ) ;
#3374 = EDGE_LOOP ( 'NONE', ( #1626, #881, #3641, #542 ) ) ;
#3375 = DIRECTION ( 'NONE',  ( -1.000000000000000000, 0.000000000000000000, 0.000000000000000000 ) ) ;
#3376 = VERTEX_POINT ( 'NONE', #931 ) ;
#3377 = PLANE ( 'NONE',  #3640 ) ;
#3378 = VECTOR ( 'NONE', #3341, 1000.000000000000000 ) ;
#3379 = EDGE_CURVE ( 'NONE', #502, #3752, #901, .T. ) ;
#3380 = LINE ( 'NONE', #1902, #3756 ) ;
#3381 = ORIENTED_EDGE ( 'NONE', *, *, #836, .T. ) ;
#3382 = CYLINDRICAL_SURFACE ( 'NONE', #1295, 0.7400000000000015454 ) ;
#3383 = EDGE_CURVE ( 'NONE', #2038, #3716, #2152, .T. ) ;
#3384 = ORIENTED_EDGE ( 'NONE', *, *, #2715, .T. ) ;
#3385 = ORIENTED_EDGE ( 'NONE', *, *, #725, .T. ) ;
#3386 = CARTESIAN_POINT ( 'NONE',  ( 8.149999999999998579, 0.8000000000000000444, 2.699999999999994849 ) ) ;
#3387 = EDGE_CURVE ( 'NONE', #4694, #2269, #4151, .T. ) ;
#3388 = EDGE_CURVE ( 'NONE', #1472, #2622, #16, .T. ) ;
#3389 = CARTESIAN_POINT ( 'NONE',  ( 7.179999999999998828, -2.820106242396757779, 0.3245727331609178368 ) ) ;
#3390 = CARTESIAN_POINT ( 'NONE',  ( 4.349999999999996980, 0.8000000000000000444, -1.649999999999999911 ) ) ;
#3391 = VERTEX_POINT ( 'NONE', #3681 ) ;
#3392 = LINE ( 'NONE', #2965, #452 ) ;
#3393 = CARTESIAN_POINT ( 'NONE',  ( 0.3199999999999991185, -0.5500000000000000444, 0.3199999999999015854 ) ) ;
#3394 = LINE ( 'NONE', #3455, #4369 ) ;
#3395 = ADVANCED_FACE ( 'NONE', ( #2181 ), #51, .F. ) ;
#3396 = VERTEX_POINT ( 'NONE', #4461 ) ;
#3397 = CARTESIAN_POINT ( 'NONE',  ( 7.179999999999998828, -3.399999999999999911, -0.3200000000000999822 ) ) ;
#3398 = ORIENTED_EDGE ( 'NONE', *, *, #735, .F. ) ;
#3399 = LINE ( 'NONE', #3339, #2866 ) ;
#3400 = DIRECTION ( 'NONE',  ( 3.987870059716798287E-16, 0.000000000000000000, -1.000000000000000000 ) ) ;
#3401 = CARTESIAN_POINT ( 'NONE',  ( 9.250000000000000000, 6.497705265805027608, 3.688779805238038773E-15 ) ) ;
#3402 = VERTEX_POINT ( 'NONE', #5053 ) ;
#3403 = CARTESIAN_POINT ( 'NONE',  ( -1.600000000000000089, -1.500000000000000000, 2.500000000000000444 ) ) ;
#3404 = ORIENTED_EDGE ( 'NONE', *, *, #5313, .T. ) ;
#3405 = LINE ( 'NONE', #4327, #68 ) ;
#3406 = FACE_OUTER_BOUND ( 'NONE', #4148, .T. ) ;
#3407 = CARTESIAN_POINT ( 'NONE',  ( 0.3199999999999991185, -3.099999999999996536, 0.3199999999999015854 ) ) ;
#3408 = VECTOR ( 'NONE', #4865, 1000.000000000000000 ) ;
#3409 = EDGE_LOOP ( 'NONE', ( #1752, #4755, #5939, #5699 ) ) ;
#3410 = CARTESIAN_POINT ( 'NONE',  ( 5.319999999999999396, 6.499999999999997335, 0.3199999999999527667 ) ) ;
#3411 = ORIENTED_EDGE ( 'NONE', *, *, #2873, .F. ) ;
#3412 = EDGE_LOOP ( 'NONE', ( #2681, #3963, #4873, #1840 ) ) ;
#3413 = VECTOR ( 'NONE', #2956, 1000.000000000000000 ) ;
#3414 = CARTESIAN_POINT ( 'NONE',  ( 4.349999999999997868, 0.8000000000000000444, 2.699999999999994849 ) ) ;
#3415 = EDGE_CURVE ( 'NONE', #1719, #275, #961, .T. ) ;
#3416 = LINE ( 'NONE', #3389, #3895 ) ;
#3417 = FACE_OUTER_BOUND ( 'NONE', #416, .T. ) ;
#3418 = VECTOR ( 'NONE', #2334, 1000.000000000000000 ) ;
#3419 = ORIENTED_EDGE ( 'NONE', *, *, #1064, .T. ) ;
#3420 = CARTESIAN_POINT ( 'NONE',  ( 4.349999999999997868, 0.8000000000000000444, 2.699999999999994849 ) ) ;
#3421 = CARTESIAN_POINT ( 'NONE',  ( 8.062132034355965260, 6.649999999999998579, -1.737927405783629586 ) ) ;
#3422 = LINE ( 'NONE', #2546, #1007 ) ;
#3423 = VECTOR ( 'NONE', #2427, 1000.000000000000000 ) ;
#3424 = EDGE_CURVE ( 'NONE', #303, #4352, #3771, .T. ) ;
#3425 = ORIENTED_EDGE ( 'NONE', *, *, #1301, .F. ) ;
#3426 = DIRECTION ( 'NONE',  ( 0.000000000000000000, 1.000000000000000000, -0.000000000000000000 ) ) ;
#3427 = ADVANCED_FACE ( 'NONE', ( #1084 ), #110, .F. ) ;
#3428 = VERTEX_POINT ( 'NONE', #5637 ) ;
#3429 = DIRECTION ( 'NONE',  ( 0.000000000000000000, 1.000000000000000000, -0.000000000000000000 ) ) ;
#3430 = EDGE_CURVE ( 'NONE', #2401, #5954, #3405, .T. ) ;
#3431 = FACE_OUTER_BOUND ( 'NONE', #4465, .T. ) ;
#3432 = LINE ( 'NONE', #4802, #614 ) ;
#3433 = ORIENTED_EDGE ( 'NONE', *, *, #3184, .T. ) ;
#3434 = DIRECTION ( 'NONE',  ( 1.000000000000000000, 0.000000000000000000, 6.033820786006286703E-16 ) ) ;
#3435 = EDGE_LOOP ( 'NONE', ( #317, #310, #1877, #5585 ) ) ;
#3436 = CARTESIAN_POINT ( 'NONE',  ( 1.849999999999995648, 0.8000000000000000444, 3.399999999999993250 ) ) ;
#3437 = EDGE_CURVE ( 'NONE', #5181, #866, #4774, .T. ) ;
#3438 = EDGE_CURVE ( 'NONE', #198, #1561, #5214, .T. ) ;
#3439 = FACE_OUTER_BOUND ( 'NONE', #2211, .T. ) ;
#3440 = DIRECTION ( 'NONE',  ( 0.000000000000000000, 0.000000000000000000, 1.000000000000000000 ) ) ;
#3441 = VECTOR ( 'NONE', #56, 1000.000000000000000 ) ;
#3442 = ORIENTED_EDGE ( 'NONE', *, *, #2064, .T. ) ;
#3443 = CARTESIAN_POINT ( 'NONE',  ( 1.849999999999996536, 0.8000000000000000444, 2.699999999999993960 ) ) ;
#3444 = EDGE_LOOP ( 'NONE', ( #292, #1383, #1009, #710 ) ) ;
#3445 = ORIENTED_EDGE ( 'NONE', *, *, #4878, .F. ) ;
#3446 = LINE ( 'NONE', #264, #3545 ) ;
#3447 = VECTOR ( 'NONE', #1817, 1000.000000000000000 ) ;
#3448 = PLANE ( 'NONE',  #3042 ) ;
#3449 = DIRECTION ( 'NONE',  ( 0.000000000000000000, 0.000000000000000000, 1.000000000000000000 ) ) ;
#3450 = AXIS2_PLACEMENT_3D ( 'NONE', #5366, #2586, #3559 ) ;
#3451 = EDGE_LOOP ( 'NONE', ( #4697, #1567, #2221, #2087 ) ) ;
#3452 = DIRECTION ( 'NONE',  ( -0.000000000000000000, 0.4999999999999996114, 0.8660254037844389297 ) ) ;
#3453 = CARTESIAN_POINT ( 'NONE',  ( 9.949999999999999289, 7.000000000000000000, -1.124999999999999334 ) ) ;
#3454 = AXIS2_PLACEMENT_3D ( 'NONE', #5839, #355, #2179 ) ;
#3455 = CARTESIAN_POINT ( 'NONE',  ( 0.6499999999999952482, 0.8000000000000000444, -2.350000000000000533 ) ) ;
#3456 = VECTOR ( 'NONE', #738, 1000.000000000000114 ) ;
#3457 = CIRCLE ( 'NONE', #1915, 0.5000000000000004441 ) ;
#3458 = VECTOR ( 'NONE', #4312, 1000.000000000000000 ) ;
#3459 = ORIENTED_EDGE ( 'NONE', *, *, #3820, .T. ) ;
#3460 = DIRECTION ( 'NONE',  ( 1.000000000000000000, 0.000000000000000000, -0.000000000000000000 ) ) ;
#3461 = VERTEX_POINT ( 'NONE', #2919 ) ;
#3462 = CARTESIAN_POINT ( 'NONE',  ( -0.3200000000000008393, -0.5500000000000000444, 0.4199999999999011746 ) ) ;
#3463 = EDGE_CURVE ( 'NONE', #4789, #5294, #2000, .T. ) ;
#3464 = FACE_OUTER_BOUND ( 'NONE', #3225, .T. ) ;
#3465 = CARTESIAN_POINT ( 'NONE',  ( 0.000000000000000000, 0.000000000000000000, 0.000000000000000000 ) ) ;
#3466 = VERTEX_POINT ( 'NONE', #3346 ) ;
#3467 = DIRECTION ( 'NONE',  ( 5.757910262048285890E-16, 0.2989375760324215481, -0.9542726683898372642 ) ) ;
#3468 = ORIENTED_EDGE ( 'NONE', *, *, #1243, .T. ) ;
#3469 = LINE ( 'NONE', #3942, #2280 ) ;
#3470 = AXIS2_PLACEMENT_3D ( 'NONE', #3542, #3092, #2384 ) ;
#3471 = PRESENTATION_LAYER_ASSIGNMENT (  '', '', ( #4317 ) ) ;
#3472 = DIRECTION ( 'NONE',  ( -0.000000000000000000, -1.000000000000000000, -0.000000000000000000 ) ) ;
#3473 = LINE ( 'NONE', #1237, #1259 ) ;
#3474 = ORIENTED_EDGE ( 'NONE', *, *, #4841, .F. ) ;
#3475 = CARTESIAN_POINT ( 'NONE',  ( 0.3200000000000129963, 0.000000000000000000, 0.3200000000000524092 ) ) ;
#3476 = VECTOR ( 'NONE', #786, 1000.000000000000000 ) ;
#3477 = CIRCLE ( 'NONE', #2994, 0.5000000000000000000 ) ;
#3478 = EDGE_LOOP ( 'NONE', ( #2957, #4201, #1934, #657 ) ) ;
#3479 = CARTESIAN_POINT ( 'NONE',  ( 5.210808929720138316, 6.800000000000000711, 0.2108089297200920198 ) ) ;
#3480 =( GEOMETRIC_REPRESENTATION_CONTEXT ( 3 ) GLOBAL_UNCERTAINTY_ASSIGNED_CONTEXT ( ( #33 ) ) GLOBAL_UNIT_ASSIGNED_CONTEXT ( ( #1216, #4008, #3151 ) ) REPRESENTATION_CONTEXT ( 'NONE', 'WORKASPACE' ) );
#3481 = CARTESIAN_POINT ( 'NONE',  ( 9.949999999999999289, 5.250000000000000888, -1.124999999999999334 ) ) ;
#3482 = AXIS2_PLACEMENT_3D ( 'NONE', #1665, #3914, #5767 ) ;
#3483 = PLANE ( 'NONE',  #3198 ) ;
#3484 = ORIENTED_EDGE ( 'NONE', *, *, #590, .F. ) ;
#3485 = CARTESIAN_POINT ( 'NONE',  ( -1.750000000000000666, 0.5000000000000000000, -1.649999999999999911 ) ) ;
#3486 = CARTESIAN_POINT ( 'NONE',  ( 6.849999999999998757, 0.8000000000000000444, -1.650000000000000133 ) ) ;
#3487 = LINE ( 'NONE', #1192, #5573 ) ;
#3488 = DIRECTION ( 'NONE',  ( -0.3236155771181867813, 0.8891264907160041364, -0.3236155771181390417 ) ) ;
#3489 = VECTOR ( 'NONE', #2410, 1000.000000000000000 ) ;
#3490 = ORIENTED_EDGE ( 'NONE', *, *, #3275, .F. ) ;
#3491 = FACE_OUTER_BOUND ( 'NONE', #599, .T. ) ;
#3492 = EDGE_LOOP ( 'NONE', ( #721, #1738, #3908, #1848 ) ) ;
#3493 = CARTESIAN_POINT ( 'NONE',  ( 0.000000000000000000, 0.000000000000000000, 0.000000000000000000 ) ) ;
#3494 = CARTESIAN_POINT ( 'NONE',  ( 1.849999999999996536, 0.8000000000000000444, -2.350000000000000089 ) ) ;
#3495 = ORIENTED_EDGE ( 'NONE', *, *, #5696, .F. ) ;
#3496 = FACE_OUTER_BOUND ( 'NONE', #2, .T. ) ;
#3497 = ORIENTED_EDGE ( 'NONE', *, *, #2643, .T. ) ;
#3498 = CARTESIAN_POINT ( 'NONE',  ( 0.3199999999999991185, 6.499999999999997335, 0.3199999999999015854 ) ) ;
#3499 = EDGE_CURVE ( 'NONE', #939, #109, #5184, .T. ) ;
#3500 = ADVANCED_FACE ( 'NONE', ( #658 ), #600, .F. ) ;
#3501 = PLANE ( 'NONE',  #373 ) ;
#3502 = LINE ( 'NONE', #3533, #3476 ) ;
#3503 = VERTEX_POINT ( 'NONE', #631 ) ;
#3504 = PLANE ( 'NONE',  #2157 ) ;
#3505 = ORIENTED_EDGE ( 'NONE', *, *, #4619, .F. ) ;
#3506 = VECTOR ( 'NONE', #1080, 1000.000000000000000 ) ;
#3507 = CARTESIAN_POINT ( 'NONE',  ( 0.6499999999999943601, 0.5000000000000000000, 2.699999999999999734 ) ) ;
#3508 = ADVANCED_FACE ( 'NONE', ( #1052 ), #4269, .F. ) ;
#3509 = ADVANCED_FACE ( 'NONE', ( #2017 ), #3377, .F. ) ;
#3510 = DIRECTION ( 'NONE',  ( 1.000000000000000000, -0.000000000000000000, 0.000000000000000000 ) ) ;
#3511 = VECTOR ( 'NONE', #5816, 1000.000000000000000 ) ;
#3512 = DIRECTION ( 'NONE',  ( -1.993935029858399143E-16, 0.000000000000000000, -1.000000000000000000 ) ) ;
#3513 = VECTOR ( 'NONE', #722, 1000.000000000000000 ) ;
#3514 = VERTEX_POINT ( 'NONE', #5666 ) ;
#3515 = DIRECTION ( 'NONE',  ( 6.033820786006284731E-16, 0.000000000000000000, 1.000000000000000000 ) ) ;
#3516 = DIRECTION ( 'NONE',  ( 0.000000000000000000, 0.000000000000000000, -1.000000000000000000 ) ) ;
#3517 = LINE ( 'NONE', #4403, #2677 ) ;
#3518 = ADVANCED_FACE ( 'NONE', ( #1536 ), #2496, .T. ) ;
#3519 = PLANE ( 'NONE',  #4270 ) ;
#3520 = AXIS2_PLACEMENT_3D ( 'NONE', #4098, #3064, #391 ) ;
#3521 = ORIENTED_EDGE ( 'NONE', *, *, #1585, .T. ) ;
#3522 = DIRECTION ( 'NONE',  ( -0.000000000000000000, -1.000000000000000000, -0.000000000000000000 ) ) ;
#3523 = VERTEX_POINT ( 'NONE', #2380 ) ;
#3524 = CIRCLE ( 'NONE', #5535, 0.7400000000000017675 ) ;
#3525 = DIRECTION ( 'NONE',  ( -1.000000000000000000, 0.000000000000000000, -1.239088197126291852E-15 ) ) ;
#3526 = VERTEX_POINT ( 'NONE', #140 ) ;
#3527 = CARTESIAN_POINT ( 'NONE',  ( 3.149999999999996358, 0.8000000000000000444, -1.650000000000000799 ) ) ;
#3528 = VERTEX_POINT ( 'NONE', #991 ) ;
#3529 = CARTESIAN_POINT ( 'NONE',  ( 4.680000000000001492, 0.000000000000000000, 0.3200000000000000067 ) ) ;
#3530 = EDGE_LOOP ( 'NONE', ( #4502, #2724, #649, #2250 ) ) ;
#3531 = DIRECTION ( 'NONE',  ( -1.000000000000000000, -0.000000000000000000, -0.000000000000000000 ) ) ;
#3532 = FACE_OUTER_BOUND ( 'NONE', #1545, .T. ) ;
#3533 = CARTESIAN_POINT ( 'NONE',  ( 9.250000000000000000, 0.000000000000000000, -1.649999999999999911 ) ) ;
#3534 = ADVANCED_FACE ( 'NONE', ( #2827 ), #1988, .T. ) ;
#3535 = ORIENTED_EDGE ( 'NONE', *, *, #3570, .F. ) ;
#3536 = CARTESIAN_POINT ( 'NONE',  ( 0.000000000000000000, 0.5000000000000000000, -0.3200000000000000622 ) ) ;
#3537 = ORIENTED_EDGE ( 'NONE', *, *, #2857, .T. ) ;
#3538 = CARTESIAN_POINT ( 'NONE',  ( 6.850000000000002309, 1.980475968406854898E-15, 5.969556544854365931 ) ) ;
#3539 = CARTESIAN_POINT ( 'NONE',  ( 2.819999999999998952, 6.499999999999997335, 0.3199999999999527667 ) ) ;
#3540 = ORIENTED_EDGE ( 'NONE', *, *, #4985, .T. ) ;
#3541 = DIRECTION ( 'NONE',  ( 0.000000000000000000, 0.000000000000000000, 1.000000000000000000 ) ) ;
#3542 = CARTESIAN_POINT ( 'NONE',  ( -0.3200000000000008393, -0.5500000000000000444, 0.4199999999999011746 ) ) ;
#3543 = DIRECTION ( 'NONE',  ( 1.000000000000000000, 0.000000000000000000, 0.000000000000000000 ) ) ;
#3544 = ADVANCED_FACE ( 'NONE', ( #1962 ), #1935, .F. ) ;
#3545 = VECTOR ( 'NONE', #4934, 1000.000000000000000 ) ;
#3546 = ADVANCED_FACE ( 'NONE', ( #2412 ), #3826, .T. ) ;
#3547 = VECTOR ( 'NONE', #1508, 1000.000000000000000 ) ;
#3548 = DIRECTION ( 'NONE',  ( 0.000000000000000000, -0.000000000000000000, -1.000000000000000000 ) ) ;
#3549 = EDGE_LOOP ( 'NONE', ( #2409, #3154, #4185, #842 ) ) ;
#3550 = CARTESIAN_POINT ( 'NONE',  ( -0.2108089297201392598, -3.399999999999999911, -0.3200000000001003153 ) ) ;
#3551 = VECTOR ( 'NONE', #2009, 1000.000000000000000 ) ;
#3552 = CARTESIAN_POINT ( 'NONE',  ( 5.210808929720138316, -3.399999999999999911, -0.3200000000000999822 ) ) ;
#3553 = VECTOR ( 'NONE', #3522, 1000.000000000000000 ) ;
#3554 = DIRECTION ( 'NONE',  ( 0.000000000000000000, 0.000000000000000000, 1.000000000000000000 ) ) ;
#3555 = ORIENTED_EDGE ( 'NONE', *, *, #5556, .F. ) ;
#3556 = CARTESIAN_POINT ( 'NONE',  ( 9.539999999999995595, 7.000000000000000000, 2.989999999999998437 ) ) ;
#3557 = VECTOR ( 'NONE', #5735, 1000.000000000000000 ) ;
#3558 = VERTEX_POINT ( 'NONE', #1204 ) ;
#3559 = DIRECTION ( 'NONE',  ( 0.000000000000000000, -0.000000000000000000, 1.000000000000000000 ) ) ;
#3560 = LINE ( 'NONE', #5400, #1740 ) ;
#3561 = LINE ( 'NONE', #814, #5145 ) ;
#3562 = ORIENTED_EDGE ( 'NONE', *, *, #2791, .F. ) ;
#3563 = CARTESIAN_POINT ( 'NONE',  ( 2.820000000000008278, 0.000000000000000000, -0.3199999999999651457 ) ) ;
#3564 = EDGE_LOOP ( 'NONE', ( #3009, #268, #4539, #4898 ) ) ;
#3565 = CIRCLE ( 'NONE', #3470, 0.09999999999999999167 ) ;
#3566 = CYLINDRICAL_SURFACE ( 'NONE', #345, 0.1499999999999999667 ) ;
#3567 = EDGE_CURVE ( 'NONE', #2916, #2534, #5397, .T. ) ;
#3568 = CARTESIAN_POINT ( 'NONE',  ( -0.3200000000000008393, -2.820106242396757779, 0.3245727331609174482 ) ) ;
#3569 = VECTOR ( 'NONE', #2501, 1000.000000000000000 ) ;
#3570 = EDGE_CURVE ( 'NONE', #1290, #975, #5820, .T. ) ;
#3571 = FACE_OUTER_BOUND ( 'NONE', #4633, .T. ) ;
#3572 = ORIENTED_EDGE ( 'NONE', *, *, #378, .F. ) ;
#3573 = FACE_OUTER_BOUND ( 'NONE', #2918, .T. ) ;
#3574 = FACE_BOUND ( 'NONE', #2562, .T. ) ;
#3575 = LINE ( 'NONE', #4625, #3347 ) ;
#3576 = EDGE_CURVE ( 'NONE', #5272, #3213, #1688, .T. ) ;
#3577 = EDGE_CURVE ( 'NONE', #1326, #3402, #1812, .T. ) ;
#3578 = ADVANCED_FACE ( 'NONE', ( #228 ), #2163, .F. ) ;
#3579 = AXIS2_PLACEMENT_3D ( 'NONE', #4620, #5451, #2253 ) ;
#3580 = PLANE ( 'NONE',  #5153 ) ;
#3581 = FACE_OUTER_BOUND ( 'NONE', #3451, .T. ) ;
#3582 = ORIENTED_EDGE ( 'NONE', *, *, #3130, .T. ) ;
#3583 = CARTESIAN_POINT ( 'NONE',  ( -0.3200000000000008393, -1.729893757603242044, -0.004572733161116655440 ) ) ;
#3584 = CARTESIAN_POINT ( 'NONE',  ( 0.000000000000000000, 1.200000000000000622, 2.699999999999999734 ) ) ;
#3585 = EDGE_CURVE ( 'NONE', #5914, #3243, #3109, .T. ) ;
#3586 = EDGE_CURVE ( 'NONE', #5031, #2473, #5273, .T. ) ;
#3587 = DIRECTION ( 'NONE',  ( 1.000000000000000000, 0.000000000000000000, 0.000000000000000000 ) ) ;
#3588 = ORIENTED_EDGE ( 'NONE', *, *, #3860, .T. ) ;
#3589 = CARTESIAN_POINT ( 'NONE',  ( -0.3200000000000008393, -0.5500000000000000444, 0.3199999999999011968 ) ) ;
#3590 = ORIENTED_EDGE ( 'NONE', *, *, #4297, .T. ) ;
#3591 = DIRECTION ( 'NONE',  ( 3.987870059716798780E-16, 0.000000000000000000, -1.000000000000000000 ) ) ;
#3592 = LINE ( 'NONE', #838, #3196 ) ;
#3593 = CARTESIAN_POINT ( 'NONE',  ( 4.679999999999998828, -4.305096679918778868, 0.3199999999999528222 ) ) ;
#3594 = PRODUCT_DEFINITION_SHAPE ( 'NONE', 'NONE',  #536 ) ;
#3595 = ORIENTED_EDGE ( 'NONE', *, *, #1245, .T. ) ;
#3596 = DIRECTION ( 'NONE',  ( 5.421010862427524142E-16, 0.000000000000000000, -1.000000000000000000 ) ) ;
#3597 = ORIENTED_EDGE ( 'NONE', *, *, #102, .F. ) ;
#3598 = DIRECTION ( 'NONE',  ( 0.000000000000000000, 0.000000000000000000, -1.000000000000000000 ) ) ;
#3599 = CARTESIAN_POINT ( 'NONE',  ( 9.949999999999997513, 7.000000000000000000, 3.399999999999999911 ) ) ;
#3600 = SHAPE_REPRESENTATION_RELATIONSHIP ( 'NONE' , 'NONE' ,  #3764, #3017 ) ;
#3601 = ORIENTED_EDGE ( 'NONE', *, *, #4048, .T. ) ;
#3602 = DIRECTION ( 'NONE',  ( -0.000000000000000000, -0.000000000000000000, -1.000000000000000000 ) ) ;
#3603 = ORIENTED_EDGE ( 'NONE', *, *, #2092, .T. ) ;
#3604 = EDGE_LOOP ( 'NONE', ( #2578, #436, #4419, #2771 ) ) ;
#3605 = VECTOR ( 'NONE', #897, 1000.000000000000000 ) ;
#3606 = FACE_OUTER_BOUND ( 'NONE', #3818, .T. ) ;
#3607 = CARTESIAN_POINT ( 'NONE',  ( -0.6500000000000047962, 0.5000000000000000000, 2.699999999999999734 ) ) ;
#3608 = ADVANCED_FACE ( 'NONE', ( #5725 ), #339, .F. ) ;
#3609 = EDGE_CURVE ( 'NONE', #5600, #3306, #1146, .T. ) ;
#3610 = DIRECTION ( 'NONE',  ( -1.000000000000000000, -0.000000000000000000, -6.033820786006285717E-16 ) ) ;
#3611 = CARTESIAN_POINT ( 'NONE',  ( -0.3200000000000008393, -1.699999999999999956, -0.1000000000001003558 ) ) ;
#3612 = EDGE_CURVE ( 'NONE', #2184, #5538, #1267, .T. ) ;
#3613 = EDGE_CURVE ( 'NONE', #4150, #5345, #3048, .T. ) ;
#3614 = PLANE ( 'NONE',  #2728 ) ;
#3615 = VECTOR ( 'NONE', #3488, 1000.000000000000114 ) ;
#3616 = ORIENTED_EDGE ( 'NONE', *, *, #5449, .F. ) ;
#3617 = CARTESIAN_POINT ( 'NONE',  ( 0.6499999999999952482, 0.5000000000000000000, -1.650000000000001021 ) ) ;
#3618 = VERTEX_POINT ( 'NONE', #3911 ) ;
#3619 = CARTESIAN_POINT ( 'NONE',  ( 7.179999999999998828, -0.5500000000000000444, 0.4199999999999015632 ) ) ;
#3620 = EDGE_CURVE ( 'NONE', #2950, #960, #3469, .T. ) ;
#3621 = FACE_OUTER_BOUND ( 'NONE', #5694, .T. ) ;
#3622 = FACE_OUTER_BOUND ( 'NONE', #4083, .T. ) ;
#3623 = ORIENTED_EDGE ( 'NONE', *, *, #2540, .T. ) ;
#3624 = LINE ( 'NONE', #2674, #3856 ) ;
#3625 = ORIENTED_EDGE ( 'NONE', *, *, #3001, .T. ) ;
#3626 = EDGE_CURVE ( 'NONE', #891, #1696, #4447, .T. ) ;
#3627 = CARTESIAN_POINT ( 'NONE',  ( -1.399999999999999467, 5.891487483155918525, -1.299999999999999378 ) ) ;
#3628 = CARTESIAN_POINT ( 'NONE',  ( 0.000000000000000000, 0.000000000000000000, -2.350000000000000089 ) ) ;
#3629 = ORIENTED_EDGE ( 'NONE', *, *, #5744, .T. ) ;
#3630 = DIRECTION ( 'NONE',  ( -1.084202172485503961E-14, 0.000000000000000000, 1.000000000000000000 ) ) ;
#3631 = EDGE_LOOP ( 'NONE', ( #1818, #4208, #3590, #3864, #3138, #1873, #4060, #1810, #686 ) ) ;
#3632 = DIRECTION ( 'NONE',  ( 1.000000000000000000, -0.000000000000000000, -6.033820786006286703E-16 ) ) ;
#3633 = FACE_OUTER_BOUND ( 'NONE', #3659, .T. ) ;
#3634 = DIRECTION ( 'NONE',  ( -0.4472135954999578167, -0.7745966692414837373, 0.4472135954999576501 ) ) ;
#3635 = ORIENTED_EDGE ( 'NONE', *, *, #5530, .F. ) ;
#3636 = LINE ( 'NONE', #5416, #1531 ) ;
#3637 = FACE_OUTER_BOUND ( 'NONE', #3530, .T. ) ;
#3638 = VECTOR ( 'NONE', #4594, 1000.000000000000114 ) ;
#3639 = CARTESIAN_POINT ( 'NONE',  ( 9.249999999999998224, 1.200000000000000622, 2.699999999999999734 ) ) ;
#3640 = AXIS2_PLACEMENT_3D ( 'NONE', #2891, #3854, #2047 ) ;
#3641 = ORIENTED_EDGE ( 'NONE', *, *, #4080, .T. ) ;
#3642 = LINE ( 'NONE', #4028, #5667 ) ;
#3643 = EDGE_LOOP ( 'NONE', ( #3187, #4646, #808, #1954 ) ) ;
#3644 = DIRECTION ( 'NONE',  ( 7.959506100974069273E-17, -0.3420201433256653267, 0.9396926207859096492 ) ) ;
#3645 = EDGE_CURVE ( 'NONE', #1721, #4150, #689, .T. ) ;
#3646 = AXIS2_PLACEMENT_3D ( 'NONE', #1625, #3467, #1318 ) ;
#3647 = CARTESIAN_POINT ( 'NONE',  ( 0.6499999999999952482, 0.8000000000000000444, 2.699999999999993960 ) ) ;
#3648 = FACE_OUTER_BOUND ( 'NONE', #5217, .T. ) ;
#3649 = ORIENTED_EDGE ( 'NONE', *, *, #5076, .F. ) ;
#3650 = LINE ( 'NONE', #3178, #4610 ) ;
#3651 = ORIENTED_EDGE ( 'NONE', *, *, #1104, .F. ) ;
#3652 = AXIS2_PLACEMENT_3D ( 'NONE', #3987, #3093, #1841 ) ;
#3653 = CARTESIAN_POINT ( 'NONE',  ( 7.179999999999998828, -2.849999999999999645, 0.4199999999999015632 ) ) ;
#3654 = EDGE_CURVE ( 'NONE', #967, #1515, #1715, .T. ) ;
#3655 = CARTESIAN_POINT ( 'NONE',  ( 0.6499999999999952482, 0.000000000000000000, 2.699999999999993960 ) ) ;
#3656 = APPLICATION_PROTOCOL_DEFINITION ( 'draft international standard', 'automotive_design', 1998, #2065 ) ;
#3657 = ORIENTED_EDGE ( 'NONE', *, *, #2092, .F. ) ;
#3658 = CARTESIAN_POINT ( 'NONE',  ( -1.749999999999999778, 1.200000000000000622, 2.699999999999999734 ) ) ;
#3659 = EDGE_LOOP ( 'NONE', ( #728, #1421, #5263, #5246 ) ) ;
#3660 = ORIENTED_EDGE ( 'NONE', *, *, #5561, .T. ) ;
#3661 = DIRECTION ( 'NONE',  ( -1.000000000000000000, 0.000000000000000000, -6.033820786006286703E-16 ) ) ;
#3662 = VECTOR ( 'NONE', #5456, 1000.000000000000000 ) ;
#3663 = VECTOR ( 'NONE', #5092, 1000.000000000000000 ) ;
#3664 = DIRECTION ( 'NONE',  ( 5.860552283705415088E-16, 0.000000000000000000, -1.000000000000000000 ) ) ;
#3665 = DIRECTION ( 'NONE',  ( 6.033820786006286703E-16, 0.000000000000000000, -1.000000000000000000 ) ) ;
#3666 = ORIENTED_EDGE ( 'NONE', *, *, #878, .T. ) ;
#3667 = DIRECTION ( 'NONE',  ( -0.000000000000000000, -1.000000000000000000, -0.000000000000000000 ) ) ;
#3668 = VECTOR ( 'NONE', #4984, 1000.000000000000000 ) ;
#3669 = LINE ( 'NONE', #5874, #324 ) ;
#3670 = CIRCLE ( 'NONE', #4139, 0.7400000000000017675 ) ;
#3671 = LINE ( 'NONE', #1710, #5719 ) ;
#3672 = ORIENTED_EDGE ( 'NONE', *, *, #1474, .T. ) ;
#3673 = CARTESIAN_POINT ( 'NONE',  ( -0.6499999999999978018, 6.500000000000000888, -1.650000000000000355 ) ) ;
#3674 = ORIENTED_EDGE ( 'NONE', *, *, #424, .T. ) ;
#3675 = CARTESIAN_POINT ( 'NONE',  ( -1.750000000000000222, 6.497705265805027608, -0.1249999999999992228 ) ) ;
#3676 = CARTESIAN_POINT ( 'NONE',  ( 7.179999999999998828, -1.921213806263992296, 0.6061617746083811653 ) ) ;
#3677 = LINE ( 'NONE', #4986, #5230 ) ;
#3678 = ORIENTED_EDGE ( 'NONE', *, *, #538, .F. ) ;
#3679 = CARTESIAN_POINT ( 'NONE',  ( 8.149999999999998579, 0.000000000000000000, -2.349999999999999645 ) ) ;
#3680 = ORIENTED_EDGE ( 'NONE', *, *, #4768, .F. ) ;
#3681 = CARTESIAN_POINT ( 'NONE',  ( 8.149999999999996803, 0.000000000000000000, -1.649999999999999911 ) ) ;
#3682 = CARTESIAN_POINT ( 'NONE',  ( 4.349999999999996980, 0.000000000000000000, -1.649999999999999911 ) ) ;
#3683 = EDGE_CURVE ( 'NONE', #2429, #3715, #1233, .T. ) ;
#3684 = CARTESIAN_POINT ( 'NONE',  ( 8.149999999999998579, 0.000000000000000000, 3.400000000000000799 ) ) ;
#3685 = ORIENTED_EDGE ( 'NONE', *, *, #2490, .T. ) ;
#3686 = CARTESIAN_POINT ( 'NONE',  ( 0.6499999999999952482, 0.8000000000000000444, 2.699999999999993960 ) ) ;
#3687 = EDGE_CURVE ( 'NONE', #5363, #5009, #5794, .T. ) ;
#3688 = ORIENTED_EDGE ( 'NONE', *, *, #1137, .F. ) ;
#3689 = VERTEX_POINT ( 'NONE', #4836 ) ;
#3690 = EDGE_LOOP ( 'NONE', ( #3778, #5692, #3768, #2513 ) ) ;
#3691 = CARTESIAN_POINT ( 'NONE',  ( 3.149999999999996358, 0.000000000000000000, -2.350000000000000089 ) ) ;
#3692 = CARTESIAN_POINT ( 'NONE',  ( 0.6499999999999952482, 0.8000000000000000444, -2.350000000000000533 ) ) ;
#3693 = VERTEX_POINT ( 'NONE', #4387 ) ;
#3694 = CARTESIAN_POINT ( 'NONE',  ( 1.849999999999996536, 0.000000000000000000, 2.699999999999993960 ) ) ;
#3695 = CARTESIAN_POINT ( 'NONE',  ( 2.819999999999998952, 6.499999999999997335, 0.3199999999999527667 ) ) ;
#3696 = EDGE_CURVE ( 'NONE', #2566, #2622, #256, .T. ) ;
#3697 = PLANE ( 'NONE',  #2391 ) ;
#3698 = VECTOR ( 'NONE', #788, 1000.000000000000000 ) ;
#3699 = EDGE_LOOP ( 'NONE', ( #1747, #1168, #2336, #2955 ) ) ;
#3700 = CARTESIAN_POINT ( 'NONE',  ( 9.949999999999999289, 4.750000000000000888, -0.1249999999999989730 ) ) ;
#3701 = EDGE_LOOP ( 'NONE', ( #5653, #874, #2297, #2104, #338, #4471 ) ) ;
#3702 = CARTESIAN_POINT ( 'NONE',  ( -1.749999999999996447, 4.750000000000000888, -0.1249999999999989730 ) ) ;
#3703 = LINE ( 'NONE', #5540, #1936 ) ;
#3704 = AXIS2_PLACEMENT_3D ( 'NONE', #2451, #119, #666 ) ;
#3705 = EDGE_LOOP ( 'NONE', ( #5960, #5317, #581, #3747 ) ) ;
#3706 = DIRECTION ( 'NONE',  ( -1.000000000000000000, 0.000000000000000000, 8.470329472543004623E-17 ) ) ;
#3707 = ORIENTED_EDGE ( 'NONE', *, *, #1288, .T. ) ;
#3708 = CARTESIAN_POINT ( 'NONE',  ( 6.849999999999999645, 0.8000000000000000444, -2.349999999999999645 ) ) ;
#3709 = CARTESIAN_POINT ( 'NONE',  ( 0.6499999999999978018, 0.000000000000000000, -2.350000000000000089 ) ) ;
#3710 = VECTOR ( 'NONE', #1919, 1000.000000000000000 ) ;
#3711 = DIRECTION ( 'NONE',  ( -0.3236155771181817853, 0.8891264907159904807, -0.3236155771181817298 ) ) ;
#3712 = DIRECTION ( 'NONE',  ( 0.000000000000000000, 0.000000000000000000, 1.000000000000000000 ) ) ;
#3713 = ORIENTED_EDGE ( 'NONE', *, *, #1998, .F. ) ;
#3714 = CARTESIAN_POINT ( 'NONE',  ( 6.849999999999999645, 0.8000000000000000444, 2.699999999999994849 ) ) ;
#3715 = VERTEX_POINT ( 'NONE', #3675 ) ;
#3716 = VERTEX_POINT ( 'NONE', #5016 ) ;
#3717 = ORIENTED_EDGE ( 'NONE', *, *, #589, .T. ) ;
#3718 = ADVANCED_FACE ( 'NONE', ( #1832 ), #1380, .T. ) ;
#3719 = ADVANCED_FACE ( 'NONE', ( #5477 ), #2757, .F. ) ;
#3720 = FACE_OUTER_BOUND ( 'NONE', #205, .T. ) ;
#3721 = LINE ( 'NONE', #5590, #2416 ) ;
#3722 = VERTEX_POINT ( 'NONE', #5509 ) ;
#3723 = EDGE_CURVE ( 'NONE', #3213, #5662, #2193, .T. ) ;
#3724 = CARTESIAN_POINT ( 'NONE',  ( 0.2108089297201383716, 6.800000000000000711, 0.2108089297200408385 ) ) ;
#3725 = LINE ( 'NONE', #1466, #1110 ) ;
#3726 = LINE ( 'NONE', #1437, #2481 ) ;
#3727 = VERTEX_POINT ( 'NONE', #4030 ) ;
#3728 = DIRECTION ( 'NONE',  ( 1.000000000000000000, 0.000000000000000000, 0.000000000000000000 ) ) ;
#3729 = ORIENTED_EDGE ( 'NONE', *, *, #617, .T. ) ;
#3730 = CARTESIAN_POINT ( 'NONE',  ( -1.600000000000000089, -1.500000000000000000, 1.599999999999998979 ) ) ;
#3731 = VECTOR ( 'NONE', #746, 1000.000000000000000 ) ;
#3732 = DIRECTION ( 'NONE',  ( 0.000000000000000000, -1.000000000000000000, 0.000000000000000000 ) ) ;
#3733 = DIRECTION ( 'NONE',  ( 6.033820786006284731E-16, 0.000000000000000000, -1.000000000000000000 ) ) ;
#3734 = ORIENTED_EDGE ( 'NONE', *, *, #5931, .T. ) ;
#3735 = LINE ( 'NONE', #4687, #5727 ) ;
#3736 = ORIENTED_EDGE ( 'NONE', *, *, #2610, .F. ) ;
#3737 = LINE ( 'NONE', #5516, #3638 ) ;
#3738 = CYLINDRICAL_SURFACE ( 'NONE', #181, 0.1500000000000008271 ) ;
#3739 = VECTOR ( 'NONE', #2249, 1000.000000000000000 ) ;
#3740 = DIRECTION ( 'NONE',  ( 0.000000000000000000, -1.000000000000000000, -0.000000000000000000 ) ) ;
#3741 = ORIENTED_EDGE ( 'NONE', *, *, #3348, .T. ) ;
#3742 = DIRECTION ( 'NONE',  ( 1.993935029858399390E-16, 0.000000000000000000, 1.000000000000000000 ) ) ;
#3743 = AXIS2_PLACEMENT_3D ( 'NONE', #3035, #5227, #1129 ) ;
#3744 = ORIENTED_EDGE ( 'NONE', *, *, #3104, .F. ) ;
#3745 = DIRECTION ( 'NONE',  ( -1.172110456741083018E-15, 0.000000000000000000, -1.000000000000000000 ) ) ;
#3746 = VERTEX_POINT ( 'NONE', #4618 ) ;
#3747 = ORIENTED_EDGE ( 'NONE', *, *, #4654, .F. ) ;
#3748 = ORIENTED_EDGE ( 'NONE', *, *, #2109, .F. ) ;
#3749 = EDGE_CURVE ( 'NONE', #5181, #4390, #3258, .T. ) ;
#3750 = DIRECTION ( 'NONE',  ( 1.000000000000000000, -0.000000000000000000, 0.000000000000000000 ) ) ;
#3751 = LINE ( 'NONE', #2366, #1268 ) ;
#3752 = VERTEX_POINT ( 'NONE', #3702 ) ;
#3753 =( NAMED_UNIT ( * ) PLANE_ANGLE_UNIT ( ) SI_UNIT ( $, .RADIAN. ) );
#3754 = EDGE_CURVE ( 'NONE', #2269, #3145, #1330, .T. ) ;
#3755 = DIRECTION ( 'NONE',  ( 1.000000000000000000, 0.000000000000000000, -1.508455196501571429E-16 ) ) ;
#3756 = VECTOR ( 'NONE', #5216, 1000.000000000000000 ) ;
#3757 = PRESENTATION_LAYER_ASSIGNMENT (  '', '', ( #1828 ) ) ;
#3758 = DIRECTION ( 'NONE',  ( -0.000000000000000000, -0.000000000000000000, -1.000000000000000000 ) ) ;
#3759 = EDGE_LOOP ( 'NONE', ( #2520, #4163, #5396, #2847, #5733 ) ) ;
#3760 = DIRECTION ( 'NONE',  ( -1.000000000000000000, -0.000000000000000000, -0.000000000000000000 ) ) ;
#3761 = ADVANCED_FACE ( 'NONE', ( #4586 ), #5448, .F. ) ;
#3762 = ORIENTED_EDGE ( 'NONE', *, *, #3784, .F. ) ;
#3763 = LINE ( 'NONE', #1078, #3069 ) ;
#3764 = SHAPE_REPRESENTATION ( 'BxB-XH-AM_4', ( #4236 ), #2695 ) ;
#3765 = CIRCLE ( 'NONE', #1167, 0.7400000000000013234 ) ;
#3766 = PLANE ( 'NONE',  #1452 ) ;
#3767 = DIRECTION ( 'NONE',  ( 1.000000000000000000, 0.000000000000000000, 0.000000000000000000 ) ) ;
#3768 = ORIENTED_EDGE ( 'NONE', *, *, #2863, .F. ) ;
#3769 = FACE_OUTER_BOUND ( 'NONE', #2199, .T. ) ;
#3770 = ORIENTED_EDGE ( 'NONE', *, *, #5512, .T. ) ;
#3771 = LINE ( 'NONE', #5578, #937 ) ;
#3772 = SURFACE_SIDE_STYLE ('',( #1937 ) ) ;
#3773 = APPLICATION_PROTOCOL_DEFINITION ( 'draft international standard', 'automotive_design', 1998, #4325 ) ;
#3774 = DIRECTION ( 'NONE',  ( -1.000000000000000000, 0.000000000000000000, 0.000000000000000000 ) ) ;
#3775 = ORIENTED_EDGE ( 'NONE', *, *, #2172, .F. ) ;
#3776 = DIRECTION ( 'NONE',  ( 0.9396926207859096492, -0.3420201433256653822, -0.000000000000000000 ) ) ;
#3777 = ORIENTED_EDGE ( 'NONE', *, *, #1013, .T. ) ;
#3778 = ORIENTED_EDGE ( 'NONE', *, *, #2908, .T. ) ;
#3779 = LINE ( 'NONE', #5618, #2570 ) ;
#3780 = LINE ( 'NONE', #5167, #1684 ) ;
#3781 = DIRECTION ( 'NONE',  ( 0.000000000000000000, 0.000000000000000000, 1.000000000000000000 ) ) ;
#3782 = VERTEX_POINT ( 'NONE', #5047 ) ;
#3783 = CARTESIAN_POINT ( 'NONE',  ( 4.679999999999998828, -3.099999999999996536, -0.3199999999999528222 ) ) ;
#3784 = EDGE_CURVE ( 'NONE', #5587, #3270, #924, .T. ) ;
#3785 = CARTESIAN_POINT ( 'NONE',  ( 3.149999999999996358, 0.8000000000000000444, 2.699999999999993960 ) ) ;
#3786 = EDGE_CURVE ( 'NONE', #3351, #502, #4016, .T. ) ;
#3787 = ORIENTED_EDGE ( 'NONE', *, *, #293, .T. ) ;
#3788 = DIRECTION ( 'NONE',  ( -1.000000000000000000, 0.000000000000000000, -6.033820786006286703E-16 ) ) ;
#3789 = ORIENTED_EDGE ( 'NONE', *, *, #586, .F. ) ;
#3790 = DIRECTION ( 'NONE',  ( 0.000000000000000000, 1.000000000000000000, 0.000000000000000000 ) ) ;
#3791 = VECTOR ( 'NONE', #2073, 1000.000000000000000 ) ;
#3792 = EDGE_CURVE ( 'NONE', #871, #2940, #4144, .T. ) ;
#3793 = EDGE_CURVE ( 'NONE', #1317, #3558, #9, .T. ) ;
#3794 = LINE ( 'NONE', #4769, #2601 ) ;
#3795 = AXIS2_PLACEMENT_3D ( 'NONE', #1541, #4663, #3745 ) ;
#3796 = CARTESIAN_POINT ( 'NONE',  ( 7.819999999999998508, -0.5500000000000000444, -0.3200000000001003153 ) ) ;
#3797 = VERTEX_POINT ( 'NONE', #5425 ) ;
#3798 = CARTESIAN_POINT ( 'NONE',  ( -2.040000000000000924, 7.000000000000000000, -1.940000000000000391 ) ) ;
#3799 = EDGE_CURVE ( 'NONE', #4933, #2473, #1861, .T. ) ;
#3800 = ORIENTED_EDGE ( 'NONE', *, *, #2498, .F. ) ;
#3801 = DIRECTION ( 'NONE',  ( 1.000000000000000000, -6.077163357286272548E-64, -6.033820786006286703E-16 ) ) ;
#3802 = CARTESIAN_POINT ( 'NONE',  ( 0.3199999999999991185, -0.5500000000000000444, 0.4199999999999015632 ) ) ;
#3803 = CARTESIAN_POINT ( 'NONE',  ( 7.179999999999998828, -2.628786193736007082, -0.2861617746085790559 ) ) ;
#3804 = VERTEX_POINT ( 'NONE', #835 ) ;
#3805 = PLANE ( 'NONE',  #615 ) ;
#3806 = ADVANCED_FACE ( 'NONE', ( #2667 ), #372, .F. ) ;
#3807 = VECTOR ( 'NONE', #2626, 1000.000000000000000 ) ;
#3808 = ORIENTED_EDGE ( 'NONE', *, *, #2665, .F. ) ;
#3809 = ORIENTED_EDGE ( 'NONE', *, *, #4736, .T. ) ;
#3810 = DIRECTION ( 'NONE',  ( 1.000000000000000000, -0.000000000000000000, -6.033820786006286703E-16 ) ) ;
#3811 = DIRECTION ( 'NONE',  ( -7.959506100974068041E-17, -0.3420201433256653267, -0.9396926207859096492 ) ) ;
#3812 = LINE ( 'NONE', #2395, #5886 ) ;
#3813 = ORIENTED_EDGE ( 'NONE', *, *, #5065, .T. ) ;
#3814 = DIRECTION ( 'NONE',  ( 1.239088197126292247E-15, -0.000000000000000000, -1.000000000000000000 ) ) ;
#3815 = CARTESIAN_POINT ( 'NONE',  ( 3.736327486719309890E-15, 4.000000000000000000, -1.649999999999999911 ) ) ;
#3816 = ORIENTED_EDGE ( 'NONE', *, *, #3074, .T. ) ;
#3817 = DIRECTION ( 'NONE',  ( 1.000000000000000000, -0.000000000000000000, -6.033820786006285717E-16 ) ) ;
#3818 = EDGE_LOOP ( 'NONE', ( #4412, #5722, #2235, #3497 ) ) ;
#3819 = DIRECTION ( 'NONE',  ( 1.239088197126291852E-15, -0.000000000000000000, -1.000000000000000000 ) ) ;
#3820 = EDGE_CURVE ( 'NONE', #866, #1182, #1774, .T. ) ;
#3821 = DIRECTION ( 'NONE',  ( 1.000000000000000000, 0.000000000000000000, 0.000000000000000000 ) ) ;
#3822 = DIRECTION ( 'NONE',  ( -1.000000000000000000, 0.000000000000000000, 0.000000000000000000 ) ) ;
#3823 = ORIENTED_EDGE ( 'NONE', *, *, #1027, .T. ) ;
#3824 = CARTESIAN_POINT ( 'NONE',  ( 9.949999999999999289, 7.000000000000000000, 3.001825841038126819E-15 ) ) ;
#3825 = ORIENTED_EDGE ( 'NONE', *, *, #1186, .F. ) ;
#3826 = PLANE ( 'NONE',  #3450 ) ;
#3827 = AXIS2_PLACEMENT_3D ( 'NONE', #2224, #5911, #4531 ) ;
#3828 = DIRECTION ( 'NONE',  ( 1.000000000000000000, -0.000000000000000000, 6.033820786006285717E-16 ) ) ;
#3829 = DIRECTION ( 'NONE',  ( -6.033820786006285717E-16, 0.000000000000000000, 1.000000000000000000 ) ) ;
#3830 = ORIENTED_EDGE ( 'NONE', *, *, #5749, .T. ) ;
#3831 = CARTESIAN_POINT ( 'NONE',  ( 9.249999999999998224, 0.5000000000000000000, 2.699999999999999734 ) ) ;
#3832 = AXIS2_PLACEMENT_3D ( 'NONE', #3462, #305, #5814 ) ;
#3833 = ORIENTED_EDGE ( 'NONE', *, *, #4858, .F. ) ;
#3834 = VERTEX_POINT ( 'NONE', #2251 ) ;
#3835 = CARTESIAN_POINT ( 'NONE',  ( 7.179999999999998828, 6.499999999999997335, -0.3200000000001000378 ) ) ;
#3836 = DIRECTION ( 'NONE',  ( 0.000000000000000000, 0.000000000000000000, 1.000000000000000000 ) ) ;
#3837 = VECTOR ( 'NONE', #4861, 1000.000000000000227 ) ;
#3838 = VECTOR ( 'NONE', #565, 1000.000000000000000 ) ;
#3839 = DIRECTION ( 'NONE',  ( -1.508455196501571429E-16, 0.000000000000000000, -1.000000000000000000 ) ) ;
#3840 = VERTEX_POINT ( 'NONE', #4086 ) ;
#3841 = PLANE ( 'NONE',  #1147 ) ;
#3842 = CARTESIAN_POINT ( 'NONE',  ( -2.450000000000000178, 7.000000000000000000, 3.695715231428850840E-16 ) ) ;
#3843 = ORIENTED_EDGE ( 'NONE', *, *, #3322, .T. ) ;
#3844 = CARTESIAN_POINT ( 'NONE',  ( -0.2108089297201401202, 6.800000000000000711, -0.2108089297202395962 ) ) ;
#3845 = ORIENTED_EDGE ( 'NONE', *, *, #3181, .F. ) ;
#3846 = FACE_OUTER_BOUND ( 'NONE', #3254, .T. ) ;
#3847 = AXIS2_PLACEMENT_3D ( 'NONE', #5854, #751, #3440 ) ;
#3848 = VECTOR ( 'NONE', #4093, 1000.000000000000000 ) ;
#3849 = CARTESIAN_POINT ( 'NONE',  ( 7.179999999999998828, -0.7712138062639923852, -0.2861617746085795000 ) ) ;
#3850 = CARTESIAN_POINT ( 'NONE',  ( 0.2108089297201392598, -3.399999999999999911, 0.2108089297200407275 ) ) ;
#3851 = ORIENTED_EDGE ( 'NONE', *, *, #1883, .T. ) ;
#3852 = DIRECTION ( 'NONE',  ( -3.016910393003142859E-16, 0.000000000000000000, 1.000000000000000000 ) ) ;
#3853 = ORIENTED_EDGE ( 'NONE', *, *, #1369, .F. ) ;
#3854 = DIRECTION ( 'NONE',  ( 0.000000000000000000, -0.000000000000000000, 1.000000000000000000 ) ) ;
#3855 = VECTOR ( 'NONE', #451, 1000.000000000000000 ) ;
#3856 = VECTOR ( 'NONE', #1327, 1000.000000000000000 ) ;
#3857 = CARTESIAN_POINT ( 'NONE',  ( 0.000000000000000000, 0.000000000000000000, 0.000000000000000000 ) ) ;
#3858 = VECTOR ( 'NONE', #4389, 1000.000000000000000 ) ;
#3859 = PLANE ( 'NONE',  #2212 ) ;
#3860 = EDGE_CURVE ( 'NONE', #303, #900, #1351, .T. ) ;
#3861 = MECHANICAL_DESIGN_GEOMETRIC_PRESENTATION_REPRESENTATION (  '', ( #3099 ), #3480 ) ;
#3862 = ORIENTED_EDGE ( 'NONE', *, *, #3003, .F. ) ;
#3863 = CARTESIAN_POINT ( 'NONE',  ( -0.3200000000000008393, 6.499999999999997335, -0.3200000000001004263 ) ) ;
#3864 = ORIENTED_EDGE ( 'NONE', *, *, #3786, .T. ) ;
#3865 = ORIENTED_EDGE ( 'NONE', *, *, #96, .F. ) ;
#3866 = DIRECTION ( 'NONE',  ( 1.000000000000000000, -1.368455531567204475E-48, -6.033820786006286703E-16 ) ) ;
#3867 = FACE_OUTER_BOUND ( 'NONE', #4303, .T. ) ;
#3868 = DIRECTION ( 'NONE',  ( -0.000000000000000000, 1.445602896647339903E-16, 1.000000000000000000 ) ) ;
#3869 = EDGE_LOOP ( 'NONE', ( #805, #3717, #5983, #5930, #4121 ) ) ;
#3870 = DIRECTION ( 'NONE',  ( -6.033820786006286703E-16, 0.000000000000000000, -1.000000000000000000 ) ) ;
#3871 = CARTESIAN_POINT ( 'NONE',  ( 7.819999999999998508, 6.499999999999997335, 0.3199999999999011968 ) ) ;
#3872 = EDGE_CURVE ( 'NONE', #1311, #3503, #2277, .T. ) ;
#3873 = DIRECTION ( 'NONE',  ( 0.000000000000000000, 0.000000000000000000, 1.000000000000000000 ) ) ;
#3874 = ORIENTED_EDGE ( 'NONE', *, *, #5205, .T. ) ;
#3875 = DIRECTION ( 'NONE',  ( 3.016910393003142859E-16, 0.000000000000000000, -1.000000000000000000 ) ) ;
#3876 = EDGE_CURVE ( 'NONE', #2844, #1721, #3287, .T. ) ;
#3877 = ORIENTED_EDGE ( 'NONE', *, *, #2175, .T. ) ;
#3878 = LINE ( 'NONE', #3012, #449 ) ;
#3879 = DIRECTION ( 'NONE',  ( 0.000000000000000000, 1.000000000000000000, 0.000000000000000000 ) ) ;
#3880 = DIRECTION ( 'NONE',  ( -0.000000000000000000, -1.000000000000000000, -0.000000000000000000 ) ) ;
#3881 = ORIENTED_EDGE ( 'NONE', *, *, #5598, .F. ) ;
#3882 = CARTESIAN_POINT ( 'NONE',  ( 1.849999999999996536, 0.8000000000000000444, -2.350000000000000089 ) ) ;
#3883 = ORIENTED_EDGE ( 'NONE', *, *, #1766, .F. ) ;
#3884 = DIRECTION ( 'NONE',  ( 1.000000000000000000, 0.000000000000000000, 6.033820786006286703E-16 ) ) ;
#3885 =( NAMED_UNIT ( * ) PLANE_ANGLE_UNIT ( ) SI_UNIT ( $, .RADIAN. ) );
#3886 = DIRECTION ( 'NONE',  ( 0.000000000000000000, 0.9542726683898371531, -0.2989375760324216036 ) ) ;
#3887 = ORIENTED_EDGE ( 'NONE', *, *, #4483, .F. ) ;
#3888 = CARTESIAN_POINT ( 'NONE',  ( 9.250000000000000000, 0.000000000000000000, -1.649999999999999911 ) ) ;
#3889 = EDGE_LOOP ( 'NONE', ( #5119, #64, #3015, #2868, #371, #446, #3685, #3325, #2439, #2629, #4194, #5773, #1903, #938, #4400, #511, #3336, #4875, #2619, #4177, #3474, #654, #3990, #5225, #3862, #1407, #5863, #1601, #104, #4085, #4931, #176, #898, #1965, #767 ) ) ;
#3890 = ORIENTED_EDGE ( 'NONE', *, *, #132, .T. ) ;
#3891 = DIRECTION ( 'NONE',  ( -1.000000000000000000, 0.000000000000000000, -1.239088197126292444E-15 ) ) ;
#3892 = EDGE_LOOP ( 'NONE', ( #5305, #376, #127, #166 ) ) ;
#3893 = FACE_OUTER_BOUND ( 'NONE', #5582, .T. ) ;
#3894 = LINE ( 'NONE', #5738, #5890 ) ;
#3895 = VECTOR ( 'NONE', #5223, 1000.000000000000000 ) ;
#3896 = ORIENTED_EDGE ( 'NONE', *, *, #4990, .T. ) ;
#3897 = CARTESIAN_POINT ( 'NONE',  ( 7.179999999999998828, -0.5500000000000000444, -0.3200000000000999267 ) ) ;
#3898 = DIRECTION ( 'NONE',  ( -0.000000000000000000, -0.9542726683898373752, -0.2989375760324212150 ) ) ;
#3899 = DIRECTION ( 'NONE',  ( 1.000000000000000000, 0.000000000000000000, -0.000000000000000000 ) ) ;
#3900 = AXIS2_PLACEMENT_3D ( 'NONE', #4830, #3525, #1256 ) ;
#3901 = ADVANCED_FACE ( 'NONE', ( #2339 ), #76, .F. ) ;
#3902 = ORIENTED_EDGE ( 'NONE', *, *, #3245, .F. ) ;
#3903 = PLANE ( 'NONE',  #2669 ) ;
#3904 = ORIENTED_EDGE ( 'NONE', *, *, #2683, .T. ) ;
#3905 = FACE_OUTER_BOUND ( 'NONE', #2666, .T. ) ;
#3906 = CARTESIAN_POINT ( 'NONE',  ( 8.919999999999999929, 5.926128499307297126, -1.319999999999999396 ) ) ;
#3907 = LINE ( 'NONE', #195, #2252 ) ;
#3908 = ORIENTED_EDGE ( 'NONE', *, *, #4174, .T. ) ;
#3909 = DIRECTION ( 'NONE',  ( 0.000000000000000000, 0.000000000000000000, -1.000000000000000000 ) ) ;
#3910 = VERTEX_POINT ( 'NONE', #2404 ) ;
#3911 = CARTESIAN_POINT ( 'NONE',  ( 9.250000000000000000, 6.497705265805027608, -1.124999999999999112 ) ) ;
#3912 = LINE ( 'NONE', #2954, #2311 ) ;
#3913 = ORIENTED_EDGE ( 'NONE', *, *, #1363, .T. ) ;
#3914 = DIRECTION ( 'NONE',  ( -1.000000000000000000, -0.000000000000000000, -0.000000000000000000 ) ) ;
#3915 = ORIENTED_EDGE ( 'NONE', *, *, #5632, .T. ) ;
#3916 = VERTEX_POINT ( 'NONE', #559 ) ;
#3917 = DIRECTION ( 'NONE',  ( 0.000000000000000000, 0.000000000000000000, 1.000000000000000000 ) ) ;
#3918 = LINE ( 'NONE', #5705, #3989 ) ;
#3919 = FACE_OUTER_BOUND ( 'NONE', #4362, .T. ) ;
#3920 = AXIS2_PLACEMENT_3D ( 'NONE', #533, #4209, #83 ) ;
#3921 = VERTEX_POINT ( 'NONE', #105 ) ;
#3922 = CARTESIAN_POINT ( 'NONE',  ( 1.785621090483346418E-17, 6.800000000000000711, 0.2108089297200924916 ) ) ;
#3923 = CARTESIAN_POINT ( 'NONE',  ( -0.3200000000000008393, -3.099999999999996536, 0.4199999999999011746 ) ) ;
#3924 = AXIS2_PLACEMENT_3D ( 'NONE', #5534, #3452, #184 ) ;
#3925 = CARTESIAN_POINT ( 'NONE',  ( -0.6499999999999978018, 7.000000000000000000, 5.969556544854365931 ) ) ;
#3926 = DIRECTION ( 'NONE',  ( -1.000000000000000000, 0.000000000000000000, 0.000000000000000000 ) ) ;
#3927 = VECTOR ( 'NONE', #3788, 1000.000000000000000 ) ;
#3928 = CLOSED_SHELL ( 'NONE', ( #4949, #337, #430, #1660, #23, #470, #2210, #582, #2907, #5038, #465, #1375, #1850, #3930, #4396, #1467, #2266, #178, #1584, #4807, #2238, #3353, #3500, #1028, #5889, #4110 ) ) ;
#3929 = ADVANCED_FACE ( 'NONE', ( #527 ), #3370, .F. ) ;
#3930 = ADVANCED_FACE ( 'NONE', ( #4170 ), #4286, .F. ) ;
#3931 = STYLED_ITEM ( 'NONE', ( #1918 ), #3115 ) ;
#3932 = VERTEX_POINT ( 'NONE', #2820 ) ;
#3933 = CARTESIAN_POINT ( 'NONE',  ( 7.179999999999998828, 6.499999999999997335, -0.3200000000000999822 ) ) ;
#3934 = ORIENTED_EDGE ( 'NONE', *, *, #4004, .F. ) ;
#3935 = LINE ( 'NONE', #5718, #1235 ) ;
#3936 = CARTESIAN_POINT ( 'NONE',  ( 0.000000000000000000, 7.000000000000000000, -2.350000000000000089 ) ) ;
#3937 = ADVANCED_FACE ( 'NONE', ( #983 ), #4681, .F. ) ;
#3938 = EDGE_CURVE ( 'NONE', #4352, #5430, #5234, .T. ) ;
#3939 = ORIENTED_EDGE ( 'NONE', *, *, #2063, .F. ) ;
#3940 = FACE_OUTER_BOUND ( 'NONE', #782, .T. ) ;
#3941 = ORIENTED_EDGE ( 'NONE', *, *, #4862, .F. ) ;
#3942 = CARTESIAN_POINT ( 'NONE',  ( 9.949999999999999289, 7.000000000000000000, -0.1249999999999992922 ) ) ;
#3943 = VECTOR ( 'NONE', #3516, 1000.000000000000000 ) ;
#3944 = VECTOR ( 'NONE', #2621, 1000.000000000000000 ) ;
#3945 = DIRECTION ( 'NONE',  ( 0.000000000000000000, -1.000000000000000000, 0.000000000000000000 ) ) ;
#3946 = DIRECTION ( 'NONE',  ( -1.000000000000000000, 0.000000000000000000, -6.033820786006286703E-16 ) ) ;
#3947 = VERTEX_POINT ( 'NONE', #1473 ) ;
#3948 = CARTESIAN_POINT ( 'NONE',  ( 7.179999999999998828, 6.800000000000000711, -0.3200000000001000378 ) ) ;
#3949 = AXIS2_PLACEMENT_3D ( 'NONE', #4957, #4204, #3259 ) ;
#3950 = ORIENTED_EDGE ( 'NONE', *, *, #4449, .T. ) ;
#3951 = LINE ( 'NONE', #819, #2094 ) ;
#3952 = COLOUR_RGB ( '',0.7960784313725489669, 0.8235294117647058432, 0.9372549019607843146 ) ;
#3953 = LINE ( 'NONE', #295, #1543 ) ;
#3954 = VECTOR ( 'NONE', #3146, 1000.000000000000000 ) ;
#3955 = DIRECTION ( 'NONE',  ( -1.000000000000000000, 0.000000000000000000, -0.000000000000000000 ) ) ;
#3956 = ORIENTED_EDGE ( 'NONE', *, *, #5834, .T. ) ;
#3957 = PLANE ( 'NONE',  #1136 ) ;
#3958 = LINE ( 'NONE', #2543, #5391 ) ;
#3959 = DIRECTION ( 'NONE',  ( -5.757910262048284904E-16, -0.2989375760324212150, 0.9542726683898373752 ) ) ;
#3960 = EDGE_CURVE ( 'NONE', #2184, #3466, #3399, .T. ) ;
#3961 = VERTEX_POINT ( 'NONE', #3730 ) ;
#3962 = LINE ( 'NONE', #4439, #3553 ) ;
#3963 = ORIENTED_EDGE ( 'NONE', *, *, #878, .F. ) ;
#3964 = CARTESIAN_POINT ( 'NONE',  ( 7.710808929720139204, 6.800000000000000711, 0.3199999999999012523 ) ) ;
#3965 = EDGE_CURVE ( 'NONE', #2507, #50, #5176, .T. ) ;
#3966 = LINE ( 'NONE', #3936, #5822 ) ;
#3967 = ORIENTED_EDGE ( 'NONE', *, *, #1137, .T. ) ;
#3968 = DIRECTION ( 'NONE',  ( 0.000000000000000000, 0.000000000000000000, -1.000000000000000000 ) ) ;
#3969 = EDGE_CURVE ( 'NONE', #1123, #4622, #2374, .T. ) ;
#3970 = ORIENTED_EDGE ( 'NONE', *, *, #770, .F. ) ;
#3971 = DIRECTION ( 'NONE',  ( -0.000000000000000000, -1.000000000000000000, -0.000000000000000000 ) ) ;
#3972 = EDGE_CURVE ( 'NONE', #4815, #277, #1012, .T. ) ;
#3973 = CARTESIAN_POINT ( 'NONE',  ( -0.4986569665002185126, 6.586632427233533704, -1.701342120589018903 ) ) ;
#3974 = EDGE_CURVE ( 'NONE', #5405, #4064, #4971, .T. ) ;
#3975 = FACE_OUTER_BOUND ( 'NONE', #5455, .T. ) ;
#3976 = ORIENTED_EDGE ( 'NONE', *, *, #3038, .T. ) ;
#3977 = DIRECTION ( 'NONE',  ( 0.000000000000000000, 0.000000000000000000, 1.000000000000000000 ) ) ;
#3978 = ORIENTED_EDGE ( 'NONE', *, *, #1951, .F. ) ;
#3979 = CARTESIAN_POINT ( 'NONE',  ( -1.750000000000000000, 0.5000000000000000000, 2.476969600708473163 ) ) ;
#3980 = PLANE ( 'NONE',  #3371 ) ;
#3981 = ADVANCED_FACE ( 'NONE', ( #594 ), #1892, .F. ) ;
#3982 = SURFACE_SIDE_STYLE ('',( #5893 ) ) ;
#3983 = VECTOR ( 'NONE', #5318, 1000.000000000000000 ) ;
#3984 = ORIENTED_EDGE ( 'NONE', *, *, #2315, .T. ) ;
#3985 = CARTESIAN_POINT ( 'NONE',  ( 9.249999999999998224, 0.000000000000000000, 2.699999999999999734 ) ) ;
#3986 = LINE ( 'NONE', #5291, #5784 ) ;
#3987 = CARTESIAN_POINT ( 'NONE',  ( 0.3199999999999991185, -2.849999999999999201, -0.3200000000001000378 ) ) ;
#3988 = PLANE ( 'NONE',  #906 ) ;
#3989 = VECTOR ( 'NONE', #4367, 1000.000000000000000 ) ;
#3990 = ORIENTED_EDGE ( 'NONE', *, *, #2431, .T. ) ;
#3991 = CARTESIAN_POINT ( 'NONE',  ( -0.3200000000000008393, -2.849999999999999201, 0.4199999999999011746 ) ) ;
#3992 = AXIS2_PLACEMENT_3D ( 'NONE', #2552, #1169, #4382 ) ;
#3993 = PLANE ( 'NONE',  #3832 ) ;
#3994 = CARTESIAN_POINT ( 'NONE',  ( 2.819999999999998952, -3.099999999999996536, 0.3199999999999527667 ) ) ;
#3995 = ORIENTED_EDGE ( 'NONE', *, *, #2978, .T. ) ;
#3996 = CARTESIAN_POINT ( 'NONE',  ( -1.750000000000000666, 0.5000000000000000000, -1.649999999999999911 ) ) ;
#3997 = EDGE_CURVE ( 'NONE', #1917, #3090, #4202, .T. ) ;
#3998 = VERTEX_POINT ( 'NONE', #1927 ) ;
#3999 = DIRECTION ( 'NONE',  ( 1.000000000000000000, 0.000000000000000000, 0.000000000000000000 ) ) ;
#4000 = DIRECTION ( 'NONE',  ( -1.000000000000000000, 0.000000000000000000, 0.000000000000000000 ) ) ;
#4001 = CARTESIAN_POINT ( 'NONE',  ( 0.000000000000000000, 0.000000000000000000, -2.350000000000000089 ) ) ;
#4002 = ORIENTED_EDGE ( 'NONE', *, *, #1440, .T. ) ;
#4003 = DIRECTION ( 'NONE',  ( 0.3236155771181830620, -0.8891264907159900366, -0.3236155771181817853 ) ) ;
#4004 = EDGE_CURVE ( 'NONE', #1512, #5782, #3763, .T. ) ;
#4005 = ORIENTED_EDGE ( 'NONE', *, *, #2939, .F. ) ;
#4006 = CARTESIAN_POINT ( 'NONE',  ( -2.450000000000000622, 7.000000000000000000, -2.350000000000000089 ) ) ;
#4007 = DIRECTION ( 'NONE',  ( 1.000000000000000000, 0.000000000000000000, 0.000000000000000000 ) ) ;
#4008 =( NAMED_UNIT ( * ) PLANE_ANGLE_UNIT ( ) SI_UNIT ( $, .RADIAN. ) );
#4009 = EDGE_LOOP ( 'NONE', ( #2327, #4708, #4438, #2016, #2120 ) ) ;
#4010 = LINE ( 'NONE', #2208, #359 ) ;
#4011 = EDGE_CURVE ( 'NONE', #4143, #5544, #2850, .T. ) ;
#4012 = ADVANCED_FACE ( 'NONE', ( #3846 ), #4440, .T. ) ;
#4013 = DIRECTION ( 'NONE',  ( -1.000000000000000000, 0.000000000000000000, 6.033820786006286703E-16 ) ) ;
#4014 = LINE ( 'NONE', #3708, #2382 ) ;
#4015 = EDGE_CURVE ( 'NONE', #136, #4866, #3878, .T. ) ;
#4016 = CIRCLE ( 'NONE', #4494, 0.5000000000000000000 ) ;
#4017 = CARTESIAN_POINT ( 'NONE',  ( 5.210808929720138316, -3.399999999999999911, -0.2108089297201703738 ) ) ;
#4018 = DIRECTION ( 'NONE',  ( 1.000000000000000000, 0.000000000000000000, 6.033820786006286703E-16 ) ) ;
#4019 = VECTOR ( 'NONE', #5073, 1000.000000000000000 ) ;
#4020 = VERTEX_POINT ( 'NONE', #2607 ) ;
#4021 = CARTESIAN_POINT ( 'NONE',  ( 0.6499999999999952482, 0.8000000000000000444, -2.350000000000000533 ) ) ;
#4022 = DIRECTION ( 'NONE',  ( 0.000000000000000000, 0.000000000000000000, -1.000000000000000000 ) ) ;
#4023 = VECTOR ( 'NONE', #43, 1000.000000000000227 ) ;
#4024 = APPLICATION_CONTEXT ( 'automotive_design' ) ;
#4025 = VECTOR ( 'NONE', #2881, 1000.000000000000000 ) ;
#4026 = LINE ( 'NONE', #1376, #4746 ) ;
#4027 = ORIENTED_EDGE ( 'NONE', *, *, #3220, .F. ) ;
#4028 = CARTESIAN_POINT ( 'NONE',  ( 1.787633257097064776, 5.421981233729215255, -0.7123667429028296416 ) ) ;
#4029 = ORIENTED_EDGE ( 'NONE', *, *, #3683, .F. ) ;
#4030 = CARTESIAN_POINT ( 'NONE',  ( -0.6500000000000047962, 0.8000000000000000444, -2.350000000000000533 ) ) ;
#4031 = CARTESIAN_POINT ( 'NONE',  ( 7.500000000000000888, 4.649999999999998579, 5.969556544854365931 ) ) ;
#4032 = CARTESIAN_POINT ( 'NONE',  ( -1.749999999999999778, 6.497705265805027608, 2.699999999999999734 ) ) ;
#4033 = ORIENTED_EDGE ( 'NONE', *, *, #4920, .F. ) ;
#4034 = LINE ( 'NONE', #4509, #5406 ) ;
#4035 = ADVANCED_FACE ( 'NONE', ( #740 ), #3993, .F. ) ;
#4036 = ORIENTED_EDGE ( 'NONE', *, *, #4493, .T. ) ;
#4037 = AXIS2_PLACEMENT_3D ( 'NONE', #5054, #1329, #3182 ) ;
#4038 = CARTESIAN_POINT ( 'NONE',  ( -0.6500000000000047962, 0.8000000000000000444, 2.699999999999993960 ) ) ;
#4039 = EDGE_CURVE ( 'NONE', #1994, #5363, #3935, .T. ) ;
#4040 = ADVANCED_FACE ( 'NONE', ( #4413 ), #2977, .F. ) ;
#4041 = LINE ( 'NONE', #4512, #5487 ) ;
#4042 = VECTOR ( 'NONE', #4000, 1000.000000000000000 ) ;
#4043 = ORIENTED_EDGE ( 'NONE', *, *, #4475, .T. ) ;
#4044 = DIRECTION ( 'NONE',  ( 1.000000000000000000, -0.000000000000000000, 0.000000000000000000 ) ) ;
#4045 = EDGE_LOOP ( 'NONE', ( #1051, #2617, #4805, #1758 ) ) ;
#4046 = VECTOR ( 'NONE', #1003, 1000.000000000000227 ) ;
#4047 = ORIENTED_EDGE ( 'NONE', *, *, #2946, .T. ) ;
#4048 = EDGE_CURVE ( 'NONE', #3428, #5701, #2131, .T. ) ;
#4049 = CARTESIAN_POINT ( 'NONE',  ( 9.249999999999998224, 0.5000000000000000000, 2.699999999999999734 ) ) ;
#4050 = DIRECTION ( 'NONE',  ( -0.000000000000000000, 0.000000000000000000, 1.000000000000000000 ) ) ;
#4051 = ADVANCED_FACE ( 'NONE', ( #1198 ), #5787, .T. ) ;
#4052 = CARTESIAN_POINT ( 'NONE',  ( 4.789191070279859908, 6.800000000000000711, -0.2108089297201081735 ) ) ;
#4053 = AXIS2_PLACEMENT_3D ( 'NONE', #2438, #2796, #4267 ) ;
#4054 = CARTESIAN_POINT ( 'NONE',  ( -1.600000000000000089, -1.500000000000000000, 1.499999999999999556 ) ) ;
#4055 = EDGE_CURVE ( 'NONE', #1656, #3947, #1681, .T. ) ;
#4056 = CARTESIAN_POINT ( 'NONE',  ( 8.150000000000002132, 6.349999999999999645, -1.650000000000000355 ) ) ;
#4057 = ADVANCED_FACE ( 'NONE', ( #1652 ), #4798, .F. ) ;
#4058 = EDGE_LOOP ( 'NONE', ( #5329, #859, #4275, #1932 ) ) ;
#4059 = CARTESIAN_POINT ( 'NONE',  ( 7.179999999999998828, -1.699999999999999956, -0.1000000000000999811 ) ) ;
#4060 = ORIENTED_EDGE ( 'NONE', *, *, #1482, .T. ) ;
#4061 = DIRECTION ( 'NONE',  ( -0.000000000000000000, -1.000000000000000000, -0.000000000000000000 ) ) ;
#4062 = CARTESIAN_POINT ( 'NONE',  ( 1.849999999999996536, 0.8000000000000000444, 2.699999999999993960 ) ) ;
#4063 = DIRECTION ( 'NONE',  ( 1.000000000000000000, -0.000000000000000000, -6.033820786006286703E-16 ) ) ;
#4064 = VERTEX_POINT ( 'NONE', #221 ) ;
#4065 = CARTESIAN_POINT ( 'NONE',  ( 6.850000000000001421, 3.999999999999998224, -1.650000000000000355 ) ) ;
#4066 = ORIENTED_EDGE ( 'NONE', *, *, #3388, .T. ) ;
#4067 = CARTESIAN_POINT ( 'NONE',  ( 5.649999999999997691, 0.8000000000000000444, 3.399999999999994138 ) ) ;
#4068 = DIRECTION ( 'NONE',  ( 2.180627201525404036E-32, -1.000000000000000000, 1.445602896647339903E-16 ) ) ;
#4069 =( NAMED_UNIT ( * ) PLANE_ANGLE_UNIT ( ) SI_UNIT ( $, .RADIAN. ) );
#4070 = VERTEX_POINT ( 'NONE', #5360 ) ;
#4071 = CARTESIAN_POINT ( 'NONE',  ( 4.777755812503535537, -3.368581887473905301, -0.2222441874964309338 ) ) ;
#4072 = ORIENTED_EDGE ( 'NONE', *, *, #4308, .T. ) ;
#4073 = CARTESIAN_POINT ( 'NONE',  ( 2.820000000000008278, 1.200000000000000622, 0.3200000000000349232 ) ) ;
#4074 = CARTESIAN_POINT ( 'NONE',  ( 6.849999999999999645, 0.000000000000000000, -2.349999999999999645 ) ) ;
#4075 = DIRECTION ( 'NONE',  ( 1.239088197126292247E-15, -0.000000000000000000, -1.000000000000000000 ) ) ;
#4076 = ORIENTED_EDGE ( 'NONE', *, *, #5136, .F. ) ;
#4077 = DIRECTION ( 'NONE',  ( -1.474684361169737143E-13, 0.000000000000000000, -1.000000000000000000 ) ) ;
#4078 = EDGE_CURVE ( 'NONE', #5282, #1469, #250, .T. ) ;
#4079 = CARTESIAN_POINT ( 'NONE',  ( 7.819999999999998508, 0.000000000000000000, -0.3200000000000000622 ) ) ;
#4080 = EDGE_CURVE ( 'NONE', #4302, #678, #1227, .T. ) ;
#4081 = CARTESIAN_POINT ( 'NONE',  ( 7.819999999999998508, -3.099999999999996536, 0.3199999999999011968 ) ) ;
#4082 = AXIS2_PLACEMENT_3D ( 'NONE', #726, #4726, #1577 ) ;
#4083 = EDGE_LOOP ( 'NONE', ( #3023, #129, #2307, #2744 ) ) ;
#4084 = CARTESIAN_POINT ( 'NONE',  ( 1.849999999999995648, 0.5000000000000000000, -1.649999999999999911 ) ) ;
#4085 = ORIENTED_EDGE ( 'NONE', *, *, #5076, .T. ) ;
#4086 = CARTESIAN_POINT ( 'NONE',  ( -0.6500000000000047962, 0.8000000000000000444, 2.699999999999993960 ) ) ;
#4087 = CARTESIAN_POINT ( 'NONE',  ( -1.750000000000000666, 0.5000000000000000000, -1.649999999999999911 ) ) ;
#4088 = FACE_OUTER_BOUND ( 'NONE', #5857, .T. ) ;
#4089 = ORIENTED_EDGE ( 'NONE', *, *, #4437, .F. ) ;
#4090 = LINE ( 'NONE', #4961, #5796 ) ;
#4091 = ORIENTED_EDGE ( 'NONE', *, *, #4862, .T. ) ;
#4092 = CARTESIAN_POINT ( 'NONE',  ( 9.949999999999999289, 5.250000000000000888, -0.6249999999999991118 ) ) ;
#4093 = DIRECTION ( 'NONE',  ( 1.239088197126291458E-15, -0.000000000000000000, -1.000000000000000000 ) ) ;
#4094 = ORIENTED_EDGE ( 'NONE', *, *, #1108, .F. ) ;
#4095 = CARTESIAN_POINT ( 'NONE',  ( 9.949999999999999289, 7.000000000000000000, -0.1249999999999992922 ) ) ;
#4096 = ORIENTED_EDGE ( 'NONE', *, *, #1108, .T. ) ;
#4097 = DIRECTION ( 'NONE',  ( -6.033820786006286703E-16, 1.475104996578917463E-17, 1.000000000000000000 ) ) ;
#4098 = CARTESIAN_POINT ( 'NONE',  ( -0.2108089297201392598, -3.399999999999999911, -0.3200000000001003153 ) ) ;
#4099 = DIRECTION ( 'NONE',  ( 0.000000000000000000, 0.000000000000000000, 1.000000000000000000 ) ) ;
#4100 = ORIENTED_EDGE ( 'NONE', *, *, #888, .T. ) ;
#4101 = DIRECTION ( 'NONE',  ( -5.860552283705417060E-16, 0.000000000000000000, 1.000000000000000000 ) ) ;
#4102 = AXIS2_PLACEMENT_3D ( 'NONE', #3538, #3117, #1275 ) ;
#4103 = CARTESIAN_POINT ( 'NONE',  ( 9.249999999999998224, 0.5000000000000000000, 2.699999999999999734 ) ) ;
#4104 = AXIS2_PLACEMENT_3D ( 'NONE', #4178, #300, #3123 ) ;
#4105 = CIRCLE ( 'NONE', #5658, 0.7400000000000017675 ) ;
#4106 = DIRECTION ( 'NONE',  ( 0.3236155771181818963, 0.8891264907159904807, -0.3236155771181816743 ) ) ;
#4107 = VECTOR ( 'NONE', #3531, 1000.000000000000000 ) ;
#4108 = ORIENTED_EDGE ( 'NONE', *, *, #1669, .T. ) ;
#4109 = DIRECTION ( 'NONE',  ( 0.000000000000000000, -1.000000000000000000, 9.856383386231847734E-17 ) ) ;
#4110 = ADVANCED_FACE ( 'NONE', ( #650 ), #4893, .F. ) ;
#4111 = VERTEX_POINT ( 'NONE', #5332 ) ;
#4112 = CARTESIAN_POINT ( 'NONE',  ( 7.819999999999998508, -3.399999999999999911, 0.3199999999999011968 ) ) ;
#4113 = VECTOR ( 'NONE', #2270, 1000.000000000000000 ) ;
#4114 = ADVANCED_FACE ( 'NONE', ( #2041 ), #2521, .F. ) ;
#4115 = ADVANCED_FACE ( 'NONE', ( #3905 ), #3043, .F. ) ;
#4116 = LINE ( 'NONE', #1446, #1834 ) ;
#4117 = DIRECTION ( 'NONE',  ( -0.000000000000000000, 1.000000000000000000, -0.000000000000000000 ) ) ;
#4118 = ORIENTED_EDGE ( 'NONE', *, *, #3245, .T. ) ;
#4119 = PLANE ( 'NONE',  #287 ) ;
#4120 = ADVANCED_FACE ( 'NONE', ( #773 ), #4864, .F. ) ;
#4121 = ORIENTED_EDGE ( 'NONE', *, *, #3058, .T. ) ;
#4122 = CARTESIAN_POINT ( 'NONE',  ( 4.811268465864674049, 6.860657145849644145, 0.1887315341352782117 ) ) ;
#4123 = AXIS2_PLACEMENT_3D ( 'NONE', #3235, #2625, #1898 ) ;
#4124 = CARTESIAN_POINT ( 'NONE',  ( 2.179999999999999272, -3.399999999999999911, 0.2108089297200920753 ) ) ;
#4125 = PLANE ( 'NONE',  #4796 ) ;
#4126 = ORIENTED_EDGE ( 'NONE', *, *, #5265, .F. ) ;
#4127 = CARTESIAN_POINT ( 'NONE',  ( 3.149999999999996358, 0.8000000000000000444, 3.399999999999993250 ) ) ;
#4128 = ADVANCED_FACE ( 'NONE', ( #861 ), #4578, .F. ) ;
#4129 = VERTEX_POINT ( 'NONE', #1287 ) ;
#4130 = ORIENTED_EDGE ( 'NONE', *, *, #3184, .F. ) ;
#4131 = PLANE ( 'NONE',  #5964 ) ;
#4132 = VECTOR ( 'NONE', #4068, 1000.000000000000000 ) ;
#4133 = PLANE ( 'NONE',  #3327 ) ;
#4134 = LINE ( 'NONE', #5141, #4521 ) ;
#4135 = ORIENTED_EDGE ( 'NONE', *, *, #1702, .T. ) ;
#4136 = CARTESIAN_POINT ( 'NONE',  ( 0.2108089297201383716, 6.800000000000000711, 0.3199999999999015299 ) ) ;
#4137 = VECTOR ( 'NONE', #985, 1000.000000000000000 ) ;
#4138 = LINE ( 'NONE', #3695, #4274 ) ;
#4139 = AXIS2_PLACEMENT_3D ( 'NONE', #2872, #32, #4253 ) ;
#4140 = CARTESIAN_POINT ( 'NONE',  ( 2.655218880774182999, -3.552732404225390273, 0.1552188807741368415 ) ) ;
#4141 = ORIENTED_EDGE ( 'NONE', *, *, #5815, .F. ) ;
#4142 = CARTESIAN_POINT ( 'NONE',  ( 2.289191070279859908, -3.399999999999999911, -0.3199999999999528222 ) ) ;
#4143 = VERTEX_POINT ( 'NONE', #5962 ) ;
#4144 = LINE ( 'NONE', #2788, #2289 ) ;
#4145 = EDGE_CURVE ( 'NONE', #502, #4680, #2631, .T. ) ;
#4146 = CARTESIAN_POINT ( 'NONE',  ( -1.749999999999999778, 0.5000000000000000000, 2.699999999999999734 ) ) ;
#4147 = CARTESIAN_POINT ( 'NONE',  ( 0.000000000000000000, 1.200000000000000622, -1.649999999999999911 ) ) ;
#4148 = EDGE_LOOP ( 'NONE', ( #2903, #1049, #5687, #5219 ) ) ;
#4149 = CARTESIAN_POINT ( 'NONE',  ( 9.539999999999997371, 7.000000000000000000, -1.124999999999999334 ) ) ;
#4150 = VERTEX_POINT ( 'NONE', #2271 ) ;
#4151 = LINE ( 'NONE', #5090, #1520 ) ;
#4152 = DIRECTION ( 'NONE',  ( 0.4472135954999583718, -0.7745966692414829602, 0.4472135954999582608 ) ) ;
#4153 = EDGE_CURVE ( 'NONE', #960, #2437, #4, .T. ) ;
#4154 = DIRECTION ( 'NONE',  ( -6.033820786006286703E-16, 0.000000000000000000, -1.000000000000000000 ) ) ;
#4155 =( NAMED_UNIT ( * ) PLANE_ANGLE_UNIT ( ) SI_UNIT ( $, .RADIAN. ) );
#4156 = ORIENTED_EDGE ( 'NONE', *, *, #978, .F. ) ;
#4157 = CARTESIAN_POINT ( 'NONE',  ( -1.750000000000000666, 1.200000000000000622, -1.649999999999999911 ) ) ;
#4158 = ORIENTED_EDGE ( 'NONE', *, *, #5797, .T. ) ;
#4159 = ORIENTED_EDGE ( 'NONE', *, *, #1103, .T. ) ;
#4160 = DIRECTION ( 'NONE',  ( 0.000000000000000000, -0.000000000000000000, 1.000000000000000000 ) ) ;
#4161 = CARTESIAN_POINT ( 'NONE',  ( 7.179999999999998828, -1.478786193736007393, 0.6061617746083811653 ) ) ;
#4162 = DIRECTION ( 'NONE',  ( 1.000000000000000000, 0.000000000000000000, 0.000000000000000000 ) ) ;
#4163 = ORIENTED_EDGE ( 'NONE', *, *, #390, .F. ) ;
#4164 = LINE ( 'NONE', #4136, #758 ) ;
#4165 = CARTESIAN_POINT ( 'NONE',  ( 0.3199999999999991185, -2.628786193736007082, -0.2861617746085790559 ) ) ;
#4166 = DIRECTION ( 'NONE',  ( 0.000000000000000000, 0.9542726683898372642, 0.2989375760324216036 ) ) ;
#4167 = ORIENTED_EDGE ( 'NONE', *, *, #4967, .T. ) ;
#4168 = CARTESIAN_POINT ( 'NONE',  ( -1.750000000000000000, 0.000000000000000000, 1.523030399291526615 ) ) ;
#4169 = EDGE_LOOP ( 'NONE', ( #1829, #1044, #3572, #4845, #606, #3301, #558, #5513, #235, #1000, #5645, #117, #1361, #2006, #4249, #483 ) ) ;
#4170 = FACE_OUTER_BOUND ( 'NONE', #787, .T. ) ;
#4171 = CARTESIAN_POINT ( 'NONE',  ( -0.3200000000000008393, 6.499999999999997335, 0.3199999999999011968 ) ) ;
#4172 = VECTOR ( 'NONE', #4436, 1000.000000000000000 ) ;
#4173 = DIRECTION ( 'NONE',  ( 0.000000000000000000, -1.000000000000000000, 2.478176394252583113E-16 ) ) ;
#4174 = EDGE_CURVE ( 'NONE', #2573, #4384, #1767, .T. ) ;
#4175 = ORIENTED_EDGE ( 'NONE', *, *, #2357, .F. ) ;
#4176 = CARTESIAN_POINT ( 'NONE',  ( -1.750000000000000444, 6.497705265805025832, -1.124999999999999334 ) ) ;
#4177 = ORIENTED_EDGE ( 'NONE', *, *, #1215, .F. ) ;
#4178 = CARTESIAN_POINT ( 'NONE',  ( 0.000000000000000000, 0.8000000000000000444, 0.000000000000000000 ) ) ;
#4179 = FACE_OUTER_BOUND ( 'NONE', #4763, .T. ) ;
#4180 = AXIS2_PLACEMENT_3D ( 'NONE', #4319, #2489, #192 ) ;
#4181 = FACE_OUTER_BOUND ( 'NONE', #80, .T. ) ;
#4182 = ADVANCED_FACE ( 'NONE', ( #1374 ), #801, .F. ) ;
#4183 = EDGE_CURVE ( 'NONE', #335, #4428, #1856, .T. ) ;
#4184 = LINE ( 'NONE', #5669, #5485 ) ;
#4185 = ORIENTED_EDGE ( 'NONE', *, *, #3792, .T. ) ;
#4186 = CARTESIAN_POINT ( 'NONE',  ( -0.3200000000000008393, -3.399999999999999911, 0.3199999999999011968 ) ) ;
#4187 = ORIENTED_EDGE ( 'NONE', *, *, #418, .F. ) ;
#4188 = ORIENTED_EDGE ( 'NONE', *, *, #1064, .F. ) ;
#4189 = PLANE ( 'NONE',  #3175 ) ;
#4190 = DIRECTION ( 'NONE',  ( 0.000000000000000000, 0.9542726683898371531, -0.2989375760324216036 ) ) ;
#4191 = CARTESIAN_POINT ( 'NONE',  ( 0.3199999999999991185, 6.499999999999997335, -0.3200000000000999822 ) ) ;
#4192 = EDGE_CURVE ( 'NONE', #3145, #4902, #2303, .T. ) ;
#4193 = UNCERTAINTY_MEASURE_WITH_UNIT (LENGTH_MEASURE( 1.000000000000000082E-05 ), #1306, 'distance_accuracy_value', 'NONE');
#4194 = ORIENTED_EDGE ( 'NONE', *, *, #1608, .T. ) ;
#4195 = EDGE_CURVE ( 'NONE', #114, #3523, #4138, .T. ) ;
#4196 = ADVANCED_FACE ( 'NONE', ( #333 ), #2186, .F. ) ;
#4197 = FACE_OUTER_BOUND ( 'NONE', #1490, .T. ) ;
#4198 = CARTESIAN_POINT ( 'NONE',  ( 8.149999999999998579, 0.8000000000000000444, -2.349999999999999645 ) ) ;
#4199 = ORIENTED_EDGE ( 'NONE', *, *, #504, .T. ) ;
#4200 = CARTESIAN_POINT ( 'NONE',  ( 1.821145910458139561, -2.114056492104781082, 0.6788540895418119225 ) ) ;
#4201 = ORIENTED_EDGE ( 'NONE', *, *, #5276, .F. ) ;
#4202 = LINE ( 'NONE', #1981, #160 ) ;
#4203 = VECTOR ( 'NONE', #5610, 1000.000000000000000 ) ;
#4204 = DIRECTION ( 'NONE',  ( -1.000000000000000000, 0.000000000000000000, -1.239088197126292444E-15 ) ) ;
#4205 = SURFACE_STYLE_FILL_AREA ( #1410 ) ;
#4206 = EDGE_LOOP ( 'NONE', ( #818, #2420, #1706, #4710 ) ) ;
#4207 = CARTESIAN_POINT ( 'NONE',  ( 9.949999999999999289, 5.250000000000000888, -1.124999999999999334 ) ) ;
#4208 = ORIENTED_EDGE ( 'NONE', *, *, #2369, .T. ) ;
#4209 = DIRECTION ( 'NONE',  ( 0.9396926207859096492, 0.3420201433256655488, 5.669936867754743462E-16 ) ) ;
#4210 = VECTOR ( 'NONE', #273, 1000.000000000000000 ) ;
#4211 = DIRECTION ( 'NONE',  ( 0.000000000000000000, -0.000000000000000000, -1.000000000000000000 ) ) ;
#4212 = EDGE_CURVE ( 'NONE', #4773, #1967, #3669, .T. ) ;
#4213 = DIRECTION ( 'NONE',  ( 1.000000000000000000, -0.000000000000000000, -6.033820786006286703E-16 ) ) ;
#4214 = CIRCLE ( 'NONE', #1046, 0.7400000000000015454 ) ;
#4215 = EDGE_LOOP ( 'NONE', ( #3404, #832, #3603, #532 ) ) ;
#4216 = DIRECTION ( 'NONE',  ( 5.860552283705417060E-16, 0.000000000000000000, -1.000000000000000000 ) ) ;
#4217 = ORIENTED_EDGE ( 'NONE', *, *, #5353, .F. ) ;
#4218 = VERTEX_POINT ( 'NONE', #1741 ) ;
#4219 = DIRECTION ( 'NONE',  ( -0.3236155771181817853, 0.8891264907159904807, 0.3236155771181817298 ) ) ;
#4220 = ADVANCED_FACE ( 'NONE', ( #3637 ), #2218, .F. ) ;
#4221 = EDGE_CURVE ( 'NONE', #2309, #107, #3524, .T. ) ;
#4222 = DIRECTION ( 'NONE',  ( 0.000000000000000000, 1.000000000000000000, -0.000000000000000000 ) ) ;
#4223 = EDGE_CURVE ( 'NONE', #2032, #4390, #365, .T. ) ;
#4224 = CARTESIAN_POINT ( 'NONE',  ( 9.949999999999999289, 0.000000000000000000, 3.001825841038126819E-15 ) ) ;
#4225 = ORIENTED_EDGE ( 'NONE', *, *, #3142, .T. ) ;
#4226 = CARTESIAN_POINT ( 'NONE',  ( -1.600000000000000089, -1.225252258054540855, 2.000000000000000000 ) ) ;
#4227 = LINE ( 'NONE', #152, #4753 ) ;
#4228 = AXIS2_PLACEMENT_3D ( 'NONE', #4092, #5546, #5091 ) ;
#4229 = EDGE_CURVE ( 'NONE', #4882, #8, #3160, .T. ) ;
#4230 = AXIS2_PLACEMENT_3D ( 'NONE', #3802, #3828, #5668 ) ;
#4231 = AXIS2_PLACEMENT_3D ( 'NONE', #2011, #3665, #4018 ) ;
#4232 = EDGE_LOOP ( 'NONE', ( #630, #3484, #3978, #2606 ) ) ;
#4233 = CARTESIAN_POINT ( 'NONE',  ( 4.349999999999997868, 0.000000000000000000, 2.699999999999999734 ) ) ;
#4234 = ORIENTED_EDGE ( 'NONE', *, *, #2428, .F. ) ;
#4235 = CARTESIAN_POINT ( 'NONE',  ( 5.210808929720138316, 6.800000000000000711, 0.000000000000000000 ) ) ;
#4236 = AXIS2_PLACEMENT_3D ( 'NONE', #296, #352, #5836 ) ;
#4237 = ADVANCED_FACE ( 'NONE', ( #396 ), #2243, .F. ) ;
#4238 = VECTOR ( 'NONE', #344, 1000.000000000000000 ) ;
#4239 = DIRECTION ( 'NONE',  ( 1.000000000000000000, 0.000000000000000000, -6.033820786006286703E-16 ) ) ;
#4240 = CARTESIAN_POINT ( 'NONE',  ( 2.179999999999998384, -3.099999999999996536, -0.3199999999999528222 ) ) ;
#4241 = EDGE_LOOP ( 'NONE', ( #5074, #5609, #517, #2454 ) ) ;
#4242 = DIRECTION ( 'NONE',  ( -0.000000000000000000, -0.000000000000000000, -1.000000000000000000 ) ) ;
#4243 = ORIENTED_EDGE ( 'NONE', *, *, #3792, .F. ) ;
#4244 = CARTESIAN_POINT ( 'NONE',  ( 0.000000000000000000, 0.8000000000000000444, 0.000000000000000000 ) ) ;
#4245 = SURFACE_STYLE_FILL_AREA ( #5763 ) ;
#4246 = CARTESIAN_POINT ( 'NONE',  ( 7.819999999999998508, 0.5000000000000000000, -0.3200000000000000622 ) ) ;
#4247 = ORIENTED_EDGE ( 'NONE', *, *, #2510, .T. ) ;
#4248 = DIRECTION ( 'NONE',  ( -0.000000000000000000, 1.000000000000000000, -0.000000000000000000 ) ) ;
#4249 = ORIENTED_EDGE ( 'NONE', *, *, #1479, .F. ) ;
#4250 = EDGE_LOOP ( 'NONE', ( #2276, #3269, #3540, #1308, #1350, #4644, #414, #2996, #1700, #2592, #2192, #5953, #3915, #5203, #1120, #2020 ) ) ;
#4251 = DIRECTION ( 'NONE',  ( -0.000000000000000000, -1.000000000000000000, -0.000000000000000000 ) ) ;
#4252 = PLANE ( 'NONE',  #3704 ) ;
#4253 = DIRECTION ( 'NONE',  ( 1.172110456741083018E-15, 0.000000000000000000, 1.000000000000000000 ) ) ;
#4254 = ORIENTED_EDGE ( 'NONE', *, *, #4546, .F. ) ;
#4255 = EDGE_CURVE ( 'NONE', #792, #2038, #5011, .T. ) ;
#4256 = CARTESIAN_POINT ( 'NONE',  ( 2.289191070279859908, -3.399999999999999911, 0.2108089297200920753 ) ) ;
#4257 = DIRECTION ( 'NONE',  ( -1.000000000000000000, 0.000000000000000000, 0.000000000000000000 ) ) ;
#4258 = PRODUCT_RELATED_PRODUCT_CATEGORY ( 'part', '', ( #3112 ) ) ;
#4259 = VERTEX_POINT ( 'NONE', #4703 ) ;
#4260 = DIRECTION ( 'NONE',  ( -1.000000000000000000, 0.000000000000000000, 1.474684361169737143E-13 ) ) ;
#4261 = ORIENTED_EDGE ( 'NONE', *, *, #3181, .T. ) ;
#4262 = DIRECTION ( 'NONE',  ( 6.033820786006285717E-16, 0.000000000000000000, -1.000000000000000000 ) ) ;
#4263 = VECTOR ( 'NONE', #5362, 1000.000000000000000 ) ;
#4264 = LINE ( 'NONE', #133, #966 ) ;
#4265 = EDGE_CURVE ( 'NONE', #3041, #543, #519, .T. ) ;
#4266 = ORIENTED_EDGE ( 'NONE', *, *, #3094, .F. ) ;
#4267 = DIRECTION ( 'NONE',  ( 6.033820786006285717E-16, 0.000000000000000000, 1.000000000000000000 ) ) ;
#4268 = EDGE_LOOP ( 'NONE', ( #1197, #5855, #203, #1366, #3419, #1114, #2753, #5549 ) ) ;
#4269 = PLANE ( 'NONE',  #2098 ) ;
#4270 = AXIS2_PLACEMENT_3D ( 'NONE', #4462, #1282, #3548 ) ;
#4271 = CARTESIAN_POINT ( 'NONE',  ( 0.3199999999999991185, -1.921213806263992296, 0.6061617746083811653 ) ) ;
#4272 = ORIENTED_EDGE ( 'NONE', *, *, #5417, .F. ) ;
#4273 = FACE_OUTER_BOUND ( 'NONE', #4268, .T. ) ;
#4274 = VECTOR ( 'NONE', #4468, 1000.000000000000000 ) ;
#4275 = ORIENTED_EDGE ( 'NONE', *, *, #4481, .F. ) ;
#4276 = ORIENTED_EDGE ( 'NONE', *, *, #4858, .T. ) ;
#4277 = FACE_OUTER_BOUND ( 'NONE', #3869, .T. ) ;
#4278 = LINE ( 'NONE', #1125, #5832 ) ;
#4279 = CARTESIAN_POINT ( 'NONE',  ( -0.6499999999999978018, 7.000000000000000000, -1.940000000000000391 ) ) ;
#4280 = VERTEX_POINT ( 'NONE', #1435 ) ;
#4281 = CARTESIAN_POINT ( 'NONE',  ( 9.250000000000000000, 4.750000000000000888, -0.6249999999999991118 ) ) ;
#4282 = LINE ( 'NONE', #1038, #3710 ) ;
#4283 = ORIENTED_EDGE ( 'NONE', *, *, #3799, .T. ) ;
#4284 = DIRECTION ( 'NONE',  ( 0.000000000000000000, 0.000000000000000000, -1.000000000000000000 ) ) ;
#4285 = ORIENTED_EDGE ( 'NONE', *, *, #360, .T. ) ;
#4286 = PLANE ( 'NONE',  #5072 ) ;
#4287 = EDGE_CURVE ( 'NONE', #196, #1617, #5071, .T. ) ;
#4288 = FACE_OUTER_BOUND ( 'NONE', #4206, .T. ) ;
#4289 = EDGE_CURVE ( 'NONE', #5617, #593, #5170, .T. ) ;
#4290 = LINE ( 'NONE', #2981, #3511 ) ;
#4291 = ORIENTED_EDGE ( 'NONE', *, *, #2531, .F. ) ;
#4292 = DIRECTION ( 'NONE',  ( 5.421010862427524142E-16, 0.000000000000000000, -1.000000000000000000 ) ) ;
#4293 = ORIENTED_EDGE ( 'NONE', *, *, #1424, .T. ) ;
#4294 = CARTESIAN_POINT ( 'NONE',  ( -0.3199999999999886824, 0.5000000000000000000, 0.000000000000000000 ) ) ;
#4295 = ADVANCED_FACE ( 'NONE', ( #4640 ), #613, .T. ) ;
#4296 = VECTOR ( 'NONE', #3971, 1000.000000000000000 ) ;
#4297 = EDGE_CURVE ( 'NONE', #5468, #3351, #2779, .T. ) ;
#4298 = CARTESIAN_POINT ( 'NONE',  ( 2.180000000000006377, 0.000000000000000000, 0.3200000000000349232 ) ) ;
#4299 = ORIENTED_EDGE ( 'NONE', *, *, #2528, .F. ) ;
#4300 = CARTESIAN_POINT ( 'NONE',  ( -1.750000000000000666, 0.5000000000000000000, -1.649999999999999911 ) ) ;
#4301 = AXIS2_PLACEMENT_3D ( 'NONE', #1135, #3071, #681 ) ;
#4302 = VERTEX_POINT ( 'NONE', #67 ) ;
#4303 = EDGE_LOOP ( 'NONE', ( #2882, #2839, #2925, #1845 ) ) ;
#4304 = DIRECTION ( 'NONE',  ( 0.000000000000000000, 1.000000000000000000, 0.000000000000000000 ) ) ;
#4305 = VECTOR ( 'NONE', #1095, 1000.000000000000000 ) ;
#4306 = LINE ( 'NONE', #3481, #621 ) ;
#4307 = VECTOR ( 'NONE', #3760, 1000.000000000000000 ) ;
#4308 = EDGE_CURVE ( 'NONE', #680, #1968, #624, .T. ) ;
#4309 = CARTESIAN_POINT ( 'NONE',  ( 7.819999999999998508, 6.499999999999997335, -0.3200000000001004263 ) ) ;
#4310 = ORIENTED_EDGE ( 'NONE', *, *, #4739, .F. ) ;
#4311 = CARTESIAN_POINT ( 'NONE',  ( -0.6499999999999978018, 6.350000000000000533, 5.969556544854365931 ) ) ;
#4312 = DIRECTION ( 'NONE',  ( -1.000000000000000000, 0.000000000000000000, 0.000000000000000000 ) ) ;
#4313 = PLANE ( 'NONE',  #1783 ) ;
#4314 = ORIENTED_EDGE ( 'NONE', *, *, #1432, .F. ) ;
#4315 = CARTESIAN_POINT ( 'NONE',  ( 6.849999999999999645, 0.000000000000000000, -2.349999999999999645 ) ) ;
#4316 = VECTOR ( 'NONE', #508, 1000.000000000000000 ) ;
#4317 = STYLED_ITEM ( 'NONE', ( #5949 ), #5057 ) ;
#4318 = EDGE_LOOP ( 'NONE', ( #5734, #5189, #3459, #3521, #1897, #1908, #5437, #1501, #3595, #671, #5558, #480, #1594, #1226, #1459, #3385, #2992, #5724, #1831, #5095, #183, #4890, #233, #1596 ) ) ;
#4319 = CARTESIAN_POINT ( 'NONE',  ( 7.179999999999998828, 6.800000000000000711, 0.2108089297200408940 ) ) ;
#4320 = MECHANICAL_DESIGN_GEOMETRIC_PRESENTATION_REPRESENTATION (  '', ( #4317 ), #368 ) ;
#4321 = DIRECTION ( 'NONE',  ( 0.000000000000000000, 0.000000000000000000, -1.000000000000000000 ) ) ;
#4322 = DIRECTION ( 'NONE',  ( -1.385750012179585182E-13, -0.3420201433256653822, -0.9396926207859096492 ) ) ;
#4323 = ORIENTED_EDGE ( 'NONE', *, *, #4448, .T. ) ;
#4324 = CARTESIAN_POINT ( 'NONE',  ( 6.850000000000003197, -1.674938450256674871, 3.068478049459121504 ) ) ;
#4325 = APPLICATION_CONTEXT ( 'automotive_design' ) ;
#4326 = ORIENTED_EDGE ( 'NONE', *, *, #5681, .F. ) ;
#4327 = CARTESIAN_POINT ( 'NONE',  ( 9.250000000000000000, 0.5000000000000000000, -1.649999999999999911 ) ) ;
#4328 = VECTOR ( 'NONE', #3634, 999.9999999999998863 ) ;
#4329 = PLANE ( 'NONE',  #2783 ) ;
#4330 = DIRECTION ( 'NONE',  ( 5.757910262048282931E-16, -0.2989375760324216591, -0.9542726683898372642 ) ) ;
#4331 = AXIS2_PLACEMENT_3D ( 'NONE', #1068, #149, #5706 ) ;
#4332 = ORIENTED_EDGE ( 'NONE', *, *, #5387, .T. ) ;
#4333 = CARTESIAN_POINT ( 'NONE',  ( 0.3199999999999991185, -0.5798937576032422436, 0.3245727331609178368 ) ) ;
#4334 = EDGE_CURVE ( 'NONE', #5575, #1056, #4282, .T. ) ;
#4335 = ORIENTED_EDGE ( 'NONE', *, *, #3169, .F. ) ;
#4336 = ORIENTED_EDGE ( 'NONE', *, *, #5268, .F. ) ;
#4337 = DIRECTION ( 'NONE',  ( -1.000000000000000000, 0.000000000000000000, 6.033820786006285717E-16 ) ) ;
#4338 = EDGE_CURVE ( 'NONE', #1394, #1348, #4227, .T. ) ;
#4339 = DIRECTION ( 'NONE',  ( 0.000000000000000000, -0.9542726683898373752, -0.2989375760324211595 ) ) ;
#4340 = CARTESIAN_POINT ( 'NONE',  ( 0.3199999999999991185, -2.849999999999999645, 0.3199999999999015854 ) ) ;
#4341 = ORIENTED_EDGE ( 'NONE', *, *, #1465, .T. ) ;
#4342 = FACE_OUTER_BOUND ( 'NONE', #2417, .T. ) ;
#4343 = CARTESIAN_POINT ( 'NONE',  ( 0.3199999999999991185, 6.499999999999997335, 0.3199999999999015854 ) ) ;
#4344 = CARTESIAN_POINT ( 'NONE',  ( 5.649999999999997691, 0.000000000000000000, -2.350000000000000089 ) ) ;
#4345 = EDGE_CURVE ( 'NONE', #1968, #4352, #3725, .T. ) ;
#4346 = ORIENTED_EDGE ( 'NONE', *, *, #912, .T. ) ;
#4347 = CARTESIAN_POINT ( 'NONE',  ( 0.6499999999999978018, 7.000000000000000000, -1.939999999999999059 ) ) ;
#4348 = ORIENTED_EDGE ( 'NONE', *, *, #5712, .F. ) ;
#4349 = DIRECTION ( 'NONE',  ( 0.000000000000000000, 0.000000000000000000, -1.000000000000000000 ) ) ;
#4350 = LINE ( 'NONE', #3125, #4997 ) ;
#4351 = FACE_OUTER_BOUND ( 'NONE', #3643, .T. ) ;
#4352 = VERTEX_POINT ( 'NONE', #5652 ) ;
#4353 = CARTESIAN_POINT ( 'NONE',  ( 4.349999999999996980, 0.8000000000000000444, -1.650000000000000355 ) ) ;
#4354 = ORIENTED_EDGE ( 'NONE', *, *, #1922, .F. ) ;
#4355 = CARTESIAN_POINT ( 'NONE',  ( 7.819999999999998508, 6.499999999999997335, 0.4199999999999011746 ) ) ;
#4356 = AXIS2_PLACEMENT_3D ( 'NONE', #5480, #2731, #4562 ) ;
#4357 = PLANE ( 'NONE',  #2596 ) ;
#4358 = LINE ( 'NONE', #1692, #3569 ) ;
#4359 = VECTOR ( 'NONE', #5333, 999.9999999999998863 ) ;
#4360 = ORIENTED_EDGE ( 'NONE', *, *, #3626, .F. ) ;
#4361 = CARTESIAN_POINT ( 'NONE',  ( 1.849999999999996536, 0.000000000000000000, -2.350000000000000089 ) ) ;
#4362 = EDGE_LOOP ( 'NONE', ( #4536, #2576, #2317, #5068 ) ) ;
#4363 = VERTEX_POINT ( 'NONE', #5111 ) ;
#4364 = PLANE ( 'NONE',  #1709 ) ;
#4365 = ADVANCED_FACE ( 'NONE', ( #4197 ), #1976, .T. ) ;
#4366 = ADVANCED_FACE ( 'NONE', ( #491 ), #5596, .F. ) ;
#4367 = DIRECTION ( 'NONE',  ( -0.000000000000000000, -1.000000000000000000, -0.000000000000000000 ) ) ;
#4368 = LINE ( 'NONE', #5805, #4712 ) ;
#4369 = VECTOR ( 'NONE', #2517, 1000.000000000000000 ) ;
#4370 = EDGE_LOOP ( 'NONE', ( #1247, #2114, #5819, #4096 ) ) ;
#4371 = CARTESIAN_POINT ( 'NONE',  ( 5.319999999999999396, -3.099999999999996536, -0.3200000000000471911 ) ) ;
#4372 = EDGE_CURVE ( 'NONE', #5361, #2756, #977, .T. ) ;
#4373 = CARTESIAN_POINT ( 'NONE',  ( 7.179999999999998828, 6.499999999999997335, 0.3199999999999015854 ) ) ;
#4374 = DIRECTION ( 'NONE',  ( -0.000000000000000000, -0.000000000000000000, -1.000000000000000000 ) ) ;
#4375 = CARTESIAN_POINT ( 'NONE',  ( 0.3199999999999991185, -3.099999999999996536, 0.3199999999999015854 ) ) ;
#4376 = EDGE_CURVE ( 'NONE', #593, #3782, #3308, .T. ) ;
#4377 = EDGE_CURVE ( 'NONE', #4688, #5531, #2368, .T. ) ;
#4378 = EDGE_CURVE ( 'NONE', #468, #1617, #1523, .T. ) ;
#4379 = ORIENTED_EDGE ( 'NONE', *, *, #817, .F. ) ;
#4380 = CARTESIAN_POINT ( 'NONE',  ( 0.6499999999999978018, 3.999999999999999112, 5.969556544854365931 ) ) ;
#4381 = ORIENTED_EDGE ( 'NONE', *, *, #5303, .F. ) ;
#4382 = DIRECTION ( 'NONE',  ( -1.000000000000000000, 0.000000000000000000, -0.000000000000000000 ) ) ;
#4383 = PLANE ( 'NONE',  #1387 ) ;
#4384 = VERTEX_POINT ( 'NONE', #4165 ) ;
#4385 = FACE_OUTER_BOUND ( 'NONE', #661, .T. ) ;
#4386 = ORIENTED_EDGE ( 'NONE', *, *, #3026, .F. ) ;
#4387 = CARTESIAN_POINT ( 'NONE',  ( -0.3199999999999991185, -2.849999999999999201, -0.3200000000001002043 ) ) ;
#4388 = CARTESIAN_POINT ( 'NONE',  ( 8.149999999999998579, 0.8000000000000000444, 3.400000000000000799 ) ) ;
#4389 = DIRECTION ( 'NONE',  ( -1.000000000000000000, 0.000000000000000000, 6.033820786006286703E-16 ) ) ;
#4390 = VERTEX_POINT ( 'NONE', #1887 ) ;
#4391 = CARTESIAN_POINT ( 'NONE',  ( 5.320000000000003837, 0.000000000000000000, -0.3200000000000000622 ) ) ;
#4392 = EDGE_LOOP ( 'NONE', ( #5672, #5636, #2762, #5813, #1514 ) ) ;
#4393 = CARTESIAN_POINT ( 'NONE',  ( -1.750000000000000666, 0.000000000000000000, -1.649999999999999911 ) ) ;
#4394 = VECTOR ( 'NONE', #395, 1000.000000000000000 ) ;
#4395 = VECTOR ( 'NONE', #5320, 1000.000000000000000 ) ;
#4396 = ADVANCED_FACE ( 'NONE', ( #4675 ), #2398, .F. ) ;
#4397 = DIRECTION ( 'NONE',  ( 0.000000000000000000, -1.000000000000000000, 0.000000000000000000 ) ) ;
#4398 = FACE_OUTER_BOUND ( 'NONE', #1413, .T. ) ;
#4399 = AXIS2_PLACEMENT_3D ( 'NONE', #1481, #3321, #5159 ) ;
#4400 = ORIENTED_EDGE ( 'NONE', *, *, #96, .T. ) ;
#4401 = DIRECTION ( 'NONE',  ( 5.669936867754744448E-16, 0.3420201433256656598, -0.9396926207859095381 ) ) ;
#4402 = FACE_OUTER_BOUND ( 'NONE', #4318, .T. ) ;
#4403 = CARTESIAN_POINT ( 'NONE',  ( 7.819999999999998508, 1.200000000000000622, 0.000000000000000000 ) ) ;
#4404 = EDGE_CURVE ( 'NONE', #5405, #3090, #5199, .T. ) ;
#4405 = AXIS2_PLACEMENT_3D ( 'NONE', #2185, #4077, #364 ) ;
#4406 = EDGE_CURVE ( 'NONE', #2257, #3618, #706, .T. ) ;
#4407 = VECTOR ( 'NONE', #3632, 1000.000000000000000 ) ;
#4408 = AXIS2_PLACEMENT_3D ( 'NONE', #795, #763, #1386 ) ;
#4409 = ORIENTED_EDGE ( 'NONE', *, *, #2719, .F. ) ;
#4410 = DIRECTION ( 'NONE',  ( -0.000000000000000000, -0.000000000000000000, -1.000000000000000000 ) ) ;
#4411 = ADVANCED_FACE ( 'NONE', ( #4762 ), #4313, .F. ) ;
#4412 = ORIENTED_EDGE ( 'NONE', *, *, #4221, .F. ) ;
#4413 = FACE_OUTER_BOUND ( 'NONE', #645, .T. ) ;
#4414 = ORIENTED_EDGE ( 'NONE', *, *, #538, .T. ) ;
#4415 = ADVANCED_FACE ( 'NONE', ( #1161 ), #3008, .F. ) ;
#4416 = CARTESIAN_POINT ( 'NONE',  ( 9.539999999999997371, 7.000000000000000000, -1.939999999999998614 ) ) ;
#4417 = VERTEX_POINT ( 'NONE', #1557 ) ;
#4418 = PLANE ( 'NONE',  #5106 ) ;
#4419 = ORIENTED_EDGE ( 'NONE', *, *, #4469, .T. ) ;
#4420 = DIRECTION ( 'NONE',  ( 1.000000000000000000, -0.000000000000000000, 0.000000000000000000 ) ) ;
#4421 = CIRCLE ( 'NONE', #5296, 0.09999999999999996392 ) ;
#4422 = VECTOR ( 'NONE', #2594, 1000.000000000000000 ) ;
#4423 = DIRECTION ( 'NONE',  ( -0.000000000000000000, -0.000000000000000000, -1.000000000000000000 ) ) ;
#4424 = CARTESIAN_POINT ( 'NONE',  ( 7.179999999999998828, -1.921213806263992296, 0.6061617746083811653 ) ) ;
#4425 = VERTEX_POINT ( 'NONE', #2968 ) ;
#4426 = DIRECTION ( 'NONE',  ( -0.000000000000000000, -1.000000000000000000, -0.000000000000000000 ) ) ;
#4427 = VECTOR ( 'NONE', #3945, 1000.000000000000000 ) ;
#4428 = VERTEX_POINT ( 'NONE', #1611 ) ;
#4429 = CARTESIAN_POINT ( 'NONE',  ( -2.039999999999998703, 7.000000000000000000, -0.1249999999999992228 ) ) ;
#4430 = CIRCLE ( 'NONE', #1455, 0.1500000000000008271 ) ;
#4431 = DIRECTION ( 'NONE',  ( -1.000000000000000000, 0.000000000000000000, 0.000000000000000000 ) ) ;
#4432 = VERTEX_POINT ( 'NONE', #1130 ) ;
#4433 = DIRECTION ( 'NONE',  ( -1.239088197126291458E-15, 0.000000000000000000, 1.000000000000000000 ) ) ;
#4434 = DIRECTION ( 'NONE',  ( -0.000000000000000000, -0.000000000000000000, -1.000000000000000000 ) ) ;
#4435 = FACE_OUTER_BOUND ( 'NONE', #3564, .T. ) ;
#4436 = DIRECTION ( 'NONE',  ( 0.000000000000000000, 0.000000000000000000, 1.000000000000000000 ) ) ;
#4437 = EDGE_CURVE ( 'NONE', #2817, #3782, #4826, .T. ) ;
#4438 = ORIENTED_EDGE ( 'NONE', *, *, #387, .T. ) ;
#4439 = CARTESIAN_POINT ( 'NONE',  ( 9.250000000000000000, 0.5000000000000000000, -1.649999999999999911 ) ) ;
#4440 = PLANE ( 'NONE',  #4301 ) ;
#4441 = EDGE_CURVE ( 'NONE', #5531, #2401, #3422, .T. ) ;
#4442 = LINE ( 'NONE', #307, #1775 ) ;
#4443 = ORIENTED_EDGE ( 'NONE', *, *, #5629, .T. ) ;
#4444 = PLANE ( 'NONE',  #776 ) ;
#4445 = EDGE_CURVE ( 'NONE', #3528, #5600, #4792, .T. ) ;
#4446 = VERTEX_POINT ( 'NONE', #4375 ) ;
#4447 = LINE ( 'NONE', #4806, #5762 ) ;
#4448 = EDGE_CURVE ( 'NONE', #3108, #970, #2936, .T. ) ;
#4449 = EDGE_CURVE ( 'NONE', #1317, #2705, #5258, .T. ) ;
#4450 = LINE ( 'NONE', #5882, #1646 ) ;
#4451 = CARTESIAN_POINT ( 'NONE',  ( -2.449999999999998401, 5.250000000000000888, -1.124999999999998890 ) ) ;
#4452 = ORIENTED_EDGE ( 'NONE', *, *, #4223, .F. ) ;
#4453 = LINE ( 'NONE', #5801, #5434 ) ;
#4454 = ORIENTED_EDGE ( 'NONE', *, *, #5824, .T. ) ;
#4455 = FACE_OUTER_BOUND ( 'NONE', #4508, .T. ) ;
#4456 = LINE ( 'NONE', #322, #2885 ) ;
#4457 = VECTOR ( 'NONE', #234, 1000.000000000000000 ) ;
#4458 = EDGE_LOOP ( 'NONE', ( #5739, #1895, #4346, #1377 ) ) ;
#4459 = DIRECTION ( 'NONE',  ( 1.000000000000000000, 0.000000000000000000, -8.470329472543004623E-17 ) ) ;
#4460 = CARTESIAN_POINT ( 'NONE',  ( 2.710808929720138316, -3.399999999999999911, 0.2108089297200920198 ) ) ;
#4461 = CARTESIAN_POINT ( 'NONE',  ( -1.750000000000000666, 6.497705265805025832, -1.649999999999999911 ) ) ;
#4462 = CARTESIAN_POINT ( 'NONE',  ( 0.000000000000000000, 0.8000000000000000444, 0.000000000000000000 ) ) ;
#4463 = VECTOR ( 'NONE', #5745, 1000.000000000000000 ) ;
#4464 = LINE ( 'NONE', #2071, #3096 ) ;
#4465 = EDGE_LOOP ( 'NONE', ( #4541, #4076, #88, #3890, #2445 ) ) ;
#4466 = DIRECTION ( 'NONE',  ( 0.000000000000000000, 0.000000000000000000, -1.000000000000000000 ) ) ;
#4467 = VECTOR ( 'NONE', #2577, 1000.000000000000000 ) ;
#4468 = DIRECTION ( 'NONE',  ( -1.000000000000000000, 0.000000000000000000, 8.470329472543004623E-17 ) ) ;
#4469 = EDGE_CURVE ( 'NONE', #5634, #605, #643, .T. ) ;
#4470 = LINE ( 'NONE', #334, #3037 ) ;
#4471 = ORIENTED_EDGE ( 'NONE', *, *, #5122, .F. ) ;
#4472 = CARTESIAN_POINT ( 'NONE',  ( 0.3199999999999991185, -1.478786193736007393, 0.6061617746083811653 ) ) ;
#4473 = ORIENTED_EDGE ( 'NONE', *, *, #3251, .F. ) ;
#4474 = DIRECTION ( 'NONE',  ( 0.000000000000000000, 0.000000000000000000, -1.000000000000000000 ) ) ;
#4475 = EDGE_CURVE ( 'NONE', #5768, #4980, #3394, .T. ) ;
#4476 = CARTESIAN_POINT ( 'NONE',  ( 2.820000000000008278, 0.000000000000000000, -0.3199999999999651457 ) ) ;
#4477 = PLANE ( 'NONE',  #1675 ) ;
#4478 = EDGE_LOOP ( 'NONE', ( #406, #4332, #4565, #2424 ) ) ;
#4479 = CARTESIAN_POINT ( 'NONE',  ( 0.000000000000000000, 0.5000000000000000000, 0.3200000000000000067 ) ) ;
#4480 = ORIENTED_EDGE ( 'NONE', *, *, #2164, .F. ) ;
#4481 = EDGE_CURVE ( 'NONE', #5158, #745, #186, .T. ) ;
#4482 = PLANE ( 'NONE',  #934 ) ;
#4483 = EDGE_CURVE ( 'NONE', #5009, #571, #2061, .T. ) ;
#4484 = LINE ( 'NONE', #3568, #1255 ) ;
#4485 = VECTOR ( 'NONE', #3091, 1000.000000000000000 ) ;
#4486 = EDGE_CURVE ( 'NONE', #3355, #3396, #3155, .T. ) ;
#4487 = ORIENTED_EDGE ( 'NONE', *, *, #5256, .F. ) ;
#4488 = DIRECTION ( 'NONE',  ( 1.000000000000000000, 0.000000000000000000, 3.987870059716798780E-16 ) ) ;
#4489 = LINE ( 'NONE', #358, #2780 ) ;
#4490 = PRODUCT ( 'BxB-XH-AM_4', 'BxB-XH-AM_4', '', ( #2803 ) ) ;
#4491 = AXIS2_PLACEMENT_3D ( 'NONE', #3186, #22, #1786 ) ;
#4492 = ORIENTED_EDGE ( 'NONE', *, *, #5322, .T. ) ;
#4493 = EDGE_CURVE ( 'NONE', #3998, #900, #857, .T. ) ;
#4494 = AXIS2_PLACEMENT_3D ( 'NONE', #1408, #867, #3257 ) ;
#4495 = DIRECTION ( 'NONE',  ( 0.000000000000000000, -1.000000000000000000, -0.000000000000000000 ) ) ;
#4496 = CARTESIAN_POINT ( 'NONE',  ( 0.3199999999999991185, -0.7712138062639923852, -0.2861617746085795000 ) ) ;
#4497 = VECTOR ( 'NONE', #326, 1000.000000000000000 ) ;
#4498 = CARTESIAN_POINT ( 'NONE',  ( 0.3199999999999991185, 6.499999999999997335, -0.3200000000001000378 ) ) ;
#4499 = DIRECTION ( 'NONE',  ( -5.860552283705415088E-16, 0.000000000000000000, 1.000000000000000000 ) ) ;
#4500 = AXIS2_PLACEMENT_3D ( 'NONE', #3673, #806, #4981 ) ;
#4501 = CARTESIAN_POINT ( 'NONE',  ( 7.179999999999998828, -2.820106242396757779, 0.3245727331609178368 ) ) ;
#4502 = ORIENTED_EDGE ( 'NONE', *, *, #1368, .F. ) ;
#4503 = DIRECTION ( 'NONE',  ( 0.3236155771181803975, 0.8891264907159907027, 0.3236155771181823959 ) ) ;
#4504 = ORIENTED_EDGE ( 'NONE', *, *, #1251, .T. ) ;
#4505 = DIRECTION ( 'NONE',  ( 0.000000000000000000, 0.000000000000000000, -1.000000000000000000 ) ) ;
#4506 = LINE ( 'NONE', #2225, #4042 ) ;
#4507 = LINE ( 'NONE', #2702, #1862 ) ;
#4508 = EDGE_LOOP ( 'NONE', ( #3775, #6, #27, #4293, #3120 ) ) ;
#4509 = CARTESIAN_POINT ( 'NONE',  ( 8.150000000000002132, 6.649999999999999467, 5.969556544854365931 ) ) ;
#4510 = ORIENTED_EDGE ( 'NONE', *, *, #2829, .T. ) ;
#4511 = CARTESIAN_POINT ( 'NONE',  ( 7.819999999999998508, -2.849999999999999201, -0.3200000000001004263 ) ) ;
#4512 = CARTESIAN_POINT ( 'NONE',  ( 5.188731534135325063, 6.860657145849644145, 0.1887315341352781839 ) ) ;
#4513 = VECTOR ( 'NONE', #3081, 1000.000000000000000 ) ;
#4514 = ADVANCED_FACE ( 'NONE', ( #5844 ), #3580, .T. ) ;
#4515 = CARTESIAN_POINT ( 'NONE',  ( -0.3200000000000008393, -1.478786193736007393, 0.6061617746083807212 ) ) ;
#4516 = AXIS2_PLACEMENT_3D ( 'NONE', #1822, #330, #5036 ) ;
#4517 = ORIENTED_EDGE ( 'NONE', *, *, #4334, .F. ) ;
#4518 = LINE ( 'NONE', #5096, #3447 ) ;
#4519 = EDGE_LOOP ( 'NONE', ( #3800, #2207, #5877, #3318, #3853, #150, #1526, #2703, #5717, #2450, #5213, #1355, #5702, #5586, #908, #2074 ) ) ;
#4520 = VERTEX_POINT ( 'NONE', #5414 ) ;
#4521 = VECTOR ( 'NONE', #944, 1000.000000000000000 ) ;
#4522 = PLANE ( 'NONE',  #3520 ) ;
#4523 = LINE ( 'NONE', #3247, #3855 ) ;
#4524 = ORIENTED_EDGE ( 'NONE', *, *, #812, .F. ) ;
#4525 = CARTESIAN_POINT ( 'NONE',  ( -0.6500000000000047962, 0.8000000000000000444, -2.350000000000000533 ) ) ;
#4526 = CARTESIAN_POINT ( 'NONE',  ( 0.000000000000000000, 1.200000000000000622, 0.3200000000000349232 ) ) ;
#4527 = DIRECTION ( 'NONE',  ( 0.000000000000000000, 0.000000000000000000, -1.000000000000000000 ) ) ;
#4528 = ORIENTED_EDGE ( 'NONE', *, *, #4192, .T. ) ;
#4529 = LINE ( 'NONE', #4472, #2394 ) ;
#4530 = ORIENTED_EDGE ( 'NONE', *, *, #4493, .F. ) ;
#4531 = DIRECTION ( 'NONE',  ( 1.000000000000000000, 0.000000000000000000, -0.000000000000000000 ) ) ;
#4532 = DIRECTION ( 'NONE',  ( -1.000000000000000000, 0.000000000000000000, -0.000000000000000000 ) ) ;
#4533 = DIRECTION ( 'NONE',  ( 1.000000000000000000, 0.000000000000000000, -0.000000000000000000 ) ) ;
#4534 = ORIENTED_EDGE ( 'NONE', *, *, #1482, .F. ) ;
#4535 = CARTESIAN_POINT ( 'NONE',  ( 4.349999999999997868, 0.8000000000000000444, 2.699999999999994849 ) ) ;
#4536 = ORIENTED_EDGE ( 'NONE', *, *, #4552, .F. ) ;
#4537 = DIRECTION ( 'NONE',  ( -1.172110456741083412E-15, 0.000000000000000000, -1.000000000000000000 ) ) ;
#4538 = LINE ( 'NONE', #5026, #3279 ) ;
#4539 = ORIENTED_EDGE ( 'NONE', *, *, #5265, .T. ) ;
#4540 = DIRECTION ( 'NONE',  ( -0.3236155771181867813, 0.8891264907160041364, -0.3236155771181390417 ) ) ;
#4541 = ORIENTED_EDGE ( 'NONE', *, *, #1653, .T. ) ;
#4542 = PLANE ( 'NONE',  #5186 ) ;
#4543 = EDGE_CURVE ( 'NONE', #5914, #1089, #5356, .T. ) ;
#4544 = FACE_OUTER_BOUND ( 'NONE', #551, .T. ) ;
#4545 = AXIS2_PLACEMENT_3D ( 'NONE', #2504, #5583, #5163 ) ;
#4546 = EDGE_CURVE ( 'NONE', #1081, #1123, #2214, .T. ) ;
#4547 = CARTESIAN_POINT ( 'NONE',  ( 0.6499999999999952482, 0.000000000000000000, -1.649999999999999911 ) ) ;
#4548 = ORIENTED_EDGE ( 'NONE', *, *, #2603, .T. ) ;
#4549 = LINE ( 'NONE', #3550, #5185 ) ;
#4550 = DIRECTION ( 'NONE',  ( 1.000000000000000000, 0.000000000000000000, 0.000000000000000000 ) ) ;
#4551 = ADVANCED_FACE ( 'NONE', ( #2153 ), #4522, .F. ) ;
#4552 = EDGE_CURVE ( 'NONE', #4129, #1891, #4887, .T. ) ;
#4553 = EDGE_CURVE ( 'NONE', #3240, #5707, #5926, .T. ) ;
#4554 = DIRECTION ( 'NONE',  ( -1.000000000000000000, 0.000000000000000000, 0.000000000000000000 ) ) ;
#4555 = VECTOR ( 'NONE', #4574, 1000.000000000000000 ) ;
#4556 = ORIENTED_EDGE ( 'NONE', *, *, #1702, .F. ) ;
#4557 = CARTESIAN_POINT ( 'NONE',  ( 0.3199999999999991185, -3.399999999999999911, 0.2108089297200407553 ) ) ;
#4558 = VERTEX_POINT ( 'NONE', #766 ) ;
#4559 = DIRECTION ( 'NONE',  ( 0.000000000000000000, 0.000000000000000000, 1.000000000000000000 ) ) ;
#4560 = EDGE_CURVE ( 'NONE', #5343, #4815, #4915, .T. ) ;
#4561 = DIRECTION ( 'NONE',  ( 0.000000000000000000, -0.000000000000000000, -1.000000000000000000 ) ) ;
#4562 = DIRECTION ( 'NONE',  ( 0.000000000000000000, -0.000000000000000000, 1.000000000000000000 ) ) ;
#4563 = VERTEX_POINT ( 'NONE', #4074 ) ;
#4564 = DIRECTION ( 'NONE',  ( 0.000000000000000000, 1.000000000000000000, 0.000000000000000000 ) ) ;
#4565 = ORIENTED_EDGE ( 'NONE', *, *, #5256, .T. ) ;
#4566 = CARTESIAN_POINT ( 'NONE',  ( 5.649999999999997691, 0.8000000000000000444, -2.350000000000000089 ) ) ;
#4567 = CYLINDRICAL_SURFACE ( 'NONE', #2285, 0.7400000000000014344 ) ;
#4568 = CARTESIAN_POINT ( 'NONE',  ( 8.150000000000002132, 6.649999999999999467, -2.350000000000000089 ) ) ;
#4569 = ORIENTED_EDGE ( 'NONE', *, *, #3570, .T. ) ;
#4570 = CARTESIAN_POINT ( 'NONE',  ( -2.450000000000000178, 0.000000000000000000, 3.695715231428850840E-16 ) ) ;
#4571 = EDGE_LOOP ( 'NONE', ( #4701, #1105, #524, #2464 ) ) ;
#4572 = ORIENTED_EDGE ( 'NONE', *, *, #3972, .F. ) ;
#4573 = DIRECTION ( 'NONE',  ( 0.000000000000000000, 0.000000000000000000, 1.000000000000000000 ) ) ;
#4574 = DIRECTION ( 'NONE',  ( 2.891205793294677833E-16, -1.000000000000000000, 0.000000000000000000 ) ) ;
#4575 = CARTESIAN_POINT ( 'NONE',  ( -0.6500000000000047962, 0.8000000000000000444, -2.350000000000000533 ) ) ;
#4576 = VERTEX_POINT ( 'NONE', #1252 ) ;
#4577 = DIRECTION ( 'NONE',  ( 1.000000000000000000, -0.000000000000000000, -6.033820786006286703E-16 ) ) ;
#4578 = PLANE ( 'NONE',  #4947 ) ;
#4579 = AXIS2_PLACEMENT_3D ( 'NONE', #167, #5242, #3801 ) ;
#4580 = VECTOR ( 'NONE', #17, 1000.000000000000000 ) ;
#4581 = LINE ( 'NONE', #2059, #945 ) ;
#4582 = AXIS2_PLACEMENT_3D ( 'NONE', #2100, #5299, #5751 ) ;
#4583 = ORIENTED_EDGE ( 'NONE', *, *, #4670, .T. ) ;
#4584 = PLANE ( 'NONE',  #1241 ) ;
#4585 = EDGE_LOOP ( 'NONE', ( #3165, #2066, #1762, #5046, #4771 ) ) ;
#4586 = FACE_OUTER_BOUND ( 'NONE', #5896, .T. ) ;
#4587 = ADVANCED_FACE ( 'NONE', ( #4544 ), #3988, .F. ) ;
#4588 = AXIS2_PLACEMENT_3D ( 'NONE', #4059, #336, #5968 ) ;
#4589 = DIRECTION ( 'NONE',  ( -1.000000000000000000, 0.000000000000000000, -1.239088197126292444E-15 ) ) ;
#4590 = CARTESIAN_POINT ( 'NONE',  ( 5.649999999999997691, 0.8000000000000000444, -1.649999999999999911 ) ) ;
#4591 = ORIENTED_EDGE ( 'NONE', *, *, #4039, .T. ) ;
#4592 = CARTESIAN_POINT ( 'NONE',  ( 7.710808929720137428, -3.399999999999999911, -0.3200000000001003153 ) ) ;
#4593 = ORIENTED_EDGE ( 'NONE', *, *, #4015, .T. ) ;
#4594 = DIRECTION ( 'NONE',  ( 0.000000000000000000, -0.9542726683898373752, -0.2989375760324211595 ) ) ;
#4595 = DIRECTION ( 'NONE',  ( 0.000000000000000000, -1.000000000000000000, 0.000000000000000000 ) ) ;
#4596 = DIRECTION ( 'NONE',  ( 0.000000000000000000, 1.000000000000000000, 0.000000000000000000 ) ) ;
#4597 = ORIENTED_EDGE ( 'NONE', *, *, #802, .T. ) ;
#4598 = DIRECTION ( 'NONE',  ( 0.000000000000000000, 1.000000000000000000, 0.000000000000000000 ) ) ;
#4599 = EDGE_LOOP ( 'NONE', ( #2178, #5261, #3874, #4409 ) ) ;
#4600 = ORIENTED_EDGE ( 'NONE', *, *, #1465, .F. ) ;
#4601 = DIRECTION ( 'NONE',  ( 1.000000000000000000, 0.000000000000000000, -0.000000000000000000 ) ) ;
#4602 = CARTESIAN_POINT ( 'NONE',  ( 9.949999999999999289, 4.750000000000000888, -0.6249999999999991118 ) ) ;
#4603 = CARTESIAN_POINT ( 'NONE',  ( 0.2425019891023841856, -3.312924034993845357, -0.2425019891024848273 ) ) ;
#4604 = UNCERTAINTY_MEASURE_WITH_UNIT (LENGTH_MEASURE( 1.000000000000000082E-05 ), #2709, 'distance_accuracy_value', 'NONE');
#4605 = ORIENTED_EDGE ( 'NONE', *, *, #1555, .F. ) ;
#4606 = CARTESIAN_POINT ( 'NONE',  ( -2.450000000000000178, 7.000000000000000000, -1.124999999999999334 ) ) ;
#4607 = AXIS2_PLACEMENT_3D ( 'NONE', #660, #4330, #3886 ) ;
#4608 = VECTOR ( 'NONE', #2627, 1000.000000000000114 ) ;
#4609 = CARTESIAN_POINT ( 'NONE',  ( -1.750000000000000444, 1.200000000000000400, -1.124999999999997780 ) ) ;
#4610 = VECTOR ( 'NONE', #3706, 1000.000000000000000 ) ;
#4611 = ADVANCED_FACE ( 'NONE', ( #3633 ), #3519, .T. ) ;
#4612 = VECTOR ( 'NONE', #5168, 1000.000000000000000 ) ;
#4613 = VECTOR ( 'NONE', #3344, 1000.000000000000000 ) ;
#4614 = FACE_OUTER_BOUND ( 'NONE', #997, .T. ) ;
#4615 = ORIENTED_EDGE ( 'NONE', *, *, #1013, .F. ) ;
#4616 = CARTESIAN_POINT ( 'NONE',  ( 2.722244187496459134, -3.368581887473915959, -0.2222441874964926345 ) ) ;
#4617 = EDGE_LOOP ( 'NONE', ( #618, #1086, #2604, #5334, #530 ) ) ;
#4618 = CARTESIAN_POINT ( 'NONE',  ( 7.179999999999998828, -2.820106242396757779, 0.3245727331609177813 ) ) ;
#4619 = EDGE_CURVE ( 'NONE', #5592, #1173, #5385, .T. ) ;
#4620 = CARTESIAN_POINT ( 'NONE',  ( 2.289191070279859908, 6.800000000000000711, 0.000000000000000000 ) ) ;
#4621 = LINE ( 'NONE', #2823, #5433 ) ;
#4622 = VERTEX_POINT ( 'NONE', #329 ) ;
#4623 = DIRECTION ( 'NONE',  ( -1.000000000000000000, 0.000000000000000000, -6.033820786006286703E-16 ) ) ;
#4624 = ORIENTED_EDGE ( 'NONE', *, *, #2831, .F. ) ;
#4625 = CARTESIAN_POINT ( 'NONE',  ( 1.849999999999996536, 0.8000000000000000444, -2.350000000000000089 ) ) ;
#4626 = CARTESIAN_POINT ( 'NONE',  ( 5.210808929720138316, 6.800000000000000711, 0.000000000000000000 ) ) ;
#4627 = EDGE_CURVE ( 'NONE', #4446, #4111, #3192, .T. ) ;
#4628 = CARTESIAN_POINT ( 'NONE',  ( 4.789191070279859908, -3.399999999999999911, 0.2108089297200920753 ) ) ;
#4629 = ITEM_DEFINED_TRANSFORMATION ( 'NONE', 'NONE', #873,  #4236 ) ;
#4630 = FACE_OUTER_BOUND ( 'NONE', #4519, .T. ) ;
#4631 = VERTEX_POINT ( 'NONE', #4017 ) ;
#4632 = DIRECTION ( 'NONE',  ( -0.000000000000000000, 1.000000000000000000, -1.445602896647339656E-16 ) ) ;
#4633 = EDGE_LOOP ( 'NONE', ( #3328, #3748, #2495, #664 ) ) ;
#4634 = EDGE_LOOP ( 'NONE', ( #3660, #2320, #4247, #5453 ) ) ;
#4635 = DIRECTION ( 'NONE',  ( -1.000000000000000000, 0.000000000000000000, -1.239088197126291852E-15 ) ) ;
#4636 = DIRECTION ( 'NONE',  ( 1.000000000000000000, -0.000000000000000000, 0.000000000000000000 ) ) ;
#4637 = LINE ( 'NONE', #2331, #4612 ) ;
#4638 = ORIENTED_EDGE ( 'NONE', *, *, #1369, .T. ) ;
#4639 = DIRECTION ( 'NONE',  ( 0.3236155771181815077, 0.8891264907159903697, 0.3236155771181820628 ) ) ;
#4640 = FACE_OUTER_BOUND ( 'NONE', #4232, .T. ) ;
#4641 = MECHANICAL_DESIGN_GEOMETRIC_PRESENTATION_REPRESENTATION (  '', ( #2441 ), #5146 ) ;
#4642 = LINE ( 'NONE', #2335, #1689 ) ;
#4643 = VECTOR ( 'NONE', #4722, 1000.000000000000000 ) ;
#4644 = ORIENTED_EDGE ( 'NONE', *, *, #611, .T. ) ;
#4645 = DIRECTION ( 'NONE',  ( -1.000000000000000000, 0.000000000000000000, -6.033820786006286703E-16 ) ) ;
#4646 = ORIENTED_EDGE ( 'NONE', *, *, #5714, .F. ) ;
#4647 = CARTESIAN_POINT ( 'NONE',  ( -0.2108089297201401202, 6.800000000000000711, 0.3199999999999012523 ) ) ;
#4648 = DIRECTION ( 'NONE',  ( -1.000000000000000000, 0.000000000000000000, 6.033820786006285717E-16 ) ) ;
#4649 = VECTOR ( 'NONE', #3246, 1000.000000000000000 ) ;
#4650 = CARTESIAN_POINT ( 'NONE',  ( -0.3200000000000008393, -1.670106242396757867, -0.004572733161116629419 ) ) ;
#4651 = ORIENTED_EDGE ( 'NONE', *, *, #102, .T. ) ;
#4652 = CARTESIAN_POINT ( 'NONE',  ( 0.3199999999999991185, -2.849999999999999645, 0.4199999999999015632 ) ) ;
#4653 = ADVANCED_FACE ( 'NONE', ( #419 ), #5870, .T. ) ;
#4654 = EDGE_CURVE ( 'NONE', #5642, #5665, #1763, .T. ) ;
#4655 = ORIENTED_EDGE ( 'NONE', *, *, #3147, .T. ) ;
#4656 = DIRECTION ( 'NONE',  ( -1.000000000000000000, 0.000000000000000000, -0.000000000000000000 ) ) ;
#4657 = CARTESIAN_POINT ( 'NONE',  ( 8.150000000000000355, 6.500000000000000000, 5.969556544854365931 ) ) ;
#4658 = VECTOR ( 'NONE', #3103, 1000.000000000000000 ) ;
#4659 = CARTESIAN_POINT ( 'NONE',  ( 0.000000000000000000, 0.8000000000000000444, 0.000000000000000000 ) ) ;
#4660 = ORIENTED_EDGE ( 'NONE', *, *, #3025, .T. ) ;
#4661 = FACE_OUTER_BOUND ( 'NONE', #3631, .T. ) ;
#4662 = EDGE_LOOP ( 'NONE', ( #5447, #472, #752, #2095 ) ) ;
#4663 = DIRECTION ( 'NONE',  ( 1.000000000000000000, -0.000000000000000000, -6.033820786006286703E-16 ) ) ;
#4664 = ADVANCED_FACE ( 'NONE', ( #3606 ), #1370, .T. ) ;
#4665 = ORIENTED_EDGE ( 'NONE', *, *, #4287, .F. ) ;
#4666 = ORIENTED_EDGE ( 'NONE', *, *, #1653, .F. ) ;
#4667 = CARTESIAN_POINT ( 'NONE',  ( 7.179999999999997051, 1.200000000000000622, 0.3200000000000000067 ) ) ;
#4668 = ADVANCED_FACE ( 'NONE', ( #943 ), #4133, .F. ) ;
#4669 = FACE_OUTER_BOUND ( 'NONE', #5923, .T. ) ;
#4670 = EDGE_CURVE ( 'NONE', #4773, #114, #1879, .T. ) ;
#4671 = PLANE ( 'NONE',  #4908 ) ;
#4672 = PRODUCT_DEFINITION_CONTEXT ( 'detailed design', #4325, 'design' ) ;
#4673 = ORIENTED_EDGE ( 'NONE', *, *, #4449, .F. ) ;
#4674 = FACE_OUTER_BOUND ( 'NONE', #3056, .T. ) ;
#4675 = FACE_OUTER_BOUND ( 'NONE', #4045, .T. ) ;
#4676 = ADVANCED_FACE ( 'NONE', ( #1821 ), #5555, .T. ) ;
#4677 = ORIENTED_EDGE ( 'NONE', *, *, #506, .T. ) ;
#4678 = CARTESIAN_POINT ( 'NONE',  ( 0.000000000000000000, 0.000000000000000000, 3.399999999999999911 ) ) ;
#4679 = CIRCLE ( 'NONE', #1920, 0.4000000000000010214 ) ;
#4680 = VERTEX_POINT ( 'NONE', #5619 ) ;
#4681 = PLANE ( 'NONE',  #1229 ) ;
#4682 = VECTOR ( 'NONE', #3866, 1000.000000000000000 ) ;
#4683 = VECTOR ( 'NONE', #894, 1000.000000000000000 ) ;
#4684 = LINE ( 'NONE', #2435, #2313 ) ;
#4685 = DIRECTION ( 'NONE',  ( 1.000000000000000000, 0.000000000000000000, 0.000000000000000000 ) ) ;
#4686 = ORIENTED_EDGE ( 'NONE', *, *, #5307, .T. ) ;
#4687 = CARTESIAN_POINT ( 'NONE',  ( 0.3199999999999991185, -1.921213806263992296, 0.6061617746083811653 ) ) ;
#4688 = VERTEX_POINT ( 'NONE', #2299 ) ;
#4689 = DIRECTION ( 'NONE',  ( 0.000000000000000000, -0.000000000000000000, 1.000000000000000000 ) ) ;
#4690 = AXIS2_PLACEMENT_3D ( 'NONE', #248, #5812, #3460 ) ;
#4691 = DIRECTION ( 'NONE',  ( 0.000000000000000000, 1.000000000000000000, -0.000000000000000000 ) ) ;
#4692 = DIRECTION ( 'NONE',  ( -1.000000000000000000, 0.000000000000000000, 0.000000000000000000 ) ) ;
#4693 = VECTOR ( 'NONE', #1281, 1000.000000000000114 ) ;
#4694 = VERTEX_POINT ( 'NONE', #4161 ) ;
#4695 = CARTESIAN_POINT ( 'NONE',  ( 0.000000000000000000, 7.000000000000000000, 0.000000000000000000 ) ) ;
#4696 = ORIENTED_EDGE ( 'NONE', *, *, #1729, .F. ) ;
#4697 = ORIENTED_EDGE ( 'NONE', *, *, #1432, .T. ) ;
#4698 = DIRECTION ( 'NONE',  ( 0.000000000000000000, 0.000000000000000000, 1.000000000000000000 ) ) ;
#4699 = DIRECTION ( 'NONE',  ( 0.000000000000000000, 1.000000000000000000, 0.000000000000000000 ) ) ;
#4700 = DIRECTION ( 'NONE',  ( -0.000000000000000000, -0.000000000000000000, -1.000000000000000000 ) ) ;
#4701 = ORIENTED_EDGE ( 'NONE', *, *, #497, .T. ) ;
#4702 = DIRECTION ( 'NONE',  ( 1.000000000000000000, 0.000000000000000000, 0.000000000000000000 ) ) ;
#4703 = CARTESIAN_POINT ( 'NONE',  ( 4.679999999999998828, -3.099999999999996536, -0.3199999999999528222 ) ) ;
#4704 = VECTOR ( 'NONE', #1085, 1000.000000000000000 ) ;
#4705 = VECTOR ( 'NONE', #1631, 1000.000000000000000 ) ;
#4706 = EDGE_CURVE ( 'NONE', #5147, #1941, #5987, .T. ) ;
#4707 = VECTOR ( 'NONE', #5479, 1000.000000000000000 ) ;
#4708 = ORIENTED_EDGE ( 'NONE', *, *, #5904, .F. ) ;
#4709 = LINE ( 'NONE', #5075, #2194 ) ;
#4710 = ORIENTED_EDGE ( 'NONE', *, *, #775, .F. ) ;
#4711 = CARTESIAN_POINT ( 'NONE',  ( 0.3199999999999991185, -0.5500000000000000444, 0.4199999999999015632 ) ) ;
#4712 = VECTOR ( 'NONE', #3839, 1000.000000000000000 ) ;
#4713 = FACE_OUTER_BOUND ( 'NONE', #2264, .T. ) ;
#4714 = LINE ( 'NONE', #5086, #2922 ) ;
#4715 = ORIENTED_EDGE ( 'NONE', *, *, #4015, .F. ) ;
#4716 = LINE ( 'NONE', #3824, #5409 ) ;
#4717 = ORIENTED_EDGE ( 'NONE', *, *, #458, .F. ) ;
#4718 = DIRECTION ( 'NONE',  ( 0.000000000000000000, 0.000000000000000000, -1.000000000000000000 ) ) ;
#4719 = SURFACE_STYLE_FILL_AREA ( #5278 ) ;
#4720 = CARTESIAN_POINT ( 'NONE',  ( 0.3199999999999991185, -1.729893757603242044, -0.004572733161116269464 ) ) ;
#4721 = ORIENTED_EDGE ( 'NONE', *, *, #627, .T. ) ;
#4722 = DIRECTION ( 'NONE',  ( 1.000000000000000000, 0.000000000000000000, 6.033820786006286703E-16 ) ) ;
#4723 = VERTEX_POINT ( 'NONE', #5035 ) ;
#4724 = EDGE_LOOP ( 'NONE', ( #815, #3249, #2112, #121, #4926, #729, #3284, #1847, #3729, #1411, #4126, #5371, #5800, #15, #4188, #3967, #4754, #4665, #2162, #3309 ) ) ;
#4725 = LINE ( 'NONE', #1001, #1144 ) ;
#4726 = DIRECTION ( 'NONE',  ( -1.000000000000000000, 0.000000000000000000, 1.993935029858399143E-16 ) ) ;
#4727 = CARTESIAN_POINT ( 'NONE',  ( 2.180000000000006377, 1.200000000000000622, 0.000000000000000000 ) ) ;
#4728 = ORIENTED_EDGE ( 'NONE', *, *, #4338, .T. ) ;
#4729 = CARTESIAN_POINT ( 'NONE',  ( 8.150000000000000355, 7.000000000000000000, -2.350000000000000089 ) ) ;
#4730 = ADVANCED_FACE ( 'NONE', ( #910 ), #31, .F. ) ;
#4731 = DIRECTION ( 'NONE',  ( 0.000000000000000000, -1.000000000000000000, 0.000000000000000000 ) ) ;
#4732 = ADVANCED_FACE ( 'NONE', ( #3720 ), #1425, .F. ) ;
#4733 = ORIENTED_EDGE ( 'NONE', *, *, #589, .F. ) ;
#4734 = CARTESIAN_POINT ( 'NONE',  ( 6.850000000000000533, 6.497705265805027608, -1.649999999999999911 ) ) ;
#4735 = EDGE_CURVE ( 'NONE', #3243, #3428, #3780, .T. ) ;
#4736 = EDGE_CURVE ( 'NONE', #3299, #175, #1492, .T. ) ;
#4737 = VERTEX_POINT ( 'NONE', #5103 ) ;
#4738 = DIRECTION ( 'NONE',  ( -0.000000000000000000, -0.000000000000000000, -1.000000000000000000 ) ) ;
#4739 = EDGE_CURVE ( 'NONE', #2710, #2184, #1032, .T. ) ;
#4740 = CARTESIAN_POINT ( 'NONE',  ( 5.320000000000003837, 0.5000000000000000000, -0.3200000000000000622 ) ) ;
#4741 = PLANE ( 'NONE',  #5027 ) ;
#4742 = VERTEX_POINT ( 'NONE', #546 ) ;
#4743 = LINE ( 'NONE', #4207, #3838 ) ;
#4744 = EDGE_LOOP ( 'NONE', ( #4341, #408, #2419, #2286 ) ) ;
#4745 = CARTESIAN_POINT ( 'NONE',  ( 7.500000000000000888, 4.649999999999998579, -2.350000000000000089 ) ) ;
#4746 = VECTOR ( 'NONE', #5393, 1000.000000000000000 ) ;
#4747 = EDGE_CURVE ( 'NONE', #866, #1081, #2870, .T. ) ;
#4748 = VECTOR ( 'NONE', #5680, 1000.000000000000000 ) ;
#4749 = PRESENTATION_STYLE_ASSIGNMENT (( #4810 ) ) ;
#4750 = LINE ( 'NONE', #84, #366 ) ;
#4751 = ORIENTED_EDGE ( 'NONE', *, *, #3038, .F. ) ;
#4752 = DIRECTION ( 'NONE',  ( 0.000000000000000000, 1.000000000000000000, -0.000000000000000000 ) ) ;
#4753 = VECTOR ( 'NONE', #4731, 1000.000000000000000 ) ;
#4754 = ORIENTED_EDGE ( 'NONE', *, *, #4378, .T. ) ;
#4755 = ORIENTED_EDGE ( 'NONE', *, *, #2684, .F. ) ;
#4756 = CARTESIAN_POINT ( 'NONE',  ( -0.6500000000000055733, 0.8000000000000000444, 3.399999999999993250 ) ) ;
#4757 = LINE ( 'NONE', #5737, #2259 ) ;
#4758 = CARTESIAN_POINT ( 'NONE',  ( 5.319999999999996732, 0.000000000000000000, 0.3200000000000000067 ) ) ;
#4759 = EDGE_LOOP ( 'NONE', ( #2479, #3555, #2488, #34 ) ) ;
#4760 = CARTESIAN_POINT ( 'NONE',  ( 9.949999999999999289, 7.000000000000000000, -1.124999999999999334 ) ) ;
#4761 = PLANE ( 'NONE',  #2093 ) ;
#4762 = FACE_OUTER_BOUND ( 'NONE', #5378, .T. ) ;
#4763 = EDGE_LOOP ( 'NONE', ( #3078, #5921, #4381, #5192 ) ) ;
#4764 = FACE_OUTER_BOUND ( 'NONE', #442, .T. ) ;
#4765 = ORIENTED_EDGE ( 'NONE', *, *, #5025, .F. ) ;
#4766 = CARTESIAN_POINT ( 'NONE',  ( 6.849999999999999645, 0.8000000000000000444, -2.349999999999999645 ) ) ;
#4767 = AXIS2_PLACEMENT_3D ( 'NONE', #510, #5493, #4999 ) ;
#4768 = EDGE_CURVE ( 'NONE', #5476, #4417, #1851, .T. ) ;
#4769 = CARTESIAN_POINT ( 'NONE',  ( 4.680000000000001492, 0.000000000000000000, 0.3200000000000000067 ) ) ;
#4770 = DIRECTION ( 'NONE',  ( 0.000000000000000000, 0.000000000000000000, 1.000000000000000000 ) ) ;
#4771 = ORIENTED_EDGE ( 'NONE', *, *, #2272, .T. ) ;
#4772 = DIRECTION ( 'NONE',  ( -1.000000000000000000, -0.000000000000000000, -0.000000000000000000 ) ) ;
#4773 = VERTEX_POINT ( 'NONE', #5526 ) ;
#4774 = LINE ( 'NONE', #2468, #349 ) ;
#4775 = ADVANCED_FACE ( 'NONE', ( #4669 ), #1002, .T. ) ;
#4776 = AXIS2_PLACEMENT_3D ( 'NONE', #5760, #717, #2985 ) ;
#4777 = DIRECTION ( 'NONE',  ( 0.8660254037844389297, 0.4999999999999996114, -1.726798389353057508E-16 ) ) ;
#4778 = DIRECTION ( 'NONE',  ( -0.3236155771181803975, 0.8891264907159907027, 0.3236155771181823959 ) ) ;
#4779 = ORIENTED_EDGE ( 'NONE', *, *, #3860, .F. ) ;
#4780 = LINE ( 'NONE', #5135, #2927 ) ;
#4781 = ORIENTED_EDGE ( 'NONE', *, *, #1799, .T. ) ;
#4782 = ORIENTED_EDGE ( 'NONE', *, *, #4481, .T. ) ;
#4783 = VECTOR ( 'NONE', #5423, 1000.000000000000000 ) ;
#4784 = DIRECTION ( 'NONE',  ( 0.000000000000000000, 0.000000000000000000, 1.000000000000000000 ) ) ;
#4785 = VECTOR ( 'NONE', #5221, 1000.000000000000000 ) ;
#4786 = FACE_OUTER_BOUND ( 'NONE', #399, .T. ) ;
#4787 = VECTOR ( 'NONE', #2397, 1000.000000000000000 ) ;
#4788 = DIRECTION ( 'NONE',  ( 0.000000000000000000, 0.000000000000000000, 1.000000000000000000 ) ) ;
#4789 = VERTEX_POINT ( 'NONE', #2775 ) ;
#4790 = DIRECTION ( 'NONE',  ( 1.993935029858399390E-16, 0.000000000000000000, 1.000000000000000000 ) ) ;
#4791 = CARTESIAN_POINT ( 'NONE',  ( 0.000000000000000000, 0.000000000000000000, 3.399999999999999911 ) ) ;
#4792 = LINE ( 'NONE', #1193, #3615 ) ;
#4793 = VERTEX_POINT ( 'NONE', #4602 ) ;
#4794 = PLANE ( 'NONE',  #1041 ) ;
#4795 = AXIS2_PLACEMENT_3D ( 'NONE', #2322, #2706, #4537 ) ;
#4796 = AXIS2_PLACEMENT_3D ( 'NONE', #4659, #5980, #4211 ) ;
#4797 = ORIENTED_EDGE ( 'NONE', *, *, #1695, .F. ) ;
#4798 = PLANE ( 'NONE',  #3900 ) ;
#4799 = ADVANCED_FACE ( 'NONE', ( #2393 ), #487, .T. ) ;
#4800 = VECTOR ( 'NONE', #2240, 1000.000000000000000 ) ;
#4801 = PLANE ( 'NONE',  #91 ) ;
#4802 = CARTESIAN_POINT ( 'NONE',  ( -2.449999999999999734, 7.000000000000000000, 3.399999999999999911 ) ) ;
#4803 = ORIENTED_EDGE ( 'NONE', *, *, #3613, .T. ) ;
#4804 = FACE_OUTER_BOUND ( 'NONE', #5231, .T. ) ;
#4805 = ORIENTED_EDGE ( 'NONE', *, *, #3754, .F. ) ;
#4806 = CARTESIAN_POINT ( 'NONE',  ( 7.179999999999998828, -0.7712138062639923852, -0.2861617746085793890 ) ) ;
#4807 = ADVANCED_FACE ( 'NONE', ( #5648 ), #1187, .T. ) ;
#4808 = VECTOR ( 'NONE', #1427, 1000.000000000000000 ) ;
#4809 = EDGE_CURVE ( 'NONE', #2507, #1924, #4278, .T. ) ;
#4810 = SURFACE_STYLE_USAGE ( .BOTH. , #1990 ) ;
#4811 = CARTESIAN_POINT ( 'NONE',  ( 9.249999999999998224, 0.000000000000000000, 2.699999999999999734 ) ) ;
#4812 = VERTEX_POINT ( 'NONE', #1637 ) ;
#4813 = PLANE ( 'NONE',  #903 ) ;
#4814 = ORIENTED_EDGE ( 'NONE', *, *, #4923, .F. ) ;
#4815 = VERTEX_POINT ( 'NONE', #1092 ) ;
#4816 = LINE ( 'NONE', #698, #1808 ) ;
#4817 = ADVANCED_FACE ( 'NONE', ( #3867 ), #4252, .T. ) ;
#4818 = ADVANCED_FACE ( 'NONE', ( #2961 ), #5676, .F. ) ;
#4819 = EDGE_CURVE ( 'NONE', #1664, #2808, #4306, .T. ) ;
#4820 = DIRECTION ( 'NONE',  ( -1.000000000000000000, 0.000000000000000000, 0.000000000000000000 ) ) ;
#4821 = DIRECTION ( 'NONE',  ( -0.000000000000000000, 0.000000000000000000, -1.000000000000000000 ) ) ;
#4822 = ORIENTED_EDGE ( 'NONE', *, *, #1021, .F. ) ;
#4823 = FACE_OUTER_BOUND ( 'NONE', #5967, .T. ) ;
#4824 = CARTESIAN_POINT ( 'NONE',  ( -1.600000000000000089, 0.5000000000000000000, 2.000000000000000000 ) ) ;
#4825 = FACE_OUTER_BOUND ( 'NONE', #3889, .T. ) ;
#4826 = LINE ( 'NONE', #1097, #321 ) ;
#4827 = ORIENTED_EDGE ( 'NONE', *, *, #2245, .F. ) ;
#4828 = CARTESIAN_POINT ( 'NONE',  ( 2.819999999999998952, -4.305096679918778868, -0.3200000000000471911 ) ) ;
#4829 = VERTEX_POINT ( 'NONE', #2476 ) ;
#4830 = CARTESIAN_POINT ( 'NONE',  ( -0.6500000000000047962, 0.8000000000000000444, -2.350000000000000533 ) ) ;
#4831 = CARTESIAN_POINT ( 'NONE',  ( 0.000000000000000000, 1.200000000000000622, 2.699999999999999734 ) ) ;
#4832 = DIRECTION ( 'NONE',  ( 0.000000000000000000, 0.000000000000000000, 1.000000000000000000 ) ) ;
#4833 = ORIENTED_EDGE ( 'NONE', *, *, #996, .F. ) ;
#4834 = CARTESIAN_POINT ( 'NONE',  ( 4.349999999999997868, 0.8000000000000000444, 2.699999999999994849 ) ) ;
#4835 = ORIENTED_EDGE ( 'NONE', *, *, #3612, .F. ) ;
#4836 = CARTESIAN_POINT ( 'NONE',  ( -2.449999999999997513, 7.000000000000000000, -0.1249999999999992922 ) ) ;
#4837 = EDGE_CURVE ( 'NONE', #2710, #951, #5286, .T. ) ;
#4838 = UNCERTAINTY_MEASURE_WITH_UNIT (LENGTH_MEASURE( 1.000000000000000082E-05 ), #1402, 'distance_accuracy_value', 'NONE');
#4839 = CARTESIAN_POINT ( 'NONE',  ( -1.750000000000000000, 0.5000000000000000000, 1.523030399291526615 ) ) ;
#4840 = CARTESIAN_POINT ( 'NONE',  ( 7.289191070279859019, -3.399999999999999911, -0.3200000000001000378 ) ) ;
#4841 = EDGE_CURVE ( 'NONE', #3240, #5476, #3918, .T. ) ;
#4842 = VECTOR ( 'NONE', #5012, 1000.000000000000000 ) ;
#4843 = ORIENTED_EDGE ( 'NONE', *, *, #3074, .F. ) ;
#4844 = LINE ( 'NONE', #3948, #4238 ) ;
#4845 = ORIENTED_EDGE ( 'NONE', *, *, #18, .F. ) ;
#4846 = EDGE_CURVE ( 'NONE', #4980, #2566, #4757, .T. ) ;
#4847 = CARTESIAN_POINT ( 'NONE',  ( 0.6499999999999952482, 0.000000000000000000, -2.350000000000000533 ) ) ;
#4848 = EDGE_CURVE ( 'NONE', #3746, #5365, #3416, .T. ) ;
#4849 = AXIS2_PLACEMENT_3D ( 'NONE', #4501, #4979, #367 ) ;
#4850 = DIRECTION ( 'NONE',  ( 0.000000000000000000, 0.000000000000000000, -1.000000000000000000 ) ) ;
#4851 = ADVANCED_FACE ( 'NONE', ( #3893 ), #148, .F. ) ;
#4852 = DIRECTION ( 'NONE',  ( 0.000000000000000000, 0.000000000000000000, 1.000000000000000000 ) ) ;
#4853 = AXIS2_PLACEMENT_3D ( 'NONE', #1461, #5066, #3304 ) ;
#4854 = ORIENTED_EDGE ( 'NONE', *, *, #5205, .F. ) ;
#4855 = LINE ( 'NONE', #5895, #2656 ) ;
#4856 = DIRECTION ( 'NONE',  ( 6.033820786006286703E-16, 9.856383386231848966E-17, 1.000000000000000000 ) ) ;
#4857 = CARTESIAN_POINT ( 'NONE',  ( 8.000000000000000000, 6.587867965644034207, -1.702055459022914663 ) ) ;
#4858 = EDGE_CURVE ( 'NONE', #4280, #136, #2029, .T. ) ;
#4859 = ADVANCED_FACE ( 'NONE', ( #4786 ), #3448, .F. ) ;
#4860 = ORIENTED_EDGE ( 'NONE', *, *, #3388, .F. ) ;
#4861 = DIRECTION ( 'NONE',  ( -0.3236155771181820073, -0.8891264907159902586, -0.3236155771181816743 ) ) ;
#4862 = EDGE_CURVE ( 'NONE', #3376, #680, #2511, .T. ) ;
#4863 = ORIENTED_EDGE ( 'NONE', *, *, #3872, .T. ) ;
#4864 = PLANE ( 'NONE',  #1592 ) ;
#4865 = DIRECTION ( 'NONE',  ( 0.000000000000000000, 1.000000000000000000, 0.000000000000000000 ) ) ;
#4866 = VERTEX_POINT ( 'NONE', #1549 ) ;
#4867 = LINE ( 'NONE', #1231, #2814 ) ;
#4868 = ORIENTED_EDGE ( 'NONE', *, *, #731, .F. ) ;
#4869 = CARTESIAN_POINT ( 'NONE',  ( -1.750000000000000666, 0.5000000000000000000, -1.649999999999999911 ) ) ;
#4870 = DIRECTION ( 'NONE',  ( 0.000000000000000000, 0.000000000000000000, -1.000000000000000000 ) ) ;
#4871 = CARTESIAN_POINT ( 'NONE',  ( 0.3199999999999991185, -0.7712138062639923852, -0.2861617746085793890 ) ) ;
#4872 = VECTOR ( 'NONE', #4632, 1000.000000000000000 ) ;
#4873 = ORIENTED_EDGE ( 'NONE', *, *, #4848, .F. ) ;
#4874 = CARTESIAN_POINT ( 'NONE',  ( 6.849999999999998757, 0.8000000000000000444, -1.650000000000000133 ) ) ;
#4875 = ORIENTED_EDGE ( 'NONE', *, *, #5561, .F. ) ;
#4876 = LINE ( 'NONE', #3085, #2660 ) ;
#4877 = AXIS2_PLACEMENT_3D ( 'NONE', #1765, #3610, #5442 ) ;
#4878 = EDGE_CURVE ( 'NONE', #1253, #5030, #2837, .T. ) ;
#4879 = FACE_OUTER_BOUND ( 'NONE', #1849, .T. ) ;
#4880 = CARTESIAN_POINT ( 'NONE',  ( 5.649999999999997691, 0.8000000000000000444, -1.650000000000000355 ) ) ;
#4881 = VECTOR ( 'NONE', #5970, 1000.000000000000000 ) ;
#4882 = VERTEX_POINT ( 'NONE', #2056 ) ;
#4883 = LINE ( 'NONE', #2088, #4497 ) ;
#4884 = DIRECTION ( 'NONE',  ( 1.000000000000000000, 0.000000000000000000, 0.000000000000000000 ) ) ;
#4885 = PLANE ( 'NONE',  #4408 ) ;
#4886 = CIRCLE ( 'NONE', #169, 0.09999999999999999167 ) ;
#4887 = LINE ( 'NONE', #4049, #1393 ) ;
#4888 = VECTOR ( 'NONE', #3357, 1000.000000000000000 ) ;
#4889 = VECTOR ( 'NONE', #1450, 1000.000000000000000 ) ;
#4890 = ORIENTED_EDGE ( 'NONE', *, *, #5384, .T. ) ;
#4891 = DIRECTION ( 'NONE',  ( 0.000000000000000000, -0.000000000000000000, 1.000000000000000000 ) ) ;
#4892 = ORIENTED_EDGE ( 'NONE', *, *, #5704, .F. ) ;
#4893 = PLANE ( 'NONE',  #4180 ) ;
#4894 = EDGE_CURVE ( 'NONE', #275, #5665, #3000, .T. ) ;
#4895 = DIRECTION ( 'NONE',  ( -1.000000000000000000, 0.000000000000000000, 1.474684361169737143E-13 ) ) ;
#4896 = EDGE_LOOP ( 'NONE', ( #2229, #343, #2824, #1505 ) ) ;
#4897 = CARTESIAN_POINT ( 'NONE',  ( 1.849999999999996536, 0.000000000000000000, -2.350000000000000089 ) ) ;
#4898 = ORIENTED_EDGE ( 'NONE', *, *, #1488, .T. ) ;
#4899 = CARTESIAN_POINT ( 'NONE',  ( 4.679999999999998828, 6.499999999999997335, 0.3199999999999528222 ) ) ;
#4900 = VECTOR ( 'NONE', #3740, 1000.000000000000000 ) ;
#4901 = DIRECTION ( 'NONE',  ( 0.000000000000000000, -0.9542726683898372642, 0.2989375760324213815 ) ) ;
#4902 = VERTEX_POINT ( 'NONE', #700 ) ;
#4903 = LINE ( 'NONE', #1600, #3698 ) ;
#4904 = VECTOR ( 'NONE', #315, 1000.000000000000000 ) ;
#4905 = VECTOR ( 'NONE', #4239, 1000.000000000000000 ) ;
#4906 = ORIENTED_EDGE ( 'NONE', *, *, #3003, .T. ) ;
#4907 = DIRECTION ( 'NONE',  ( 4.956352788505144532E-15, -1.000000000000000000, 0.000000000000000000 ) ) ;
#4908 = AXIS2_PLACEMENT_3D ( 'NONE', #580, #2423, #1973 ) ;
#4909 = CARTESIAN_POINT ( 'NONE',  ( -2.039999999999998259, 7.000000000000000000, -1.124999999999999334 ) ) ;
#4910 = CIRCLE ( 'NONE', #3482, 0.5000000000000000000 ) ;
#4911 = ORIENTED_EDGE ( 'NONE', *, *, #1074, .F. ) ;
#4912 = CARTESIAN_POINT ( 'NONE',  ( -0.6500000000000055733, 0.000000000000000000, 3.399999999999993250 ) ) ;
#4913 = DIRECTION ( 'NONE',  ( -0.000000000000000000, -1.000000000000000000, -0.000000000000000000 ) ) ;
#4914 = DIRECTION ( 'NONE',  ( 0.000000000000000000, 0.9542726683898371531, -0.2989375760324216036 ) ) ;
#4915 = LINE ( 'NONE', #5466, #2159 ) ;
#4916 = ADVANCED_FACE ( 'NONE', ( #2537 ), #5775, .F. ) ;
#4917 = ORIENTED_EDGE ( 'NONE', *, *, #360, .F. ) ;
#4918 = FACE_OUTER_BOUND ( 'NONE', #3705, .T. ) ;
#4919 = DIRECTION ( 'NONE',  ( 1.000000000000000000, 0.000000000000000000, -0.000000000000000000 ) ) ;
#4920 = EDGE_CURVE ( 'NONE', #545, #114, #5919, .T. ) ;
#4921 = EDGE_CURVE ( 'NONE', #5181, #2849, #791, .T. ) ;
#4922 = CARTESIAN_POINT ( 'NONE',  ( 4.349999999999996980, 0.000000000000000000, 3.399999999999994138 ) ) ;
#4923 = EDGE_CURVE ( 'NONE', #277, #325, #1214, .T. ) ;
#4924 = ORIENTED_EDGE ( 'NONE', *, *, #5934, .T. ) ;
#4925 = CARTESIAN_POINT ( 'NONE',  ( 9.250000000000000000, 4.750000000000000888, -0.1249999999999989730 ) ) ;
#4926 = ORIENTED_EDGE ( 'NONE', *, *, #3190, .T. ) ;
#4927 = DIRECTION ( 'NONE',  ( 0.000000000000000000, 0.000000000000000000, -1.000000000000000000 ) ) ;
#4928 = EDGE_CURVE ( 'NONE', #1952, #198, #2148, .T. ) ;
#4929 = EDGE_CURVE ( 'NONE', #2916, #960, #3953, .T. ) ;
#4930 = DIRECTION ( 'NONE',  ( -0.000000000000000000, 0.000000000000000000, -1.000000000000000000 ) ) ;
#4931 = ORIENTED_EDGE ( 'NONE', *, *, #5229, .T. ) ;
#4932 = FACE_OUTER_BOUND ( 'NONE', #3604, .T. ) ;
#4933 = VERTEX_POINT ( 'NONE', #3599 ) ;
#4934 = DIRECTION ( 'NONE',  ( 0.000000000000000000, 0.000000000000000000, 1.000000000000000000 ) ) ;
#4935 = ADVANCED_FACE ( 'NONE', ( #2204 ), #3055, .F. ) ;
#4936 = CARTESIAN_POINT ( 'NONE',  ( -1.750000000000000222, 6.497705265805025832, -1.124999999999999112 ) ) ;
#4937 = AXIS2_PLACEMENT_3D ( 'NONE', #1476, #3317, #5154 ) ;
#4938 = DIRECTION ( 'NONE',  ( -1.000000000000000000, -3.283356496402848712E-16, 0.000000000000000000 ) ) ;
#4939 = VECTOR ( 'NONE', #1273, 1000.000000000000000 ) ;
#4940 = ORIENTED_EDGE ( 'NONE', *, *, #627, .F. ) ;
#4941 = FACE_OUTER_BOUND ( 'NONE', #2974, .T. ) ;
#4942 = CARTESIAN_POINT ( 'NONE',  ( -0.6499999999999978018, 1.200000000000000622, -1.649999999999999911 ) ) ;
#4943 = CARTESIAN_POINT ( 'NONE',  ( -0.6500000000000047962, 0.8000000000000000444, 2.699999999999999734 ) ) ;
#4944 = VECTOR ( 'NONE', #2846, 1000.000000000000000 ) ;
#4945 = CARTESIAN_POINT ( 'NONE',  ( -2.449999999999997513, 4.750000000000000888, -0.1249999999999989730 ) ) ;
#4946 = LINE ( 'NONE', #5961, #3180 ) ;
#4947 = AXIS2_PLACEMENT_3D ( 'NONE', #4103, #5933, #5040 ) ;
#4948 = DIRECTION ( 'NONE',  ( -1.000000000000000000, 0.000000000000000000, 1.474684361169737143E-13 ) ) ;
#4949 = ADVANCED_FACE ( 'NONE', ( #4879 ), #3980, .F. ) ;
#4950 = CARTESIAN_POINT ( 'NONE',  ( 1.849999999999995648, 0.8000000000000000444, -1.650000000000000799 ) ) ;
#4951 = VERTEX_POINT ( 'NONE', #4909 ) ;
#4952 = DIRECTION ( 'NONE',  ( 0.000000000000000000, 1.000000000000000000, 0.000000000000000000 ) ) ;
#4953 = EDGE_CURVE ( 'NONE', #3689, #5793, #5408, .T. ) ;
#4954 = ORIENTED_EDGE ( 'NONE', *, *, #4928, .F. ) ;
#4955 = DIRECTION ( 'NONE',  ( 1.000000000000000000, 0.000000000000000000, 0.000000000000000000 ) ) ;
#4956 = EDGE_CURVE ( 'NONE', #4363, #2503, #5432, .T. ) ;
#4957 = CARTESIAN_POINT ( 'NONE',  ( 1.849999999999996536, 0.8000000000000000444, 2.699999999999993960 ) ) ;
#4958 = EDGE_CURVE ( 'NONE', #3177, #5435, #4456, .T. ) ;
#4959 = LINE ( 'NONE', #2226, #5620 ) ;
#4960 = ORIENTED_EDGE ( 'NONE', *, *, #1251, .F. ) ;
#4961 = CARTESIAN_POINT ( 'NONE',  ( -0.6499999999999978018, 6.650000000000000355, 5.969556544854365931 ) ) ;
#4962 = EDGE_CURVE ( 'NONE', #5468, #4951, #757, .T. ) ;
#4963 = ORIENTED_EDGE ( 'NONE', *, *, #4929, .T. ) ;
#4964 = FACE_OUTER_BOUND ( 'NONE', #702, .T. ) ;
#4965 = LINE ( 'NONE', #2679, #4132 ) ;
#4966 = PLANE ( 'NONE',  #2035 ) ;
#4967 = EDGE_CURVE ( 'NONE', #3840, #1719, #5457, .T. ) ;
#4968 = ORIENTED_EDGE ( 'NONE', *, *, #4958, .F. ) ;
#4969 = CARTESIAN_POINT ( 'NONE',  ( 2.179999999999999272, -4.305096679918778868, 0.3199999999999528222 ) ) ;
#4970 = ORIENTED_EDGE ( 'NONE', *, *, #5300, .T. ) ;
#4971 = CIRCLE ( 'NONE', #2387, 0.7400000000000015454 ) ;
#4972 = CARTESIAN_POINT ( 'NONE',  ( 7.819999999999998508, 6.800000000000000711, -0.3200000000001004263 ) ) ;
#4973 = PLANE ( 'NONE',  #4516 ) ;
#4974 = ORIENTED_EDGE ( 'NONE', *, *, #5834, .F. ) ;
#4975 = LINE ( 'NONE', #4525, #4394 ) ;
#4976 = DIRECTION ( 'NONE',  ( -1.000000000000000000, -0.000000000000000000, -0.000000000000000000 ) ) ;
#4977 = VECTOR ( 'NONE', #3166, 1000.000000000000000 ) ;
#4978 = AXIS2_PLACEMENT_3D ( 'NONE', #2600, #3060, #5382 ) ;
#4979 = DIRECTION ( 'NONE',  ( -5.757910262048285890E-16, 0.2989375760324215481, -0.9542726683898372642 ) ) ;
#4980 = VERTEX_POINT ( 'NONE', #1725 ) ;
#4981 = DIRECTION ( 'NONE',  ( -1.000000000000000000, 0.000000000000000000, 0.000000000000000000 ) ) ;
#4982 = VERTEX_POINT ( 'NONE', #383 ) ;
#4983 = DIRECTION ( 'NONE',  ( 0.000000000000000000, -1.000000000000000000, 0.000000000000000000 ) ) ;
#4984 = DIRECTION ( 'NONE',  ( 0.000000000000000000, 0.000000000000000000, 1.000000000000000000 ) ) ;
#4985 = EDGE_CURVE ( 'NONE', #3032, #2309, #4484, .T. ) ;
#4986 = CARTESIAN_POINT ( 'NONE',  ( 4.287633257097064998, 5.421981233729215255, -0.7123667429028296416 ) ) ;
#4987 = EDGE_LOOP ( 'NONE', ( #2346, #4504, #696, #1565, #3950, #5542, #1787, #1507, #969 ) ) ;
#4988 = FACE_OUTER_BOUND ( 'NONE', #3260, .T. ) ;
#4989 = EDGE_CURVE ( 'NONE', #1924, #272, #4041, .T. ) ;
#4990 = EDGE_CURVE ( 'NONE', #196, #3840, #5891, .T. ) ;
#4991 = VERTEX_POINT ( 'NONE', #3150 ) ;
#4992 = CYLINDRICAL_SURFACE ( 'NONE', #4795, 0.7400000000000015454 ) ;
#4993 = AXIS2_PLACEMENT_3D ( 'NONE', #4476, #4930, #1236 ) ;
#4994 = EDGE_CURVE ( 'NONE', #3689, #5612, #4965, .T. ) ;
#4995 = DIRECTION ( 'NONE',  ( -0.3236155771181817853, 0.8891264907159904807, -0.3236155771181817298 ) ) ;
#4996 = DIRECTION ( 'NONE',  ( -1.000000000000000000, 0.000000000000000000, 6.033820786006285717E-16 ) ) ;
#4997 = VECTOR ( 'NONE', #5008, 1000.000000000000000 ) ;
#4998 = EDGE_LOOP ( 'NONE', ( #428, #1379, #5402, #953 ) ) ;
#4999 = DIRECTION ( 'NONE',  ( 0.000000000000000000, -0.9542726683898372642, 0.2989375760324213815 ) ) ;
#5000 = ADVANCED_FACE ( 'NONE', ( #1331 ), #3183, .F. ) ;
#5001 = ADVANCED_FACE ( 'NONE', ( #1870 ), #1390, .F. ) ;
#5002 = ORIENTED_EDGE ( 'NONE', *, *, #3323, .T. ) ;
#5003 = FACE_OUTER_BOUND ( 'NONE', #737, .T. ) ;
#5004 = EDGE_CURVE ( 'NONE', #114, #5099, #877, .T. ) ;
#5005 = AXIS2_PLACEMENT_3D ( 'NONE', #2962, #609, #3955 ) ;
#5006 = VECTOR ( 'NONE', #1780, 1000.000000000000000 ) ;
#5007 = DIRECTION ( 'NONE',  ( 0.000000000000000000, 1.000000000000000000, 0.000000000000000000 ) ) ;
#5008 = DIRECTION ( 'NONE',  ( -0.000000000000000000, -1.000000000000000000, -0.000000000000000000 ) ) ;
#5009 = VERTEX_POINT ( 'NONE', #2292 ) ;
#5010 = LINE ( 'NONE', #1707, #3361 ) ;
#5011 = LINE ( 'NONE', #889, #2457 ) ;
#5012 = DIRECTION ( 'NONE',  ( 1.000000000000000000, 0.000000000000000000, -8.470329472543004623E-17 ) ) ;
#5013 = ORIENTED_EDGE ( 'NONE', *, *, #2101, .T. ) ;
#5014 = CARTESIAN_POINT ( 'NONE',  ( 7.179999999999998828, -3.399999999999999911, 0.3199999999999015854 ) ) ;
#5015 = ORIENTED_EDGE ( 'NONE', *, *, #2500, .T. ) ;
#5016 = CARTESIAN_POINT ( 'NONE',  ( 5.649999999999997691, 0.5000000000000000000, -1.649999999999999911 ) ) ;
#5017 = FACE_OUTER_BOUND ( 'NONE', #2798, .T. ) ;
#5018 = CARTESIAN_POINT ( 'NONE',  ( 9.539999999999997371, 7.000000000000000000, -0.1249999999999992922 ) ) ;
#5019 = VERTEX_POINT ( 'NONE', #507 ) ;
#5020 = CARTESIAN_POINT ( 'NONE',  ( 4.789191070279859908, -3.399999999999999911, -0.2108089297201081735 ) ) ;
#5021 = EDGE_CURVE ( 'NONE', #640, #2367, #478, .T. ) ;
#5022 = ORIENTED_EDGE ( 'NONE', *, *, #1998, .T. ) ;
#5023 = FACE_OUTER_BOUND ( 'NONE', #3435, .T. ) ;
#5024 = CARTESIAN_POINT ( 'NONE',  ( -2.449999999999999734, 0.000000000000000000, 3.399999999999999911 ) ) ;
#5025 = EDGE_CURVE ( 'NONE', #1721, #3011, #1360, .T. ) ;
#5026 = CARTESIAN_POINT ( 'NONE',  ( -0.6499999999999978018, -1.674938450256674871, 3.068478049459132606 ) ) ;
#5027 = AXIS2_PLACEMENT_3D ( 'NONE', #5633, #12, #1504 ) ;
#5028 = ORIENTED_EDGE ( 'NONE', *, *, #4962, .T. ) ;
#5029 = LINE ( 'NONE', #905, #1522 ) ;
#5030 = VERTEX_POINT ( 'NONE', #4568 ) ;
#5031 = VERTEX_POINT ( 'NONE', #3684 ) ;
#5032 = VERTEX_POINT ( 'NONE', #4628 ) ;
#5033 = VECTOR ( 'NONE', #4554, 1000.000000000000000 ) ;
#5034 = ADVANCED_FACE ( 'NONE', ( #2832 ), #4125, .T. ) ;
#5035 = CARTESIAN_POINT ( 'NONE',  ( 7.819999999999998508, 1.200000000000000622, -0.3200000000000000622 ) ) ;
#5036 = DIRECTION ( 'NONE',  ( -1.239088197126292444E-15, 0.000000000000000000, 1.000000000000000000 ) ) ;
#5037 = ORIENTED_EDGE ( 'NONE', *, *, #1803, .T. ) ;
#5038 = ADVANCED_FACE ( 'NONE', ( #4181 ), #2802, .F. ) ;
#5039 = PLANE ( 'NONE',  #561 ) ;
#5040 = DIRECTION ( 'NONE',  ( 1.000000000000000000, 0.000000000000000000, -0.000000000000000000 ) ) ;
#5041 = EDGE_CURVE ( 'NONE', #4129, #145, #5518, .T. ) ;
#5042 = CARTESIAN_POINT ( 'NONE',  ( -1.749999999999999778, 7.000000000000000000, 2.989999999999998437 ) ) ;
#5043 = VECTOR ( 'NONE', #5443, 1000.000000000000000 ) ;
#5044 = ORIENTED_EDGE ( 'NONE', *, *, #2609, .T. ) ;
#5045 = LINE ( 'NONE', #3202, #3266 ) ;
#5046 = ORIENTED_EDGE ( 'NONE', *, *, #2538, .T. ) ;
#5047 = CARTESIAN_POINT ( 'NONE',  ( 3.149999999999996358, 0.000000000000000000, 2.699999999999999734 ) ) ;
#5048 = FACE_OUTER_BOUND ( 'NONE', #5838, .T. ) ;
#5049 = CARTESIAN_POINT ( 'NONE',  ( 0.3199999999999991185, -3.099999999999996536, -0.3200000000001000378 ) ) ;
#5050 = EDGE_LOOP ( 'NONE', ( #5172, #2813, #1558, #4524 ) ) ;
#5051 = FACE_OUTER_BOUND ( 'NONE', #5164, .T. ) ;
#5052 = VERTEX_POINT ( 'NONE', #3238 ) ;
#5053 = CARTESIAN_POINT ( 'NONE',  ( 7.819999999999998508, -1.478786193736007393, 0.6061617746083807212 ) ) ;
#5054 = CARTESIAN_POINT ( 'NONE',  ( 0.3199999999999991185, -2.849999999999999645, 0.4199999999999015632 ) ) ;
#5055 = LINE ( 'NONE', #19, #3663 ) ;
#5056 = CONTEXT_DEPENDENT_SHAPE_REPRESENTATION ( #2291, #840 ) ;
#5057 = MANIFOLD_SOLID_BREP ( 'Housing', #2290 ) ;
#5058 = VERTEX_POINT ( 'NONE', #964 ) ;
#5059 = FACE_OUTER_BOUND ( 'NONE', #2518, .T. ) ;
#5060 = ORIENTED_EDGE ( 'NONE', *, *, #1921, .T. ) ;
#5061 = ORIENTED_EDGE ( 'NONE', *, *, #5070, .T. ) ;
#5062 = CARTESIAN_POINT ( 'NONE',  ( 9.249999999999998224, 0.5000000000000000000, 2.699999999999999734 ) ) ;
#5063 = EDGE_CURVE ( 'NONE', #3391, #5531, #5055, .T. ) ;
#5064 = CIRCLE ( 'NONE', #3158, 0.6500000000000012434 ) ;
#5065 = EDGE_CURVE ( 'NONE', #4737, #935, #4538, .T. ) ;
#5066 = DIRECTION ( 'NONE',  ( -0.8660254037844389297, 0.4999999999999996114, -3.453596778706115016E-16 ) ) ;
#5067 = CARTESIAN_POINT ( 'NONE',  ( 7.710808929720138316, 6.800000000000000711, -0.2108089297202395962 ) ) ;
#5068 = ORIENTED_EDGE ( 'NONE', *, *, #5942, .T. ) ;
#5069 = CARTESIAN_POINT ( 'NONE',  ( -1.600000000000000089, 0.5000000000000000000, 2.500000000000000444 ) ) ;
#5070 = EDGE_CURVE ( 'NONE', #445, #3722, #412, .T. ) ;
#5071 = LINE ( 'NONE', #2878, #5837 ) ;
#5072 = AXIS2_PLACEMENT_3D ( 'NONE', #1955, #5150, #3312 ) ;
#5073 = DIRECTION ( 'NONE',  ( -0.000000000000000000, -1.000000000000000000, -0.000000000000000000 ) ) ;
#5074 = ORIENTED_EDGE ( 'NONE', *, *, #1116, .T. ) ;
#5075 = CARTESIAN_POINT ( 'NONE',  ( 3.149999999999996358, 0.8000000000000000444, -1.649999999999999911 ) ) ;
#5076 = EDGE_CURVE ( 'NONE', #460, #5331, #3211, .T. ) ;
#5077 = EDGE_CURVE ( 'NONE', #2429, #3689, #1510, .T. ) ;
#5078 = ORIENTED_EDGE ( 'NONE', *, *, #4229, .T. ) ;
#5079 = DIRECTION ( 'NONE',  ( 0.000000000000000000, -2.478176394252583606E-16, -1.000000000000000000 ) ) ;
#5080 = VECTOR ( 'NONE', #3810, 1000.000000000000000 ) ;
#5081 = ADVANCED_FACE ( 'NONE', ( #3439 ), #2859, .T. ) ;
#5082 = ADVANCED_FACE ( 'NONE', ( #3406 ), #4329, .F. ) ;
#5083 = MANIFOLD_SOLID_BREP ( 'Pin 1', #3928 ) ;
#5084 = CIRCLE ( 'NONE', #2102, 0.09999999999999993616 ) ;
#5085 = DIRECTION ( 'NONE',  ( -1.000000000000000000, 0.000000000000000000, 0.000000000000000000 ) ) ;
#5086 = CARTESIAN_POINT ( 'NONE',  ( 5.319999999999999396, -3.099999999999996536, -0.3200000000000471911 ) ) ;
#5087 = ORIENTED_EDGE ( 'NONE', *, *, #4145, .T. ) ;
#5088 = FACE_OUTER_BOUND ( 'NONE', #1230, .T. ) ;
#5089 = EDGE_LOOP ( 'NONE', ( #774, #2926, #760, #3823 ) ) ;
#5090 = CARTESIAN_POINT ( 'NONE',  ( 7.179999999999998828, -1.478786193736007393, 0.6061617746083811653 ) ) ;
#5091 = DIRECTION ( 'NONE',  ( 0.000000000000000000, 0.000000000000000000, 1.000000000000000000 ) ) ;
#5092 = DIRECTION ( 'NONE',  ( -0.000000000000000000, 1.000000000000000000, 0.000000000000000000 ) ) ;
#5093 = APPLICATION_PROTOCOL_DEFINITION ( 'draft international standard', 'automotive_design', 1998, #4024 ) ;
#5094 = CARTESIAN_POINT ( 'NONE',  ( 2.819999999999998952, -4.305096679918778868, -0.3200000000000471911 ) ) ;
#5095 = ORIENTED_EDGE ( 'NONE', *, *, #4894, .T. ) ;
#5096 = CARTESIAN_POINT ( 'NONE',  ( 0.000000000000000000, 1.200000000000000622, -0.3199999999999651457 ) ) ;
#5097 = VECTOR ( 'NONE', #1511, 1000.000000000000000 ) ;
#5098 = VECTOR ( 'NONE', #2352, 1000.000000000000000 ) ;
#5099 = VERTEX_POINT ( 'NONE', #111 ) ;
#5100 = ORIENTED_EDGE ( 'NONE', *, *, #5675, .F. ) ;
#5101 = CARTESIAN_POINT ( 'NONE',  ( 7.179999999999998828, -1.699999999999999956, -0.1000000000000999811 ) ) ;
#5102 = AXIS2_PLACEMENT_3D ( 'NONE', #2759, #4589, #466 ) ;
#5103 = CARTESIAN_POINT ( 'NONE',  ( -0.6499999999999978018, 7.000000000000000000, -1.940000000000000835 ) ) ;
#5104 = LINE ( 'NONE', #2747, #972 ) ;
#5105 = EDGE_LOOP ( 'NONE', ( #4225, #3770, #2371, #693, #4803 ) ) ;
#5106 = AXIS2_PLACEMENT_3D ( 'NONE', #5792, #2612, #3434 ) ;
#5107 = FACE_OUTER_BOUND ( 'NONE', #2459, .T. ) ;
#5108 = ADVANCED_FACE ( 'NONE', ( #601 ), #4357, .T. ) ;
#5109 = MANIFOLD_SOLID_BREP ( 'Pin 2', #1530 ) ;
#5110 = VECTOR ( 'NONE', #4075, 1000.000000000000000 ) ;
#5111 = CARTESIAN_POINT ( 'NONE',  ( 0.6499999999999952482, 0.000000000000000000, -2.350000000000000089 ) ) ;
#5112 = AXIS2_PLACEMENT_3D ( 'NONE', #5454, #1866, #2256 ) ;
#5113 = EDGE_CURVE ( 'NONE', #1941, #3203, #5297, .T. ) ;
#5114 = ADVANCED_FACE ( 'NONE', ( #1537 ), #5215, .F. ) ;
#5115 = CARTESIAN_POINT ( 'NONE',  ( -0.3199999999999886824, 1.200000000000000622, 0.000000000000000000 ) ) ;
#5116 = ORIENTED_EDGE ( 'NONE', *, *, #1743, .T. ) ;
#5117 = CARTESIAN_POINT ( 'NONE',  ( 7.179999999999998828, -2.849999999999999645, 0.4199999999999015632 ) ) ;
#5118 = ADVANCED_FACE ( 'NONE', ( #1569 ), #5367, .F. ) ;
#5119 = ORIENTED_EDGE ( 'NONE', *, *, #424, .F. ) ;
#5120 = DIRECTION ( 'NONE',  ( -0.9396926207859096492, -0.3420201433256653822, -0.000000000000000000 ) ) ;
#5121 = EDGE_CURVE ( 'NONE', #5544, #2296, #2406, .T. ) ;
#5122 = EDGE_CURVE ( 'NONE', #5592, #3262, #1180, .T. ) ;
#5123 = DIRECTION ( 'NONE',  ( 1.000000000000000000, 0.000000000000000000, -8.470329472543004623E-17 ) ) ;
#5124 = CARTESIAN_POINT ( 'NONE',  ( -0.2108089297201409806, 6.800000000000000711, 0.3199999999999012523 ) ) ;
#5125 = ORIENTED_EDGE ( 'NONE', *, *, #5556, .T. ) ;
#5126 = DIRECTION ( 'NONE',  ( -1.000000000000000000, 0.000000000000000000, 0.000000000000000000 ) ) ;
#5127 = EDGE_CURVE ( 'NONE', #935, #3355, #435, .T. ) ;
#5128 = ORIENTED_EDGE ( 'NONE', *, *, #4055, .F. ) ;
#5129 = CARTESIAN_POINT ( 'NONE',  ( -1.600000000000000089, -1.500000000000000000, 2.000000000000000000 ) ) ;
#5130 = CARTESIAN_POINT ( 'NONE',  ( 7.179999999999998828, -1.729893757603242044, -0.004572733161116324108 ) ) ;
#5131 = EDGE_CURVE ( 'NONE', #5058, #1100, #868, .T. ) ;
#5132 = DIRECTION ( 'NONE',  ( 0.000000000000000000, 0.000000000000000000, 1.000000000000000000 ) ) ;
#5133 = PLANE ( 'NONE',  #862 ) ;
#5134 = EDGE_LOOP ( 'NONE', ( #4583, #1649, #4696, #1860 ) ) ;
#5135 = CARTESIAN_POINT ( 'NONE',  ( 4.680000000000001492, 0.000000000000000000, -0.3200000000000000622 ) ) ;
#5136 = EDGE_CURVE ( 'NONE', #3267, #5031, #2588, .T. ) ;
#5137 = ORIENTED_EDGE ( 'NONE', *, *, #4553, .T. ) ;
#5138 = ORIENTED_EDGE ( 'NONE', *, *, #4078, .T. ) ;
#5139 = FACE_OUTER_BOUND ( 'NONE', #4169, .T. ) ;
#5140 = CARTESIAN_POINT ( 'NONE',  ( -1.750000000000000666, 0.5000000000000000000, -1.649999999999999911 ) ) ;
#5141 = CARTESIAN_POINT ( 'NONE',  ( 0.000000000000000000, 0.5000000000000000000, 0.3200000000000349232 ) ) ;
#5142 = ORIENTED_EDGE ( 'NONE', *, *, #3960, .T. ) ;
#5143 = CARTESIAN_POINT ( 'NONE',  ( 9.949999999999999289, 5.250000000000000888, -0.6249999999999991118 ) ) ;
#5144 = CARTESIAN_POINT ( 'NONE',  ( 9.949999999999999289, 7.000000000000000000, 3.001825841038126819E-15 ) ) ;
#5145 = VECTOR ( 'NONE', #3144, 1000.000000000000000 ) ;
#5146 =( GEOMETRIC_REPRESENTATION_CONTEXT ( 3 ) GLOBAL_UNCERTAINTY_ASSIGNED_CONTEXT ( ( #1178 ) ) GLOBAL_UNIT_ASSIGNED_CONTEXT ( ( #5661, #1957, #563 ) ) REPRESENTATION_CONTEXT ( 'NONE', 'WORKASPACE' ) );
#5147 = VERTEX_POINT ( 'NONE', #3021 ) ;
#5148 = LINE ( 'NONE', #155, #2293 ) ;
#5149 = ORIENTED_EDGE ( 'NONE', *, *, #1793, .T. ) ;
#5150 = DIRECTION ( 'NONE',  ( -5.757910262048282931E-16, -0.2989375760324216591, -0.9542726683898372642 ) ) ;
#5151 = VECTOR ( 'NONE', #1404, 1000.000000000000000 ) ;
#5152 = DIRECTION ( 'NONE',  ( -0.000000000000000000, 1.000000000000000000, -0.000000000000000000 ) ) ;
#5153 = AXIS2_PLACEMENT_3D ( 'NONE', #2654, #362, #1222 ) ;
#5154 = DIRECTION ( 'NONE',  ( 0.000000000000000000, 0.000000000000000000, 1.000000000000000000 ) ) ;
#5155 = ADVANCED_FACE ( 'NONE', ( #813 ), #3501, .T. ) ;
#5156 = ORIENTED_EDGE ( 'NONE', *, *, #552, .T. ) ;
#5157 = LINE ( 'NONE', #598, #1008 ) ;
#5158 = VERTEX_POINT ( 'NONE', #5341 ) ;
#5159 = DIRECTION ( 'NONE',  ( 0.000000000000000000, -0.000000000000000000, -1.000000000000000000 ) ) ;
#5160 =( NAMED_UNIT ( * ) SI_UNIT ( $, .STERADIAN. ) SOLID_ANGLE_UNIT ( ) );
#5161 = LINE ( 'NONE', #1024, #3087 ) ;
#5162 = ORIENTED_EDGE ( 'NONE', *, *, #1039, .F. ) ;
#5163 = DIRECTION ( 'NONE',  ( -1.000000000000000000, 0.000000000000000000, 0.000000000000000000 ) ) ;
#5164 = EDGE_LOOP ( 'NONE', ( #2795, #2274, #2190, #2241 ) ) ;
#5165 = ORIENTED_EDGE ( 'NONE', *, *, #4994, .F. ) ;
#5166 = CARTESIAN_POINT ( 'NONE',  ( -0.3199999999999886824, 0.5000000000000000000, 0.3200000000000524092 ) ) ;
#5167 = CARTESIAN_POINT ( 'NONE',  ( 7.722244187496450252, 6.768581887473939851, 0.2222441874963525799 ) ) ;
#5168 = DIRECTION ( 'NONE',  ( 1.000000000000000000, 0.000000000000000000, 0.000000000000000000 ) ) ;
#5169 = VERTEX_POINT ( 'NONE', #2196 ) ;
#5170 = LINE ( 'NONE', #585, #3423 ) ;
#5171 = AXIS2_PLACEMENT_3D ( 'NONE', #386, #3602, #2806 ) ;
#5172 = ORIENTED_EDGE ( 'NONE', *, *, #1368, .T. ) ;
#5173 = LINE ( 'NONE', #525, #555 ) ;
#5174 = AXIS2_PLACEMENT_3D ( 'NONE', #5143, #1005, #2845 ) ;
#5175 = ORIENTED_EDGE ( 'NONE', *, *, #4183, .T. ) ;
#5176 = LINE ( 'NONE', #2433, #2662 ) ;
#5177 = AXIS2_PLACEMENT_3D ( 'NONE', #4038, #5285, #3028 ) ;
#5178 = VECTOR ( 'NONE', #4420, 1000.000000000000000 ) ;
#5179 = DIRECTION ( 'NONE',  ( -0.000000000000000000, -1.000000000000000000, -0.000000000000000000 ) ) ;
#5180 = CARTESIAN_POINT ( 'NONE',  ( -0.2108089297201401202, 6.800000000000000711, 0.2108089297200405610 ) ) ;
#5181 = VERTEX_POINT ( 'NONE', #4839 ) ;
#5182 = LINE ( 'NONE', #1448, #3489 ) ;
#5183 = ORIENTED_EDGE ( 'NONE', *, *, #5824, .F. ) ;
#5184 = LINE ( 'NONE', #2856, #4203 ) ;
#5185 = VECTOR ( 'NONE', #860, 1000.000000000000000 ) ;
#5186 = AXIS2_PLACEMENT_3D ( 'NONE', #417, #4097, #3661 ) ;
#5187 = DIRECTION ( 'NONE',  ( 0.000000000000000000, 1.000000000000000000, -0.000000000000000000 ) ) ;
#5188 = VECTOR ( 'NONE', #2935, 1000.000000000000000 ) ;
#5189 = ORIENTED_EDGE ( 'NONE', *, *, #3437, .T. ) ;
#5190 = CARTESIAN_POINT ( 'NONE',  ( 0.3200000000000008393, -2.849999999999999201, -0.3200000000000998157 ) ) ;
#5191 = ORIENTED_EDGE ( 'NONE', *, *, #4956, .T. ) ;
#5192 = ORIENTED_EDGE ( 'NONE', *, *, #97, .T. ) ;
#5193 = ADVANCED_FACE ( 'NONE', ( #3532 ), #3110, .F. ) ;
#5194 = PLANE ( 'NONE',  #1717 ) ;
#5195 = CARTESIAN_POINT ( 'NONE',  ( 0.000000000000000000, 0.000000000000000000, 0.000000000000000000 ) ) ;
#5196 = DIRECTION ( 'NONE',  ( 1.000000000000000000, 0.000000000000000000, 0.000000000000000000 ) ) ;
#5197 = ADVANCED_FACE ( 'NONE', ( #288 ), #1661, .F. ) ;
#5198 = ORIENTED_EDGE ( 'NONE', *, *, #3654, .F. ) ;
#5199 = LINE ( 'NONE', #1645, #4463 ) ;
#5200 = VECTOR ( 'NONE', #4434, 1000.000000000000000 ) ;
#5201 = VECTOR ( 'NONE', #4007, 1000.000000000000000 ) ;
#5202 = AXIS2_PLACEMENT_3D ( 'NONE', #2793, #4648, #2701 ) ;
#5203 = ORIENTED_EDGE ( 'NONE', *, *, #3026, .T. ) ;
#5204 = CARTESIAN_POINT ( 'NONE',  ( 3.149999999999996358, 0.8000000000000000444, 2.699999999999993960 ) ) ;
#5205 = EDGE_CURVE ( 'NONE', #4793, #3179, #2167, .T. ) ;
#5206 = EDGE_LOOP ( 'NONE', ( #2896, #4285, #5156, #3674, #946 ) ) ;
#5207 = DIRECTION ( 'NONE',  ( 1.000000000000000000, 0.000000000000000000, 0.000000000000000000 ) ) ;
#5208 = VECTOR ( 'NONE', #1578, 1000.000000000000000 ) ;
#5209 = CARTESIAN_POINT ( 'NONE',  ( 7.500000000000000888, 3.999999999999998224, -1.650000000000000355 ) ) ;
#5210 = LINE ( 'NONE', #987, #3506 ) ;
#5211 = ORIENTED_EDGE ( 'NONE', *, *, #4441, .F. ) ;
#5212 = LINE ( 'NONE', #4176, #2840 ) ;
#5213 = ORIENTED_EDGE ( 'NONE', *, *, #4706, .F. ) ;
#5214 = LINE ( 'NONE', #4294, #3547 ) ;
#5215 = PLANE ( 'NONE',  #1640 ) ;
#5216 = DIRECTION ( 'NONE',  ( 1.000000000000000000, -0.000000000000000000, -6.033820786006286703E-16 ) ) ;
#5217 = EDGE_LOOP ( 'NONE', ( #5241, #3411, #4797, #21 ) ) ;
#5218 = CARTESIAN_POINT ( 'NONE',  ( 4.789191070279859908, 6.800000000000000711, 0.000000000000000000 ) ) ;
#5219 = ORIENTED_EDGE ( 'NONE', *, *, #2781, .F. ) ;
#5220 = ORIENTED_EDGE ( 'NONE', *, *, #4920, .T. ) ;
#5221 = DIRECTION ( 'NONE',  ( -1.000000000000000000, -1.368455531567204475E-48, -6.033820786006286703E-16 ) ) ;
#5222 = EDGE_CURVE ( 'NONE', #4812, #3234, #2642, .T. ) ;
#5223 = DIRECTION ( 'NONE',  ( 0.000000000000000000, 0.9542726683898372642, 0.2989375760324216036 ) ) ;
#5224 = DIRECTION ( 'NONE',  ( 0.000000000000000000, -1.000000000000000000, 0.000000000000000000 ) ) ;
#5225 = ORIENTED_EDGE ( 'NONE', *, *, #4956, .F. ) ;
#5226 = CARTESIAN_POINT ( 'NONE',  ( 6.849999999999999645, 0.8000000000000000444, 2.699999999999994849 ) ) ;
#5227 = DIRECTION ( 'NONE',  ( 1.000000000000000000, 0.000000000000000000, -0.000000000000000000 ) ) ;
#5228 = CARTESIAN_POINT ( 'NONE',  ( 2.820000000000008278, 0.000000000000000000, 0.3200000000000349232 ) ) ;
#5229 = EDGE_CURVE ( 'NONE', #5331, #3207, #4450, .T. ) ;
#5230 = VECTOR ( 'NONE', #927, 1000.000000000000114 ) ;
#5231 = EDGE_LOOP ( 'NONE', ( #1865, #1943, #1754, #3562 ) ) ;
#5232 = DIRECTION ( 'NONE',  ( 1.239088197126291852E-15, -0.000000000000000000, -1.000000000000000000 ) ) ;
#5233 = ORIENTED_EDGE ( 'NONE', *, *, #4048, .F. ) ;
#5234 = LINE ( 'NONE', #45, #749 ) ;
#5235 = AXIS2_PLACEMENT_3D ( 'NONE', #2376, #3767, #5606 ) ;
#5236 = CARTESIAN_POINT ( 'NONE',  ( -2.450000000000000178, 7.000000000000000000, 3.695715231428850840E-16 ) ) ;
#5237 = VECTOR ( 'NONE', #4003, 1000.000000000000114 ) ;
#5238 = DIRECTION ( 'NONE',  ( -0.8660254037844389297, 0.4999999999999996114, -3.453596778706115016E-16 ) ) ;
#5239 = ORIENTED_EDGE ( 'NONE', *, *, #3567, .F. ) ;
#5240 = CYLINDRICAL_SURFACE ( 'NONE', #1304, 0.09999999999999993616 ) ;
#5241 = ORIENTED_EDGE ( 'NONE', *, *, #138, .T. ) ;
#5242 = DIRECTION ( 'NONE',  ( 5.669936867754744448E-16, -0.3420201433256655488, 0.9396926207859096492 ) ) ;
#5243 = VECTOR ( 'NONE', #216, 1000.000000000000000 ) ;
#5244 = DIRECTION ( 'NONE',  ( 1.000000000000000000, 0.000000000000000000, -0.000000000000000000 ) ) ;
#5245 = FACE_OUTER_BOUND ( 'NONE', #3201, .T. ) ;
#5246 = ORIENTED_EDGE ( 'NONE', *, *, #2097, .T. ) ;
#5247 = LINE ( 'NONE', #1457, #3129 ) ;
#5248 = AXIS2_PLACEMENT_3D ( 'NONE', #3250, #36, #1403 ) ;
#5249 = ORIENTED_EDGE ( 'NONE', *, *, #764, .F. ) ;
#5250 = EDGE_LOOP ( 'NONE', ( #5116, #1573 ) ) ;
#5251 = CARTESIAN_POINT ( 'NONE',  ( -0.3200000000000008393, -2.849999999999999645, 0.3199999999999011968 ) ) ;
#5252 = DIRECTION ( 'NONE',  ( 0.000000000000000000, 0.000000000000000000, 1.000000000000000000 ) ) ;
#5253 = LINE ( 'NONE', #4340, #5208 ) ;
#5254 = ORIENTED_EDGE ( 'NONE', *, *, #2198, .T. ) ;
#5255 = DIRECTION ( 'NONE',  ( -0.000000000000000000, 0.000000000000000000, -1.000000000000000000 ) ) ;
#5256 = EDGE_CURVE ( 'NONE', #1651, #145, #4506, .T. ) ;
#5257 = FACE_OUTER_BOUND ( 'NONE', #1486, .T. ) ;
#5258 = LINE ( 'NONE', #2483, #5347 ) ;
#5259 = PRODUCT_DEFINITION ( 'UNKNOWN', '', #193, #5591 ) ;
#5260 = EDGE_CURVE ( 'NONE', #3932, #4218, #1750, .T. ) ;
#5261 = ORIENTED_EDGE ( 'NONE', *, *, #5931, .F. ) ;
#5262 = PLANE ( 'NONE',  #457 ) ;
#5263 = ORIENTED_EDGE ( 'NONE', *, *, #3645, .T. ) ;
#5264 = DIRECTION ( 'NONE',  ( 1.000000000000000000, -0.000000000000000000, 0.000000000000000000 ) ) ;
#5265 = EDGE_CURVE ( 'NONE', #3267, #284, #3560, .T. ) ;
#5266 = DIRECTION ( 'NONE',  ( 1.000000000000000000, -0.000000000000000000, -6.033820786006286703E-16 ) ) ;
#5267 = DIRECTION ( 'NONE',  ( -4.292327424963297995E-15, 0.8660254037844389297, -0.4999999999999996114 ) ) ;
#5268 = EDGE_CURVE ( 'NONE', #2233, #4631, #3592, .T. ) ;
#5269 = ADVANCED_FACE ( 'NONE', ( #1296 ), #3143, .F. ) ;
#5270 = EDGE_LOOP ( 'NONE', ( #1781, #909, #212, #319, #5553 ) ) ;
#5271 = FACE_OUTER_BOUND ( 'NONE', #240, .T. ) ;
#5272 = VERTEX_POINT ( 'NONE', #4171 ) ;
#5273 = LINE ( 'NONE', #1659, #5178 ) ;
#5274 = AXIS2_PLACEMENT_3D ( 'NONE', #2682, #3214, #936 ) ;
#5275 = ADVANCED_FACE ( 'NONE', ( #1776 ), #46, .F. ) ;
#5276 = EDGE_CURVE ( 'NONE', #5602, #545, #2729, .T. ) ;
#5277 = AXIS2_PLACEMENT_3D ( 'NONE', #4235, #5120, #2913 ) ;
#5278 = FILL_AREA_STYLE ('',( #1054 ) ) ;
#5279 = CARTESIAN_POINT ( 'NONE',  ( -0.6499999999999978018, 6.500000000000000888, -2.350000000000000089 ) ) ;
#5280 = EDGE_LOOP ( 'NONE', ( #73, #1060, #610, #4954 ) ) ;
#5281 = CARTESIAN_POINT ( 'NONE',  ( 1.849999999999996536, 0.8000000000000000444, 2.699999999999993960 ) ) ;
#5282 = VERTEX_POINT ( 'NONE', #1323 ) ;
#5283 = EDGE_LOOP ( 'NONE', ( #5037, #4781, #4175, #2201 ) ) ;
#5284 = VECTOR ( 'NONE', #4109, 1000.000000000000000 ) ;
#5285 = DIRECTION ( 'NONE',  ( 0.000000000000000000, 0.000000000000000000, -1.000000000000000000 ) ) ;
#5286 = LINE ( 'NONE', #180, #520 ) ;
#5287 = VECTOR ( 'NONE', #4702, 1000.000000000000000 ) ;
#5288 = LINE ( 'NONE', #1156, #486 ) ;
#5289 = VERTEX_POINT ( 'NONE', #528 ) ;
#5290 = CARTESIAN_POINT ( 'NONE',  ( 0.3199999999999991185, -3.099999999999996536, 0.3199999999999015854 ) ) ;
#5291 = CARTESIAN_POINT ( 'NONE',  ( 0.6499999999999978018, 1.200000000000000622, -1.649999999999999911 ) ) ;
#5292 = CARTESIAN_POINT ( 'NONE',  ( 0.3199999999999991185, -3.399999999999999911, -0.3200000000000999822 ) ) ;
#5293 = DIRECTION ( 'NONE',  ( -0.4999999999999996114, -0.8660254037844389297, 2.146163712481658365E-16 ) ) ;
#5294 = VERTEX_POINT ( 'NONE', #1863 ) ;
#5295 = PLANE ( 'NONE',  #263 ) ;
#5296 = AXIS2_PLACEMENT_3D ( 'NONE', #2830, #3297, #992 ) ;
#5297 = CIRCLE ( 'NONE', #4230, 0.09999999999999999167 ) ;
#5298 = EDGE_LOOP ( 'NONE', ( #5198, #3651, #4243, #1816 ) ) ;
#5299 = DIRECTION ( 'NONE',  ( 1.000000000000000000, 4.956352788505144532E-15, -0.000000000000000000 ) ) ;
#5300 = EDGE_CURVE ( 'NONE', #5435, #5099, #3174, .T. ) ;
#5301 = VECTOR ( 'NONE', #3879, 1000.000000000000000 ) ;
#5302 = LINE ( 'NONE', #797, #2790 ) ;
#5303 = EDGE_CURVE ( 'NONE', #1489, #891, #5684, .T. ) ;
#5304 = DIRECTION ( 'NONE',  ( 0.000000000000000000, 1.000000000000000000, -0.000000000000000000 ) ) ;
#5305 = ORIENTED_EDGE ( 'NONE', *, *, #552, .F. ) ;
#5306 = CARTESIAN_POINT ( 'NONE',  ( 5.319999999999999396, -3.099999999999996536, 0.3199999999999527667 ) ) ;
#5307 = EDGE_CURVE ( 'NONE', #4576, #5294, #404, .T. ) ;
#5308 = ORIENTED_EDGE ( 'NONE', *, *, #24, .F. ) ;
#5309 = DIRECTION ( 'NONE',  ( 0.000000000000000000, 0.000000000000000000, 1.000000000000000000 ) ) ;
#5310 = VECTOR ( 'NONE', #2760, 1000.000000000000000 ) ;
#5311 = VECTOR ( 'NONE', #822, 1000.000000000000000 ) ;
#5312 = EDGE_CURVE ( 'NONE', #1719, #2732, #3205, .T. ) ;
#5313 = EDGE_CURVE ( 'NONE', #4558, #335, #1409, .T. ) ;
#5314 = DIRECTION ( 'NONE',  ( 0.8660254037844383745, 0.5000000000000006661, -1.726798389353056522E-16 ) ) ;
#5315 = ADVANCED_FACE ( 'NONE', ( #3621 ), #1835, .F. ) ;
#5316 = LINE ( 'NONE', #4424, #3098 ) ;
#5317 = ORIENTED_EDGE ( 'NONE', *, *, #4560, .F. ) ;
#5318 = DIRECTION ( 'NONE',  ( -1.000000000000000000, 0.000000000000000000, 0.000000000000000000 ) ) ;
#5319 = ORIENTED_EDGE ( 'NONE', *, *, #1434, .T. ) ;
#5320 = DIRECTION ( 'NONE',  ( 0.000000000000000000, 0.000000000000000000, 1.000000000000000000 ) ) ;
#5321 = CARTESIAN_POINT ( 'NONE',  ( 5.337610695313300294E-15, 4.000000000000000000, 5.969556544854365931 ) ) ;
#5322 = EDGE_CURVE ( 'NONE', #5363, #5849, #1804, .T. ) ;
#5323 = CARTESIAN_POINT ( 'NONE',  ( 0.000000000000000000, 1.200000000000000622, -1.649999999999999911 ) ) ;
#5324 = ORIENTED_EDGE ( 'NONE', *, *, #5942, .F. ) ;
#5325 = DIRECTION ( 'NONE',  ( 1.000000000000000000, 0.000000000000000000, 0.000000000000000000 ) ) ;
#5326 = CARTESIAN_POINT ( 'NONE',  ( -1.750000000000000222, 1.200000000000000622, -0.1249999999999984596 ) ) ;
#5327 = LINE ( 'NONE', #642, #2399 ) ;
#5328 = DIRECTION ( 'NONE',  ( 1.000000000000000000, 0.000000000000000000, 0.000000000000000000 ) ) ;
#5329 = ORIENTED_EDGE ( 'NONE', *, *, #2874, .F. ) ;
#5330 = LINE ( 'NONE', #1196, #1334 ) ;
#5331 = VERTEX_POINT ( 'NONE', #1353 ) ;
#5332 = CARTESIAN_POINT ( 'NONE',  ( 0.3199999999999991185, -2.849999999999999645, 0.3199999999999015854 ) ) ;
#5333 = DIRECTION ( 'NONE',  ( -0.4472135954999575391, -0.7745966692414838484, -0.4472135954999577612 ) ) ;
#5334 = ORIENTED_EDGE ( 'NONE', *, *, #103, .F. ) ;
#5335 = CARTESIAN_POINT ( 'NONE',  ( 0.3199999999999991185, 6.800000000000000711, 0.3199999999999015854 ) ) ;
#5336 = ADVANCED_FACE ( 'NONE', ( #5017 ), #2340, .T. ) ;
#5337 = ORIENTED_EDGE ( 'NONE', *, *, #984, .F. ) ;
#5338 = DIRECTION ( 'NONE',  ( 6.033820786006285717E-16, 0.000000000000000000, 1.000000000000000000 ) ) ;
#5339 = VECTOR ( 'NONE', #5267, 1000.000000000000000 ) ;
#5340 = VECTOR ( 'NONE', #291, 1000.000000000000000 ) ;
#5341 = CARTESIAN_POINT ( 'NONE',  ( 5.649999999999997691, 0.000000000000000000, -2.350000000000000089 ) ) ;
#5342 = CARTESIAN_POINT ( 'NONE',  ( 5.319999999999999396, 6.499999999999997335, 0.3199999999999527667 ) ) ;
#5343 = VERTEX_POINT ( 'NONE', #433 ) ;
#5344 = DIRECTION ( 'NONE',  ( -1.000000000000000000, 0.000000000000000000, 0.000000000000000000 ) ) ;
#5345 = VERTEX_POINT ( 'NONE', #5574 ) ;
#5346 = CARTESIAN_POINT ( 'NONE',  ( -0.6499999999999978018, 6.500000000000000888, 5.969556544854365931 ) ) ;
#5347 = VECTOR ( 'NONE', #674, 1000.000000000000000 ) ;
#5348 = DIRECTION ( 'NONE',  ( 0.000000000000000000, 0.000000000000000000, 1.000000000000000000 ) ) ;
#5349 = AXIS2_PLACEMENT_3D ( 'NONE', #3360, #2929, #2900 ) ;
#5350 = AXIS2_PLACEMENT_3D ( 'NONE', #2014, #5663, #2889 ) ;
#5351 = ORIENTED_EDGE ( 'NONE', *, *, #885, .F. ) ;
#5352 = DIRECTION ( 'NONE',  ( -1.000000000000000000, 0.000000000000000000, -6.033820786006286703E-16 ) ) ;
#5353 = EDGE_CURVE ( 'NONE', #2808, #3618, #4116, .T. ) ;
#5354 = LINE ( 'NONE', #1219, #1345 ) ;
#5355 = LINE ( 'NONE', #4791, #5188 ) ;
#5356 = LINE ( 'NONE', #4972, #2453 ) ;
#5357 = ORIENTED_EDGE ( 'NONE', *, *, #1260, .F. ) ;
#5358 = CARTESIAN_POINT ( 'NONE',  ( 8.150000000000002132, 0.000000000000000000, 5.969556544854365931 ) ) ;
#5359 = ORIENTED_EDGE ( 'NONE', *, *, #3379, .F. ) ;
#5360 = CARTESIAN_POINT ( 'NONE',  ( 0.3200000000000129963, 0.5000000000000000000, -0.3199999999999477152 ) ) ;
#5361 = VERTEX_POINT ( 'NONE', #2822 ) ;
#5362 = DIRECTION ( 'NONE',  ( 3.987870059716798780E-16, 0.000000000000000000, -1.000000000000000000 ) ) ;
#5363 = VERTEX_POINT ( 'NONE', #2375 ) ;
#5364 = DIRECTION ( 'NONE',  ( -0.000000000000000000, 0.000000000000000000, 1.000000000000000000 ) ) ;
#5365 = VERTEX_POINT ( 'NONE', #3676 ) ;
#5366 = CARTESIAN_POINT ( 'NONE',  ( 2.289191070279859908, -3.399999999999999911, -0.3200000000000999822 ) ) ;
#5367 = PLANE ( 'NONE',  #4993 ) ;
#5368 = LINE ( 'NONE', #5342, #4904 ) ;
#5369 = ORIENTED_EDGE ( 'NONE', *, *, #2755, .T. ) ;
#5370 = DIRECTION ( 'NONE',  ( 0.000000000000000000, 1.000000000000000000, 0.000000000000000000 ) ) ;
#5371 = ORIENTED_EDGE ( 'NONE', *, *, #5136, .T. ) ;
#5372 = DIRECTION ( 'NONE',  ( -1.993935029858399390E-16, 0.000000000000000000, -1.000000000000000000 ) ) ;
#5373 = VECTOR ( 'NONE', #3999, 1000.000000000000000 ) ;
#5374 = EDGE_CURVE ( 'NONE', #1579, #4631, #5510, .T. ) ;
#5375 = DIRECTION ( 'NONE',  ( -0.000000000000000000, 0.000000000000000000, 1.000000000000000000 ) ) ;
#5376 = DIRECTION ( 'NONE',  ( 1.000000000000000000, 0.000000000000000000, -0.000000000000000000 ) ) ;
#5377 = VECTOR ( 'NONE', #1590, 1000.000000000000000 ) ;
#5378 = EDGE_LOOP ( 'NONE', ( #5078, #3970, #297, #5898 ) ) ;
#5379 = LINE ( 'NONE', #1248, #4485 ) ;
#5380 = ADVANCED_FACE ( 'NONE', ( #5048 ), #926, .F. ) ;
#5381 = DIRECTION ( 'NONE',  ( 6.033820786006285717E-16, 0.000000000000000000, -1.000000000000000000 ) ) ;
#5382 = DIRECTION ( 'NONE',  ( 5.421010862427522170E-16, 0.000000000000000000, -1.000000000000000000 ) ) ;
#5383 = VECTOR ( 'NONE', #5232, 1000.000000000000000 ) ;
#5384 = EDGE_CURVE ( 'NONE', #5343, #325, #2314, .T. ) ;
#5385 = LINE ( 'NONE', #796, #3807 ) ;
#5386 = VECTOR ( 'NONE', #1062, 1000.000000000000000 ) ;
#5387 = EDGE_CURVE ( 'NONE', #5954, #1651, #3703, .T. ) ;
#5388 = EDGE_LOOP ( 'NONE', ( #4924, #2013, #921, #1449 ) ) ;
#5389 = FACE_OUTER_BOUND ( 'NONE', #4241, .T. ) ;
#5390 = CARTESIAN_POINT ( 'NONE',  ( 6.850000000000000533, 7.000000000000000000, 5.969556544854365931 ) ) ;
#5391 = VECTOR ( 'NONE', #4913, 1000.000000000000000 ) ;
#5392 = EDGE_CURVE ( 'NONE', #460, #2647, #1956, .T. ) ;
#5393 = DIRECTION ( 'NONE',  ( -1.000000000000000000, 0.000000000000000000, -6.033820786006286703E-16 ) ) ;
#5394 = ORIENTED_EDGE ( 'NONE', *, *, #3749, .T. ) ;
#5395 = DIRECTION ( 'NONE',  ( 0.000000000000000000, 0.000000000000000000, -1.000000000000000000 ) ) ;
#5396 = ORIENTED_EDGE ( 'NONE', *, *, #5322, .F. ) ;
#5397 = LINE ( 'NONE', #783, #3731 ) ;
#5398 = AXIS2_PLACEMENT_3D ( 'NONE', #5826, #3050, #259 ) ;
#5399 = AXIS2_PLACEMENT_3D ( 'NONE', #5639, #4777, #1022 ) ;
#5400 = CARTESIAN_POINT ( 'NONE',  ( 6.849999999999998757, 0.8000000000000000444, 3.399999999999994138 ) ) ;
#5401 = CARTESIAN_POINT ( 'NONE',  ( 0.3200000000000129963, 0.5000000000000000000, 0.000000000000000000 ) ) ;
#5402 = ORIENTED_EDGE ( 'NONE', *, *, #4735, .T. ) ;
#5403 = LINE ( 'NONE', #4874, #3513 ) ;
#5404 = VECTOR ( 'NONE', #2615, 1000.000000000000000 ) ;
#5405 = VERTEX_POINT ( 'NONE', #194 ) ;
#5406 = VECTOR ( 'NONE', #1753, 1000.000000000000000 ) ;
#5407 = DIRECTION ( 'NONE',  ( 0.000000000000000000, 1.000000000000000000, 0.000000000000000000 ) ) ;
#5408 = LINE ( 'NONE', #1244, #3944 ) ;
#5409 = VECTOR ( 'NONE', #3852, 1000.000000000000000 ) ;
#5410 = ORIENTED_EDGE ( 'NONE', *, *, #1186, .T. ) ;
#5411 = LINE ( 'NONE', #1158, #2668 ) ;
#5412 = PLANE ( 'NONE',  #2595 ) ;
#5413 = CARTESIAN_POINT ( 'NONE',  ( -1.749999999999999778, 5.250000000000000888, -1.124999999999999334 ) ) ;
#5414 = CARTESIAN_POINT ( 'NONE',  ( 0.3199999999999991185, -3.099999999999996536, -0.3200000000001000378 ) ) ;
#5415 = CARTESIAN_POINT ( 'NONE',  ( 8.150000000000000355, 7.000000000000000000, -1.939999999999999059 ) ) ;
#5416 = CARTESIAN_POINT ( 'NONE',  ( 4.349999999999996980, 0.8000000000000000444, 3.399999999999994138 ) ) ;
#5417 = EDGE_CURVE ( 'NONE', #5289, #4428, #3794, .T. ) ;
#5418 = CARTESIAN_POINT ( 'NONE',  ( -3.108766318521322613E-14, 6.800000000000000711, -0.2108089297194019329 ) ) ;
#5419 = EDGE_CURVE ( 'NONE', #891, #4143, #78, .T. ) ;
#5420 = PRODUCT_DEFINITION_SHAPE ( 'NONE', 'NONE',  #5259 ) ;
#5421 = CARTESIAN_POINT ( 'NONE',  ( -1.600000000000000089, -1.500000000000000000, 2.000000000000000000 ) ) ;
#5422 = ORIENTED_EDGE ( 'NONE', *, *, #734, .F. ) ;
#5423 = DIRECTION ( 'NONE',  ( 1.000000000000000000, 0.000000000000000000, 6.033820786006286703E-16 ) ) ;
#5424 = ORIENTED_EDGE ( 'NONE', *, *, #4967, .F. ) ;
#5425 = CARTESIAN_POINT ( 'NONE',  ( 7.289191070279859908, 6.800000000000000711, 0.2108089297200408385 ) ) ;
#5426 = DIRECTION ( 'NONE',  ( 1.000000000000000000, 0.000000000000000000, -1.474684361169736890E-13 ) ) ;
#5427 = CARTESIAN_POINT ( 'NONE',  ( 7.710808929720137428, -3.399999999999999911, -0.2108089297202396517 ) ) ;
#5428 = EDGE_LOOP ( 'NONE', ( #380, #4765, #3019, #2283, #2403 ) ) ;
#5429 = DIRECTION ( 'NONE',  ( 6.033820786006285717E-16, 0.000000000000000000, 1.000000000000000000 ) ) ;
#5430 = VERTEX_POINT ( 'NONE', #5630 ) ;
#5431 = DIRECTION ( 'NONE',  ( 0.000000000000000000, 0.8660254037844389297, -0.4999999999999996114 ) ) ;
#5432 = LINE ( 'NONE', #3628, #771 ) ;
#5433 = VECTOR ( 'NONE', #1931, 1000.000000000000000 ) ;
#5434 = VECTOR ( 'NONE', #4426, 1000.000000000000000 ) ;
#5435 = VERTEX_POINT ( 'NONE', #1503 ) ;
#5436 = CARTESIAN_POINT ( 'NONE',  ( 7.179999999999998828, -1.670106242396757867, -0.004572733161116243443 ) ) ;
#5437 = ORIENTED_EDGE ( 'NONE', *, *, #4255, .T. ) ;
#5438 = CARTESIAN_POINT ( 'NONE',  ( -1.750000000000000666, 0.000000000000000000, -1.649999999999999911 ) ) ;
#5439 = VECTOR ( 'NONE', #4339, 1000.000000000000114 ) ;
#5440 = CIRCLE ( 'NONE', #521, 0.6500000000000000222 ) ;
#5441 = LINE ( 'NONE', #858, #5110 ) ;
#5442 = DIRECTION ( 'NONE',  ( -5.860552283705417060E-16, 0.000000000000000000, 1.000000000000000000 ) ) ;
#5443 = DIRECTION ( 'NONE',  ( 0.000000000000000000, 1.000000000000000000, 0.000000000000000000 ) ) ;
#5444 = LINE ( 'NONE', #2273, #2348 ) ;
#5445 = ORIENTED_EDGE ( 'NONE', *, *, #2172, .T. ) ;
#5446 = LINE ( 'NONE', #4142, #1426 ) ;
#5447 = ORIENTED_EDGE ( 'NONE', *, *, #2938, .F. ) ;
#5448 = PLANE ( 'NONE',  #5956 ) ;
#5449 = EDGE_CURVE ( 'NONE', #2910, #1656, #2944, .T. ) ;
#5450 = ADVANCED_FACE ( 'NONE', ( #3431 ), #4801, .F. ) ;
#5451 = DIRECTION ( 'NONE',  ( 0.9396926207859096492, -0.3420201433256653822, -0.000000000000000000 ) ) ;
#5452 = DIRECTION ( 'NONE',  ( 1.000000000000000000, -0.000000000000000000, 0.000000000000000000 ) ) ;
#5453 = ORIENTED_EDGE ( 'NONE', *, *, #2245, .T. ) ;
#5454 = CARTESIAN_POINT ( 'NONE',  ( 7.179999999999998828, -2.849999999999999201, 0.4199999999999015632 ) ) ;
#5455 = EDGE_LOOP ( 'NONE', ( #4517, #1678, #4638, #5022 ) ) ;
#5456 = DIRECTION ( 'NONE',  ( 0.000000000000000000, 1.000000000000000000, 0.000000000000000000 ) ) ;
#5457 = LINE ( 'NONE', #2176, #5201 ) ;
#5458 = FILL_AREA_STYLE ('',( #1246 ) ) ;
#5459 = VERTEX_POINT ( 'NONE', #651 ) ;
#5460 = LINE ( 'NONE', #2770, #1899 ) ;
#5461 = VECTOR ( 'NONE', #1554, 1000.000000000000000 ) ;
#5462 = VERTEX_POINT ( 'NONE', #4740 ) ;
#5463 = FACE_BOUND ( 'NONE', #5827, .T. ) ;
#5464 = VECTOR ( 'NONE', #1362, 1000.000000000000000 ) ;
#5465 = VECTOR ( 'NONE', #496, 1000.000000000000000 ) ;
#5466 = CARTESIAN_POINT ( 'NONE',  ( -1.749999999999999778, 0.5000000000000000000, 2.699999999999999734 ) ) ;
#5467 = DIRECTION ( 'NONE',  ( 0.000000000000000000, 0.000000000000000000, -1.000000000000000000 ) ) ;
#5468 = VERTEX_POINT ( 'NONE', #2851 ) ;
#5469 = CARTESIAN_POINT ( 'NONE',  ( 9.249999999999998224, 0.5000000000000000000, 2.699999999999999734 ) ) ;
#5470 = CARTESIAN_POINT ( 'NONE',  ( 0.3199999999999991185, -1.729893757603242044, -0.004572733161116324108 ) ) ;
#5471 = VECTOR ( 'NONE', #4503, 1000.000000000000114 ) ;
#5472 = ADVANCED_FACE ( 'NONE', ( #4713 ), #1138, .F. ) ;
#5473 = FACE_OUTER_BOUND ( 'NONE', #3699, .T. ) ;
#5474 = ORIENTED_EDGE ( 'NONE', *, *, #1509, .F. ) ;
#5475 = DIRECTION ( 'NONE',  ( -0.000000000000000000, -1.000000000000000000, -0.000000000000000000 ) ) ;
#5476 = VERTEX_POINT ( 'NONE', #684 ) ;
#5477 = FACE_OUTER_BOUND ( 'NONE', #1499, .T. ) ;
#5478 = EDGE_CURVE ( 'NONE', #5600, #5602, #2491, .T. ) ;
#5479 = DIRECTION ( 'NONE',  ( 0.000000000000000000, 0.000000000000000000, 1.000000000000000000 ) ) ;
#5480 = CARTESIAN_POINT ( 'NONE',  ( 4.789191070279859908, -3.399999999999999911, -0.3200000000000999822 ) ) ;
#5481 = ADVANCED_FACE ( 'NONE', ( #2522 ), #3766, .F. ) ;
#5482 = ORIENTED_EDGE ( 'NONE', *, *, #2126, .T. ) ;
#5483 = DIRECTION ( 'NONE',  ( 1.000000000000000000, -0.000000000000000000, -6.033820786006286703E-16 ) ) ;
#5484 = ORIENTED_EDGE ( 'NONE', *, *, #5512, .F. ) ;
#5485 = VECTOR ( 'NONE', #4692, 1000.000000000000000 ) ;
#5486 = DIRECTION ( 'NONE',  ( 1.000000000000000000, -0.000000000000000000, -6.033820786006286703E-16 ) ) ;
#5487 = VECTOR ( 'NONE', #4995, 1000.000000000000114 ) ;
#5488 = EDGE_CURVE ( 'NONE', #1917, #5272, #5605, .T. ) ;
#5489 = DIRECTION ( 'NONE',  ( 0.000000000000000000, -0.8660254037844382635, 0.5000000000000005551 ) ) ;
#5490 = VECTOR ( 'NONE', #1964, 1000.000000000000000 ) ;
#5491 = VECTOR ( 'NONE', #1171, 1000.000000000000000 ) ;
#5492 = ORIENTED_EDGE ( 'NONE', *, *, #2978, .F. ) ;
#5493 = DIRECTION ( 'NONE',  ( 5.757910262048285890E-16, 0.2989375760324213815, 0.9542726683898372642 ) ) ;
#5494 = ORIENTED_EDGE ( 'NONE', *, *, #2610, .T. ) ;
#5495 = ORIENTED_EDGE ( 'NONE', *, *, #5736, .T. ) ;
#5496 = LINE ( 'NONE', #3217, #2671 ) ;
#5497 = VECTOR ( 'NONE', #720, 1000.000000000000000 ) ;
#5498 = VECTOR ( 'NONE', #2057, 1000.000000000000000 ) ;
#5499 = AXIS2_PLACEMENT_3D ( 'NONE', #4535, #377, #1807 ) ;
#5500 = DIRECTION ( 'NONE',  ( 5.421010862427522170E-16, 0.000000000000000000, -1.000000000000000000 ) ) ;
#5501 = CARTESIAN_POINT ( 'NONE',  ( -0.3200000000000008393, -0.7712138062639923852, -0.2861617746085798886 ) ) ;
#5502 = ORIENTED_EDGE ( 'NONE', *, *, #378, .T. ) ;
#5503 = CARTESIAN_POINT ( 'NONE',  ( -0.3200000000000008393, -2.820106242396757779, 0.3245727331609173927 ) ) ;
#5504 = DIRECTION ( 'NONE',  ( 0.000000000000000000, 0.000000000000000000, -1.000000000000000000 ) ) ;
#5505 = DIRECTION ( 'NONE',  ( -6.033820786006285717E-16, 0.000000000000000000, -1.000000000000000000 ) ) ;
#5506 = ORIENTED_EDGE ( 'NONE', *, *, #3687, .F. ) ;
#5507 = LINE ( 'NONE', #5014, #3739 ) ;
#5508 = EDGE_LOOP ( 'NONE', ( #1926, #2526, #4454, #3338 ) ) ;
#5509 = CARTESIAN_POINT ( 'NONE',  ( 4.349999999999997868, 0.000000000000000000, -2.350000000000000089 ) ) ;
#5510 = LINE ( 'NONE', #1381, #1352 ) ;
#5511 = LINE ( 'NONE', #1382, #707 ) ;
#5512 = EDGE_CURVE ( 'NONE', #55, #4218, #1591, .T. ) ;
#5513 = ORIENTED_EDGE ( 'NONE', *, *, #5941, .F. ) ;
#5514 = CARTESIAN_POINT ( 'NONE',  ( 0.3199999999999991185, -1.699999999999999956, -0.1000000000000999811 ) ) ;
#5515 = ORIENTED_EDGE ( 'NONE', *, *, #5417, .T. ) ;
#5516 = CARTESIAN_POINT ( 'NONE',  ( 7.819999999999998508, -1.729893757603242044, -0.004572733161116710951 ) ) ;
#5517 = CARTESIAN_POINT ( 'NONE',  ( -2.450000000000000622, 7.000000000000000000, -2.350000000000000089 ) ) ;
#5518 = LINE ( 'NONE', #1484, #4900 ) ;
#5519 = ADVANCED_FACE ( 'NONE', ( #1047 ), #2463, .T. ) ;
#5520 = ORIENTED_EDGE ( 'NONE', *, *, #3415, .T. ) ;
#5521 = DIRECTION ( 'NONE',  ( 0.000000000000000000, 0.000000000000000000, -1.000000000000000000 ) ) ;
#5522 = EDGE_LOOP ( 'NONE', ( #2132, #4043, #2742, #1463 ) ) ;
#5523 = ORIENTED_EDGE ( 'NONE', *, *, #4921, .F. ) ;
#5524 = EDGE_CURVE ( 'NONE', #1469, #3299, #4684, .T. ) ;
#5525 = DIRECTION ( 'NONE',  ( 0.000000000000000000, 0.000000000000000000, -1.000000000000000000 ) ) ;
#5526 = CARTESIAN_POINT ( 'NONE',  ( 2.819999999999998952, -3.099999999999996536, 0.3199999999999527667 ) ) ;
#5527 = VECTOR ( 'NONE', #4248, 1000.000000000000000 ) ;
#5528 = CARTESIAN_POINT ( 'NONE',  ( -2.449999999999999734, 7.000000000000000000, 3.399999999999999911 ) ) ;
#5529 = EDGE_CURVE ( 'NONE', #3797, #3428, #623, .T. ) ;
#5530 = EDGE_CURVE ( 'NONE', #1472, #1201, #4264, .T. ) ;
#5531 = VERTEX_POINT ( 'NONE', #3372 ) ;
#5532 = CARTESIAN_POINT ( 'NONE',  ( 9.250000000000000000, 1.200000000000000622, -1.649999999999999911 ) ) ;
#5533 = CARTESIAN_POINT ( 'NONE',  ( 9.949999999999999289, 4.750000000000000888, -0.6249999999999991118 ) ) ;
#5534 = CARTESIAN_POINT ( 'NONE',  ( 0.000000000000000000, 6.497705265805027608, -1.649999999999999911 ) ) ;
#5535 = AXIS2_PLACEMENT_3D ( 'NONE', #3611, #2658, #4499 ) ;
#5536 = ORIENTED_EDGE ( 'NONE', *, *, #1471, .F. ) ;
#5537 = LINE ( 'NONE', #4616, #4023 ) ;
#5538 = VERTEX_POINT ( 'NONE', #5209 ) ;
#5539 = CARTESIAN_POINT ( 'NONE',  ( -1.600000000000000089, 0.5000000000000000000, 2.000000000000000000 ) ) ;
#5540 = CARTESIAN_POINT ( 'NONE',  ( 9.249999999999998224, 0.5000000000000000000, 2.699999999999999734 ) ) ;
#5541 = FACE_OUTER_BOUND ( 'NONE', #2008, .T. ) ;
#5542 = ORIENTED_EDGE ( 'NONE', *, *, #5714, .T. ) ;
#5543 = CARTESIAN_POINT ( 'NONE',  ( 4.349999999999997868, 0.8000000000000000444, -2.350000000000000089 ) ) ;
#5544 = VERTEX_POINT ( 'NONE', #1079 ) ;
#5545 = FACE_OUTER_BOUND ( 'NONE', #1189, .T. ) ;
#5546 = DIRECTION ( 'NONE',  ( -1.000000000000000000, -0.000000000000000000, -0.000000000000000000 ) ) ;
#5547 = ADVANCED_FACE ( 'NONE', ( #4288 ), #161, .F. ) ;
#5548 = DIRECTION ( 'NONE',  ( 1.000000000000000000, 0.000000000000000000, 0.000000000000000000 ) ) ;
#5549 = ORIENTED_EDGE ( 'NONE', *, *, #4153, .T. ) ;
#5550 = DIRECTION ( 'NONE',  ( 1.000000000000000000, 0.000000000000000000, 0.000000000000000000 ) ) ;
#5551 = EDGE_LOOP ( 'NONE', ( #3442, #3623, #5494, #914 ) ) ;
#5552 = ORIENTED_EDGE ( 'NONE', *, *, #4376, .F. ) ;
#5553 = ORIENTED_EDGE ( 'NONE', *, *, #4841, .T. ) ;
#5554 = EDGE_CURVE ( 'NONE', #1173, #3910, #3013, .T. ) ;
#5555 = PLANE ( 'NONE',  #1106 ) ;
#5556 = EDGE_CURVE ( 'NONE', #1987, #2038, #4464, .T. ) ;
#5557 = CARTESIAN_POINT ( 'NONE',  ( 9.250000000000000000, 6.497705265805027608, -0.1249999999999992922 ) ) ;
#5558 = ORIENTED_EDGE ( 'NONE', *, *, #4441, .T. ) ;
#5559 = VECTOR ( 'NONE', #5372, 1000.000000000000000 ) ;
#5560 = DIRECTION ( 'NONE',  ( 0.000000000000000000, -1.000000000000000000, 9.856383386231847734E-17 ) ) ;
#5561 = EDGE_CURVE ( 'NONE', #3221, #3343, #2717, .T. ) ;
#5562 = VECTOR ( 'NONE', #3591, 1000.000000000000000 ) ;
#5563 = ADVANCED_FACE ( 'NONE', ( #3464 ), #1313, .F. ) ;
#5564 = ADVANCED_FACE ( 'NONE', ( #3581 ), #1619, .T. ) ;
#5565 = PLANE ( 'NONE',  #3924 ) ;
#5566 = EDGE_CURVE ( 'NONE', #2844, #593, #4350, .T. ) ;
#5567 = AXIS2_PLACEMENT_3D ( 'NONE', #101, #3728, #4284 ) ;
#5568 = ORIENTED_EDGE ( 'NONE', *, *, #4735, .F. ) ;
#5569 = LINE ( 'NONE', #1439, #2005 ) ;
#5570 = EDGE_LOOP ( 'NONE', ( #1004, #493, #431, #3070 ) ) ;
#5571 = DIRECTION ( 'NONE',  ( -0.3236155771181817853, -0.8891264907159904807, -0.3236155771181817298 ) ) ;
#5572 = CIRCLE ( 'NONE', #2584, 0.7400000000000015454 ) ;
#5573 = VECTOR ( 'NONE', #673, 1000.000000000000000 ) ;
#5574 = CARTESIAN_POINT ( 'NONE',  ( 1.849999999999995648, 0.000000000000000000, 3.399999999999993250 ) ) ;
#5575 = VERTEX_POINT ( 'NONE', #5501 ) ;
#5576 = CARTESIAN_POINT ( 'NONE',  ( 7.179999999999998828, -0.5798937576032422436, 0.3245727331609178368 ) ) ;
#5577 = EDGE_LOOP ( 'NONE', ( #3039, #716, #4360, #1606 ) ) ;
#5578 = CARTESIAN_POINT ( 'NONE',  ( 7.179999999999998828, -3.099999999999996536, -0.3200000000001000378 ) ) ;
#5579 = DIRECTION ( 'NONE',  ( 5.757910262048284904E-16, -0.2989375760324212150, 0.9542726683898373752 ) ) ;
#5580 = FILL_AREA_STYLE_COLOUR ( '', #476 ) ;
#5581 = CARTESIAN_POINT ( 'NONE',  ( 7.179999999999998828, -1.729893757603242044, -0.004572733161116269464 ) ) ;
#5582 = EDGE_LOOP ( 'NONE', ( #3976, #5747, #3004, #146 ) ) ;
#5583 = DIRECTION ( 'NONE',  ( -0.000000000000000000, -0.000000000000000000, -1.000000000000000000 ) ) ;
#5584 = VECTOR ( 'NONE', #5381, 1000.000000000000000 ) ;
#5585 = ORIENTED_EDGE ( 'NONE', *, *, #919, .F. ) ;
#5586 = ORIENTED_EDGE ( 'NONE', *, *, #426, .F. ) ;
#5587 = VERTEX_POINT ( 'NONE', #4547 ) ;
#5588 = AXIS2_PLACEMENT_3D ( 'NONE', #2980, #5660, #3400 ) ;
#5589 = CARTESIAN_POINT ( 'NONE',  ( 0.3199999999999991185, -0.5500000000000000444, 0.4199999999999015632 ) ) ;
#5590 = CARTESIAN_POINT ( 'NONE',  ( 8.150000000000002132, 6.349999999999999645, 5.969556544854365931 ) ) ;
#5591 = PRODUCT_DEFINITION_CONTEXT ( 'detailed design', #4024, 'design' ) ;
#5592 = VERTEX_POINT ( 'NONE', #5415 ) ;
#5593 = AXIS2_PLACEMENT_3D ( 'NONE', #3996, #2161, #687 ) ;
#5594 = DIRECTION ( 'NONE',  ( -0.000000000000000000, 1.000000000000000000, -0.000000000000000000 ) ) ;
#5595 = VECTOR ( 'NONE', #3273, 1000.000000000000000 ) ;
#5596 = PLANE ( 'NONE',  #2641 ) ;
#5597 = AXIS2_PLACEMENT_3D ( 'NONE', #4824, #704, #1643 ) ;
#5598 = EDGE_CURVE ( 'NONE', #4020, #1317, #1790, .T. ) ;
#5599 = LINE ( 'NONE', #4760, #163 ) ;
#5600 = VERTEX_POINT ( 'NONE', #884 ) ;
#5601 = CARTESIAN_POINT ( 'NONE',  ( 0.6499999999999952482, 0.8000000000000000444, 3.399999999999993250 ) ) ;
#5602 = VERTEX_POINT ( 'NONE', #223 ) ;
#5603 = CARTESIAN_POINT ( 'NONE',  ( 3.149999999999996358, 0.8000000000000000444, 2.699999999999993960 ) ) ;
#5604 = EDGE_CURVE ( 'NONE', #4064, #5575, #5958, .T. ) ;
#5605 = LINE ( 'NONE', #3315, #777 ) ;
#5606 = DIRECTION ( 'NONE',  ( 0.000000000000000000, 0.000000000000000000, -1.000000000000000000 ) ) ;
#5607 = ORIENTED_EDGE ( 'NONE', *, *, #1882, .T. ) ;
#5608 = DIRECTION ( 'NONE',  ( 1.000000000000000000, -0.000000000000000000, 0.000000000000000000 ) ) ;
#5609 = ORIENTED_EDGE ( 'NONE', *, *, #1842, .T. ) ;
#5610 = DIRECTION ( 'NONE',  ( -1.000000000000000000, 1.334402673828325073E-15, 0.000000000000000000 ) ) ;
#5611 = SURFACE_STYLE_USAGE ( .BOTH. , #3772 ) ;
#5612 = VERTEX_POINT ( 'NONE', #4945 ) ;
#5613 = PLANE ( 'NONE',  #2124 ) ;
#5614 = ORIENTED_EDGE ( 'NONE', *, *, #1743, .F. ) ;
#5615 = FACE_OUTER_BOUND ( 'NONE', #512, .T. ) ;
#5616 = ORIENTED_EDGE ( 'NONE', *, *, #278, .T. ) ;
#5617 = VERTEX_POINT ( 'NONE', #421 ) ;
#5618 = CARTESIAN_POINT ( 'NONE',  ( 9.249999999999998224, 0.5000000000000000000, 2.699999999999999734 ) ) ;
#5619 = CARTESIAN_POINT ( 'NONE',  ( -2.449999999999998845, 4.750000000000000888, -0.6249999999999991118 ) ) ;
#5620 = VECTOR ( 'NONE', #4063, 1000.000000000000000 ) ;
#5621 = LINE ( 'NONE', #5557, #1648 ) ;
#5622 = EDGE_LOOP ( 'NONE', ( #42, #5536, #5791, #3809, #1385, #1602, #4666, #4487 ) ) ;
#5623 = CARTESIAN_POINT ( 'NONE',  ( -0.3200000000000008393, -0.5500000000000000444, 0.3199999999999011968 ) ) ;
#5624 = DIRECTION ( 'NONE',  ( 0.000000000000000000, 0.4999999999999996114, -0.8660254037844389297 ) ) ;
#5625 = ORIENTED_EDGE ( 'NONE', *, *, #2323, .F. ) ;
#5626 = LINE ( 'NONE', #1500, #1139 ) ;
#5627 = VERTEX_POINT ( 'NONE', #3219 ) ;
#5628 = DIRECTION ( 'NONE',  ( -1.239088197126292444E-15, 0.000000000000000000, 1.000000000000000000 ) ) ;
#5629 = EDGE_CURVE ( 'NONE', #4902, #1238, #5302, .T. ) ;
#5630 = CARTESIAN_POINT ( 'NONE',  ( 7.179999999999998828, -3.099999999999996536, 0.3199999999999015854 ) ) ;
#5631 = AXIS2_PLACEMENT_3D ( 'NONE', #98, #1950, #1497 ) ;
#5632 = EDGE_CURVE ( 'NONE', #3045, #3242, #363, .T. ) ;
#5633 = CARTESIAN_POINT ( 'NONE',  ( 7.179999999999998828, 6.499999999999997335, 0.4199999999999015632 ) ) ;
#5634 = VERTEX_POINT ( 'NONE', #2215 ) ;
#5635 = CARTESIAN_POINT ( 'NONE',  ( 7.500000000000000888, 3.999999999999998224, 5.969556544854365931 ) ) ;
#5636 = ORIENTED_EDGE ( 'NONE', *, *, #4654, .T. ) ;
#5637 = CARTESIAN_POINT ( 'NONE',  ( 7.710808929720138316, 6.800000000000000711, 0.2108089297200405610 ) ) ;
#5638 = EDGE_CURVE ( 'NONE', #1664, #4793, #3477, .T. ) ;
#5639 = CARTESIAN_POINT ( 'NONE',  ( -1.750000000000000222, 6.497705265805027608, 3.489386302252199425E-16 ) ) ;
#5640 = ADVANCED_FACE ( 'NONE', ( #1737 ), #4973, .F. ) ;
#5641 = LINE ( 'NONE', #995, #5097 ) ;
#5642 = VERTEX_POINT ( 'NONE', #2183 ) ;
#5643 = LINE ( 'NONE', #3326, #2632 ) ;
#5644 = ORIENTED_EDGE ( 'NONE', *, *, #3683, .T. ) ;
#5645 = ORIENTED_EDGE ( 'NONE', *, *, #2990, .F. ) ;
#5646 = LINE ( 'NONE', #2841, #2773 ) ;
#5647 = SHAPE_REPRESENTATION ( 'B4B-XH-AM', ( #2797, #873 ), #5689 ) ;
#5648 = FACE_OUTER_BOUND ( 'NONE', #854, .T. ) ;
#5649 = LINE ( 'NONE', #4224, #5595 ) ;
#5650 = ORIENTED_EDGE ( 'NONE', *, *, #993, .T. ) ;
#5651 = LINE ( 'NONE', #5532, #361 ) ;
#5652 = CARTESIAN_POINT ( 'NONE',  ( 7.179999999999998828, -3.099999999999996536, -0.3200000000001000378 ) ) ;
#5653 = ORIENTED_EDGE ( 'NONE', *, *, #4619, .T. ) ;
#5654 = LINE ( 'NONE', #1010, #659 ) ;
#5655 = AXIS2_PLACEMENT_3D ( 'NONE', #2614, #4474, #2557 ) ;
#5656 = ORIENTED_EDGE ( 'NONE', *, *, #4953, .F. ) ;
#5657 = DIRECTION ( 'NONE',  ( -1.000000000000000000, -0.000000000000000000, -6.033820786006285717E-16 ) ) ;
#5658 = AXIS2_PLACEMENT_3D ( 'NONE', #2678, #2230, #876 ) ;
#5659 = AXIS2_PLACEMENT_3D ( 'NONE', #1597, #2107, #5309 ) ;
#5660 = DIRECTION ( 'NONE',  ( 1.000000000000000000, -0.000000000000000000, 3.987870059716798287E-16 ) ) ;
#5661 =( LENGTH_UNIT ( ) NAMED_UNIT ( * ) SI_UNIT ( .MILLI., .METRE. ) );
#5662 = VERTEX_POINT ( 'NONE', #1283 ) ;
#5663 = DIRECTION ( 'NONE',  ( 0.9396926207859100932, -0.3420201433256642165, 5.669936867754746420E-16 ) ) ;
#5664 = EDGE_CURVE ( 'NONE', #597, #4432, #828, .T. ) ;
#5665 = VERTEX_POINT ( 'NONE', #3607 ) ;
#5666 = CARTESIAN_POINT ( 'NONE',  ( 7.179999999999997051, 0.5000000000000000000, -0.3200000000000000622 ) ) ;
#5667 = VECTOR ( 'NONE', #5878, 1000.000000000000114 ) ;
#5668 = DIRECTION ( 'NONE',  ( 5.421010862427522170E-16, 0.000000000000000000, -1.000000000000000000 ) ) ;
#5669 = CARTESIAN_POINT ( 'NONE',  ( 9.249999999999998224, 0.5000000000000000000, 2.699999999999999734 ) ) ;
#5670 = ORIENTED_EDGE ( 'NONE', *, *, #202, .F. ) ;
#5671 = DIRECTION ( 'NONE',  ( 0.000000000000000000, -0.000000000000000000, 1.000000000000000000 ) ) ;
#5672 = ORIENTED_EDGE ( 'NONE', *, *, #455, .T. ) ;
#5673 = ORIENTED_EDGE ( 'NONE', *, *, #1440, .F. ) ;
#5674 = LINE ( 'NONE', #665, #5386 ) ;
#5675 = EDGE_CURVE ( 'NONE', #1266, #2817, #5441, .T. ) ;
#5676 = PLANE ( 'NONE',  #4082 ) ;
#5677 = DIRECTION ( 'NONE',  ( 1.000000000000000000, 0.000000000000000000, 0.000000000000000000 ) ) ;
#5678 = VERTEX_POINT ( 'NONE', #2689 ) ;
#5679 = CARTESIAN_POINT ( 'NONE',  ( 6.849999999999999645, 0.000000000000000000, -1.649999999999999911 ) ) ;
#5680 = DIRECTION ( 'NONE',  ( 0.000000000000000000, 0.000000000000000000, 1.000000000000000000 ) ) ;
#5681 = EDGE_CURVE ( 'NONE', #1142, #2942, #4523, .T. ) ;
#5682 = VECTOR ( 'NONE', #821, 1000.000000000000227 ) ;
#5683 = CIRCLE ( 'NONE', #3095, 0.1499999999999999667 ) ;
#5684 = CIRCLE ( 'NONE', #5202, 0.7400000000000015454 ) ;
#5685 = ORIENTED_EDGE ( 'NONE', *, *, #2722, .F. ) ;
#5686 = LINE ( 'NONE', #4315, #5383 ) ;
#5687 = ORIENTED_EDGE ( 'NONE', *, *, #3142, .F. ) ;
#5688 = CARTESIAN_POINT ( 'NONE',  ( 1.849999999999996536, 0.8000000000000000444, -2.350000000000000089 ) ) ;
#5689 =( GEOMETRIC_REPRESENTATION_CONTEXT ( 3 ) GLOBAL_UNCERTAINTY_ASSIGNED_CONTEXT ( ( #4193 ) ) GLOBAL_UNIT_ASSIGNED_CONTEXT ( ( #1306, #4155, #20 ) ) REPRESENTATION_CONTEXT ( 'NONE', 'WORKASPACE' ) );
#5690 = CARTESIAN_POINT ( 'NONE',  ( 8.149999999999998579, 0.8000000000000000444, 2.699999999999994849 ) ) ;
#5691 = CARTESIAN_POINT ( 'NONE',  ( 4.679999999999998828, -4.305096679918778868, -0.3199999999999528222 ) ) ;
#5692 = ORIENTED_EDGE ( 'NONE', *, *, #5629, .F. ) ;
#5693 = CYLINDRICAL_SURFACE ( 'NONE', #2037, 0.09999999999999996392 ) ;
#5694 = EDGE_LOOP ( 'NONE', ( #3904, #3789, #4751, #4968 ) ) ;
#5695 = DIRECTION ( 'NONE',  ( -1.000000000000000000, 0.000000000000000000, 0.000000000000000000 ) ) ;
#5696 = EDGE_CURVE ( 'NONE', #4631, #50, #547, .T. ) ;
#5697 = DIRECTION ( 'NONE',  ( 0.000000000000000000, 0.000000000000000000, 1.000000000000000000 ) ) ;
#5698 = FACE_OUTER_BOUND ( 'NONE', #3892, .T. ) ;
#5699 = ORIENTED_EDGE ( 'NONE', *, *, #2084, .T. ) ;
#5700 = DIRECTION ( 'NONE',  ( -1.000000000000000000, 0.000000000000000000, 0.000000000000000000 ) ) ;
#5701 = VERTEX_POINT ( 'NONE', #5067 ) ;
#5702 = ORIENTED_EDGE ( 'NONE', *, *, #4080, .F. ) ;
#5703 = PLANE ( 'NONE',  #2572 ) ;
#5704 = EDGE_CURVE ( 'NONE', #4723, #4280, #3812, .T. ) ;
#5705 = CARTESIAN_POINT ( 'NONE',  ( 3.149999999999996358, 0.8000000000000000444, -2.350000000000000089 ) ) ;
#5706 = DIRECTION ( 'NONE',  ( 0.000000000000000000, 0.000000000000000000, 1.000000000000000000 ) ) ;
#5707 = VERTEX_POINT ( 'NONE', #974 ) ;
#5708 = CARTESIAN_POINT ( 'NONE',  ( -1.750000000000000666, 0.000000000000000000, -1.649999999999999911 ) ) ;
#5709 = EDGE_CURVE ( 'NONE', #1515, #871, #4134, .T. ) ;
#5710 = CARTESIAN_POINT ( 'NONE',  ( 0.000000000000000000, 7.000000000000000000, -2.350000000000000089 ) ) ;
#5711 = CARTESIAN_POINT ( 'NONE',  ( 5.319999999999996732, 0.000000000000000000, 0.3200000000000000067 ) ) ;
#5712 = EDGE_CURVE ( 'NONE', #175, #2473, #5649, .T. ) ;
#5713 = EDGE_CURVE ( 'NONE', #3727, #5768, #3751, .T. ) ;
#5714 = EDGE_CURVE ( 'NONE', #2705, #2916, #5621, .T. ) ;
#5715 = ORIENTED_EDGE ( 'NONE', *, *, #2272, .F. ) ;
#5716 = CARTESIAN_POINT ( 'NONE',  ( 9.949999999999999289, 7.000000000000000000, -0.1249999999999992922 ) ) ;
#5717 = ORIENTED_EDGE ( 'NONE', *, *, #245, .F. ) ;
#5718 = CARTESIAN_POINT ( 'NONE',  ( 4.349999999999997868, 0.8000000000000000444, 2.699999999999994849 ) ) ;
#5719 = VECTOR ( 'NONE', #1827, 1000.000000000000000 ) ;
#5720 = DIRECTION ( 'NONE',  ( -6.033820786006285717E-16, 0.000000000000000000, 1.000000000000000000 ) ) ;
#5721 = CARTESIAN_POINT ( 'NONE',  ( -1.750000000000000666, 0.5000000000000000000, -1.649999999999999911 ) ) ;
#5722 = ORIENTED_EDGE ( 'NONE', *, *, #2364, .F. ) ;
#5723 = CARTESIAN_POINT ( 'NONE',  ( 5.319999999999999396, -3.099999999999996536, 0.3199999999999527667 ) ) ;
#5724 = ORIENTED_EDGE ( 'NONE', *, *, #179, .T. ) ;
#5725 = FACE_OUTER_BOUND ( 'NONE', #282, .T. ) ;
#5726 = AXIS2_PLACEMENT_3D ( 'NONE', #3272, #4222, #579 ) ;
#5727 = VECTOR ( 'NONE', #531, 1000.000000000000000 ) ;
#5728 = DIRECTION ( 'NONE',  ( -0.000000000000000000, 0.000000000000000000, -1.000000000000000000 ) ) ;
#5729 = LINE ( 'NONE', #232, #2789 ) ;
#5730 = VERTEX_POINT ( 'NONE', #2776 ) ;
#5731 = LINE ( 'NONE', #2561, #3983 ) ;
#5732 = AXIS2_PLACEMENT_3D ( 'NONE', #3493, #3429, #2070 ) ;
#5733 = ORIENTED_EDGE ( 'NONE', *, *, #4483, .T. ) ;
#5734 = ORIENTED_EDGE ( 'NONE', *, *, #3749, .F. ) ;
#5735 = DIRECTION ( 'NONE',  ( -1.993935029858399390E-16, 0.000000000000000000, -1.000000000000000000 ) ) ;
#5736 = EDGE_CURVE ( 'NONE', #4829, #5662, #1493, .T. ) ;
#5737 = CARTESIAN_POINT ( 'NONE',  ( 0.6499999999999952482, 0.8000000000000000444, -1.650000000000001021 ) ) ;
#5738 = CARTESIAN_POINT ( 'NONE',  ( 9.949999999999999289, 4.750000000000000888, -0.6249999999999991118 ) ) ;
#5739 = ORIENTED_EDGE ( 'NONE', *, *, #2323, .T. ) ;
#5740 = DIRECTION ( 'NONE',  ( 1.000000000000000000, 0.000000000000000000, -1.474684361169736890E-13 ) ) ;
#5741 = CARTESIAN_POINT ( 'NONE',  ( 4.789191070279859908, -3.399999999999999911, -0.3199999999999528222 ) ) ;
#5742 = CARTESIAN_POINT ( 'NONE',  ( 8.000000000000000000, 6.500000000000000000, -1.651324865405185971 ) ) ;
#5743 = EDGE_CURVE ( 'NONE', #2942, #4520, #3305, .T. ) ;
#5744 = EDGE_CURVE ( 'NONE', #745, #3234, #4637, .T. ) ;
#5745 = DIRECTION ( 'NONE',  ( -1.000000000000000000, 0.000000000000000000, -6.033820786006286703E-16 ) ) ;
#5746 = EDGE_CURVE ( 'NONE', #3343, #5158, #2812, .T. ) ;
#5747 = ORIENTED_EDGE ( 'NONE', *, *, #4195, .F. ) ;
#5748 = DIRECTION ( 'NONE',  ( 1.993935029858399143E-16, 0.000000000000000000, 1.000000000000000000 ) ) ;
#5749 = EDGE_CURVE ( 'NONE', #545, #438, #5104, .T. ) ;
#5750 = ORIENTED_EDGE ( 'NONE', *, *, #5374, .F. ) ;
#5751 = DIRECTION ( 'NONE',  ( -4.956352788505144532E-15, 1.000000000000000000, 0.000000000000000000 ) ) ;
#5752 = EDGE_CURVE ( 'NONE', #2622, #792, #488, .T. ) ;
#5753 = CARTESIAN_POINT ( 'NONE',  ( 7.179999999999997051, 0.000000000000000000, 0.3200000000000000067 ) ) ;
#5754 = EDGE_CURVE ( 'NONE', #5365, #4694, #3670, .T. ) ;
#5755 = PLANE ( 'NONE',  #5920 ) ;
#5756 = CIRCLE ( 'NONE', #4877, 0.7400000000000015454 ) ;
#5757 = EDGE_LOOP ( 'NONE', ( #5802, #4118, #682, #3445 ) ) ;
#5758 = PLANE ( 'NONE',  #3646 ) ;
#5759 = ORIENTED_EDGE ( 'NONE', *, *, #3609, .F. ) ;
#5760 = CARTESIAN_POINT ( 'NONE',  ( 7.819999999999998508, 0.000000000000000000, 0.3200000000000000067 ) ) ;
#5761 = EDGE_CURVE ( 'NONE', #3727, #4622, #63, .T. ) ;
#5762 = VECTOR ( 'NONE', #1176, 1000.000000000000000 ) ;
#5763 = FILL_AREA_STYLE ('',( #200 ) ) ;
#5764 = VECTOR ( 'NONE', #213, 1000.000000000000000 ) ;
#5765 = CARTESIAN_POINT ( 'NONE',  ( 2.180000000000006377, 0.5000000000000000000, 0.3200000000000349232 ) ) ;
#5766 = EDGE_LOOP ( 'NONE', ( #5502, #2432, #2338, #3113 ) ) ;
#5767 = DIRECTION ( 'NONE',  ( 0.000000000000000000, 0.000000000000000000, 1.000000000000000000 ) ) ;
#5768 = VERTEX_POINT ( 'NONE', #3692 ) ;
#5769 = ORIENTED_EDGE ( 'NONE', *, *, #123, .T. ) ;
#5770 = AXIS2_PLACEMENT_3D ( 'NONE', #2430, #2911, #1925 ) ;
#5771 = VECTOR ( 'NONE', #5818, 1000.000000000000000 ) ;
#5772 = DIRECTION ( 'NONE',  ( -0.000000000000000000, -0.000000000000000000, -1.000000000000000000 ) ) ;
#5773 = ORIENTED_EDGE ( 'NONE', *, *, #4736, .F. ) ;
#5774 = AXIS2_PLACEMENT_3D ( 'NONE', #3244, #4635, #2298 ) ;
#5775 = PLANE ( 'NONE',  #2119 ) ;
#5776 = PLANE ( 'NONE',  #4331 ) ;
#5777 = ORIENTED_EDGE ( 'NONE', *, *, #202, .T. ) ;
#5778 = LINE ( 'NONE', #3485, #2970 ) ;
#5779 = DIRECTION ( 'NONE',  ( -0.000000000000000000, -0.000000000000000000, -1.000000000000000000 ) ) ;
#5780 = CARTESIAN_POINT ( 'NONE',  ( -0.6499999999999978018, 6.650000000000000355, -2.350000000000000089 ) ) ;
#5781 = CARTESIAN_POINT ( 'NONE',  ( 2.710808929720138316, -3.399999999999999911, 0.3199999999999527667 ) ) ;
#5782 = VERTEX_POINT ( 'NONE', #1 ) ;
#5783 = CARTESIAN_POINT ( 'NONE',  ( -0.6499999999999978018, 0.000000000000000000, -2.350000000000000089 ) ) ;
#5784 = VECTOR ( 'NONE', #1159, 1000.000000000000000 ) ;
#5785 = AXIS2_PLACEMENT_3D ( 'NONE', #374, #3080, #4870 ) ;
#5786 = ORIENTED_EDGE ( 'NONE', *, *, #1795, .F. ) ;
#5787 = PLANE ( 'NONE',  #2004 ) ;
#5788 = EDGE_CURVE ( 'NONE', #1394, #4576, #3721, .T. ) ;
#5789 = AXIS2_PLACEMENT_3D ( 'NONE', #4031, #4423, #2141 ) ;
#5790 = LINE ( 'NONE', #1228, #5339 ) ;
#5791 = ORIENTED_EDGE ( 'NONE', *, *, #2166, .F. ) ;
#5792 = CARTESIAN_POINT ( 'NONE',  ( 0.3199999999999991185, -0.5500000000000000444, 0.3199999999999015854 ) ) ;
#5793 = VERTEX_POINT ( 'NONE', #5528 ) ;
#5794 = LINE ( 'NONE', #3079, #4296 ) ;
#5795 = AXIS2_PLACEMENT_3D ( 'NONE', #2565, #2031, #1188 ) ;
#5796 = VECTOR ( 'NONE', #959, 1000.000000000000000 ) ;
#5797 = EDGE_CURVE ( 'NONE', #3526, #136, #3362, .T. ) ;
#5798 = CARTESIAN_POINT ( 'NONE',  ( 7.819999999999998508, -0.5500000000000000444, 0.4199999999999011746 ) ) ;
#5799 = FACE_OUTER_BOUND ( 'NONE', #1995, .T. ) ;
#5800 = ORIENTED_EDGE ( 'NONE', *, *, #3586, .T. ) ;
#5801 = CARTESIAN_POINT ( 'NONE',  ( 6.849999999999998757, 0.8000000000000000444, 3.399999999999994138 ) ) ;
#5802 = ORIENTED_EDGE ( 'NONE', *, *, #60, .F. ) ;
#5803 = LINE ( 'NONE', #4006, #1037 ) ;
#5804 = DIRECTION ( 'NONE',  ( 0.4999999999999996114, 0.8660254037844389297, -1.251928832280966928E-16 ) ) ;
#5805 = CARTESIAN_POINT ( 'NONE',  ( -2.450000000000000178, 4.750000000000000888, 3.695715231428850840E-16 ) ) ;
#5806 = ORIENTED_EDGE ( 'NONE', *, *, #2686, .F. ) ;
#5807 = DIRECTION ( 'NONE',  ( 1.000000000000000000, 0.000000000000000000, 0.000000000000000000 ) ) ;
#5808 = CARTESIAN_POINT ( 'NONE',  ( 0.6499999999999978018, 7.000000000000000000, 5.969556544854365931 ) ) ;
#5809 = PLANE ( 'NONE',  #2108 ) ;
#5810 =( BOUNDED_CURVE ( )  B_SPLINE_CURVE ( 3, ( #5742, #4857, #3421, #151 ),
 .UNSPECIFIED., .F., .T. ) 
 B_SPLINE_CURVE_WITH_KNOTS ( ( 4, 4 ),
 ( 4.712388980384689674, 6.283185307179586232 ),
 .UNSPECIFIED. ) 
 CURVE ( )  GEOMETRIC_REPRESENTATION_ITEM ( )  RATIONAL_B_SPLINE_CURVE ( ( 1.000000000000000000, 0.8047378541243649375, 0.8047378541243649375, 1.000000000000000000 ) ) 
 REPRESENTATION_ITEM ( '' )  );
#5811 = EDGE_LOOP ( 'NONE', ( #4655, #5777, #4141, #4728, #1112, #4835, #4310, #2769, #5894, #1889, #1693, #852, #1358, #1429, #3274, #4156 ) ) ;
#5812 = DIRECTION ( 'NONE',  ( 0.000000000000000000, 0.000000000000000000, 1.000000000000000000 ) ) ;
#5813 = ORIENTED_EDGE ( 'NONE', *, *, #4990, .F. ) ;
#5814 = DIRECTION ( 'NONE',  ( -6.033820786006285717E-16, 0.000000000000000000, 1.000000000000000000 ) ) ;
#5815 = EDGE_CURVE ( 'NONE', #1394, #2379, #4430, .T. ) ;
#5816 = DIRECTION ( 'NONE',  ( -0.000000000000000000, -1.000000000000000000, -0.000000000000000000 ) ) ;
#5817 = EDGE_LOOP ( 'NONE', ( #4335, #3741, #308, #3232 ) ) ;
#5818 = DIRECTION ( 'NONE',  ( 1.000000000000000000, 0.000000000000000000, -8.470329472543004623E-17 ) ) ;
#5819 = ORIENTED_EDGE ( 'NONE', *, *, #2934, .F. ) ;
#5820 = LINE ( 'NONE', #4899, #1524 ) ;
#5821 = ADVANCED_FACE ( 'NONE', ( #2843 ), #4671, .F. ) ;
#5822 = VECTOR ( 'NONE', #2492, 1000.000000000000000 ) ;
#5823 = AXIS2_PLACEMENT_3D ( 'NONE', #4695, #4752, #3300 ) ;
#5824 = EDGE_CURVE ( 'NONE', #2849, #1081, #1126, .T. ) ;
#5825 = DIRECTION ( 'NONE',  ( -1.993935029858399390E-16, 0.000000000000000000, -1.000000000000000000 ) ) ;
#5826 = CARTESIAN_POINT ( 'NONE',  ( 0.3200000000000152167, -3.399999999999999911, -0.2108089297194491174 ) ) ;
#5827 = EDGE_LOOP ( 'NONE', ( #5625, #4605, #3216, #3934 ) ) ;
#5828 = LINE ( 'NONE', #3536, #4939 ) ;
#5829 = VERTEX_POINT ( 'NONE', #1605 ) ;
#5830 = DIRECTION ( 'NONE',  ( 1.000000000000000000, 0.000000000000000000, -6.033820786006286703E-16 ) ) ;
#5831 = EDGE_CURVE ( 'NONE', #1173, #2257, #239, .T. ) ;
#5832 = VECTOR ( 'NONE', #1604, 1000.000000000000000 ) ;
#5833 = ADVANCED_FACE ( 'NONE', ( #3919 ), #2902, .F. ) ;
#5834 = EDGE_CURVE ( 'NONE', #5612, #4680, #4368, .T. ) ;
#5835 = DIRECTION ( 'NONE',  ( 0.000000000000000000, -1.000000000000000000, -0.000000000000000000 ) ) ;
#5836 = DIRECTION ( 'NONE',  ( 1.000000000000000000, 0.000000000000000000, 0.000000000000000000 ) ) ;
#5837 = VECTOR ( 'NONE', #2815, 1000.000000000000000 ) ;
#5838 = EDGE_LOOP ( 'NONE', ( #1574, #85, #5324, #1521, #1858 ) ) ;
#5839 = CARTESIAN_POINT ( 'NONE',  ( 7.179999999999998828, -3.099999999999996536, 0.3199999999999015854 ) ) ;
#5840 = CARTESIAN_POINT ( 'NONE',  ( 3.149999999999996358, 0.5000000000000000000, 2.699999999999999734 ) ) ;
#5841 = CARTESIAN_POINT ( 'NONE',  ( -1.750000000000000222, 4.750000000000000888, 3.489386302252199425E-16 ) ) ;
#5842 = EDGE_CURVE ( 'NONE', #4111, #139, #5253, .T. ) ;
#5843 = ADVANCED_FACE ( 'NONE', ( #1670 ), #5776, .T. ) ;
#5844 = FACE_OUTER_BOUND ( 'NONE', #2897, .T. ) ;
#5845 = ORIENTED_EDGE ( 'NONE', *, *, #5222, .T. ) ;
#5846 = CARTESIAN_POINT ( 'NONE',  ( 0.000000000000000000, 6.800000000000000711, 0.000000000000000000 ) ) ;
#5847 = DIRECTION ( 'NONE',  ( 0.9396926207859096492, -0.3420201433256653822, 0.000000000000000000 ) ) ;
#5848 = CARTESIAN_POINT ( 'NONE',  ( 8.150000000000002132, 4.649999999999998579, -1.650000000000000355 ) ) ;
#5849 = VERTEX_POINT ( 'NONE', #2539 ) ;
#5850 = LINE ( 'NONE', #197, #2998 ) ;
#5851 = EDGE_LOOP ( 'NONE', ( #462, #1272, #3680, #2590 ) ) ;
#5852 = DIRECTION ( 'NONE',  ( 0.4999999999999996114, -0.8660254037844389297, 1.251928832280966928E-16 ) ) ;
#5853 = DIRECTION ( 'NONE',  ( -0.000000000000000000, -0.000000000000000000, -1.000000000000000000 ) ) ;
#5854 = CARTESIAN_POINT ( 'NONE',  ( -1.600000000000000089, -1.225252258054540855, 2.000000000000000000 ) ) ;
#5855 = ORIENTED_EDGE ( 'NONE', *, *, #346, .T. ) ;
#5856 = LINE ( 'NONE', #3563, #5340 ) ;
#5857 = EDGE_LOOP ( 'NONE', ( #1961, #4569, #5910, #1823 ) ) ;
#5858 = CARTESIAN_POINT ( 'NONE',  ( 6.849999999999998757, 0.8000000000000000444, -1.650000000000000133 ) ) ;
#5859 = AXIS2_PLACEMENT_3D ( 'NONE', #4745, #1020, #5695 ) ;
#5860 = CIRCLE ( 'NONE', #350, 0.5000000000000001110 ) ;
#5861 = CARTESIAN_POINT ( 'NONE',  ( 2.180000000000006377, 0.000000000000000000, 0.3200000000000349232 ) ) ;
#5862 = DIRECTION ( 'NONE',  ( 0.000000000000000000, 0.000000000000000000, 1.000000000000000000 ) ) ;
#5863 = ORIENTED_EDGE ( 'NONE', *, *, #5761, .T. ) ;
#5864 = FACE_OUTER_BOUND ( 'NONE', #5757, .T. ) ;
#5865 = DIRECTION ( 'NONE',  ( 0.000000000000000000, -0.000000000000000000, -1.000000000000000000 ) ) ;
#5866 = AXIS2_PLACEMENT_3D ( 'NONE', #2567, #4044, #2121 ) ;
#5867 = CARTESIAN_POINT ( 'NONE',  ( -0.5000175537105255863, 6.497705265805025832, -1.650000000000000355 ) ) ;
#5868 = VECTOR ( 'NONE', #4219, 1000.000000000000114 ) ;
#5869 = VECTOR ( 'NONE', #461, 1000.000000000000000 ) ;
#5870 = PLANE ( 'NONE',  #2358 ) ;
#5871 = DIRECTION ( 'NONE',  ( 0.9396926207859096492, -0.3420201433256653822, 0.000000000000000000 ) ) ;
#5872 = ORIENTED_EDGE ( 'NONE', *, *, #5754, .F. ) ;
#5873 = DIRECTION ( 'NONE',  ( -0.3236155771181817853, -0.8891264907159904807, 0.3236155771181817298 ) ) ;
#5874 = CARTESIAN_POINT ( 'NONE',  ( 2.819999999999998952, -3.099999999999996536, -0.3200000000000471911 ) ) ;
#5875 = VECTOR ( 'NONE', #3236, 1000.000000000000227 ) ;
#5876 = CARTESIAN_POINT ( 'NONE',  ( 0.3199999999999991185, -0.7712138062639923852, -0.2861617746085793890 ) ) ;
#5877 = ORIENTED_EDGE ( 'NONE', *, *, #4174, .F. ) ;
#5878 = DIRECTION ( 'NONE',  ( -0.3236155771181867813, -0.8891264907160041364, -0.3236155771181390417 ) ) ;
#5879 = ORIENTED_EDGE ( 'NONE', *, *, #1517, .T. ) ;
#5880 = DIRECTION ( 'NONE',  ( 0.000000000000000000, 1.000000000000000000, -0.000000000000000000 ) ) ;
#5881 = VECTOR ( 'NONE', #106, 1000.000000000000000 ) ;
#5882 = CARTESIAN_POINT ( 'NONE',  ( -0.6499999999999978018, 0.000000000000000000, -2.350000000000000089 ) ) ;
#5883 = PLANE ( 'NONE',  #2821 ) ;
#5884 = EDGE_LOOP ( 'NONE', ( #958, #3384, #4600, #484 ) ) ;
#5885 = DIRECTION ( 'NONE',  ( -5.860552283705419033E-16, 0.000000000000000000, 1.000000000000000000 ) ) ;
#5886 = VECTOR ( 'NONE', #93, 1000.000000000000000 ) ;
#5887 = ORIENTED_EDGE ( 'NONE', *, *, #2675, .F. ) ;
#5888 = DIRECTION ( 'NONE',  ( 1.000000000000000000, 0.000000000000000000, 0.000000000000000000 ) ) ;
#5889 = ADVANCED_FACE ( 'NONE', ( #669 ), #2452, .F. ) ;
#5890 = VECTOR ( 'NONE', #3449, 1000.000000000000000 ) ;
#5891 = LINE ( 'NONE', #849, #1735 ) ;
#5892 = ADVANCED_FACE ( 'NONE', ( #1639 ), #3483, .F. ) ;
#5893 = SURFACE_STYLE_FILL_AREA ( #5458 ) ;
#5894 = ORIENTED_EDGE ( 'NONE', *, *, #534, .T. ) ;
#5895 = CARTESIAN_POINT ( 'NONE',  ( 4.349999999999996980, 0.8000000000000000444, 3.399999999999994138 ) ) ;
#5896 = EDGE_LOOP ( 'NONE', ( #3490, #1552, #2359, #930 ) ) ;
#5897 = EDGE_CURVE ( 'NONE', #100, #4882, #701, .T. ) ;
#5898 = ORIENTED_EDGE ( 'NONE', *, *, #765, .T. ) ;
#5899 = DIRECTION ( 'NONE',  ( 0.000000000000000000, -1.000000000000000000, 1.445602896647339903E-16 ) ) ;
#5900 = ADVANCED_FACE ( 'NONE', ( #4398 ), #2118, .F. ) ;
#5901 = DIRECTION ( 'NONE',  ( -1.000000000000000000, 0.000000000000000000, 0.000000000000000000 ) ) ;
#5902 = DIRECTION ( 'NONE',  ( 0.000000000000000000, -0.000000000000000000, 1.000000000000000000 ) ) ;
#5903 = DIRECTION ( 'NONE',  ( 0.000000000000000000, 1.000000000000000000, -0.000000000000000000 ) ) ;
#5904 = EDGE_CURVE ( 'NONE', #2328, #4737, #1550, .T. ) ;
#5905 = EDGE_CURVE ( 'NONE', #2038, #445, #2477, .T. ) ;
#5906 = ADVANCED_FACE ( 'NONE', ( #3417 ), #1093, .F. ) ;
#5907 = FACE_OUTER_BOUND ( 'NONE', #5973, .T. ) ;
#5908 = ORIENTED_EDGE ( 'NONE', *, *, #3723, .T. ) ;
#5909 = LINE ( 'NONE', #3107, #4977 ) ;
#5910 = ORIENTED_EDGE ( 'NONE', *, *, #1117, .F. ) ;
#5911 = DIRECTION ( 'NONE',  ( 0.000000000000000000, 0.000000000000000000, 1.000000000000000000 ) ) ;
#5912 = DIRECTION ( 'NONE',  ( 0.000000000000000000, 0.000000000000000000, -1.000000000000000000 ) ) ;
#5913 = LINE ( 'NONE', #5401, #5310 ) ;
#5914 = VERTEX_POINT ( 'NONE', #4309 ) ;
#5915 = FACE_OUTER_BOUND ( 'NONE', #3367, .T. ) ;
#5916 = VERTEX_POINT ( 'NONE', #182 ) ;
#5917 = VECTOR ( 'NONE', #1894, 1000.000000000000000 ) ;
#5918 = CARTESIAN_POINT ( 'NONE',  ( 6.849999999999999645, 0.8000000000000000444, 2.699999999999994849 ) ) ;
#5919 = LINE ( 'NONE', #3539, #1347 ) ;
#5920 = AXIS2_PLACEMENT_3D ( 'NONE', #3465, #5304, #4832 ) ;
#5921 = ORIENTED_EDGE ( 'NONE', *, *, #5419, .F. ) ;
#5922 = FACE_OUTER_BOUND ( 'NONE', #2826, .T. ) ;
#5923 = EDGE_LOOP ( 'NONE', ( #28, #2853, #75, #4960 ) ) ;
#5924 = PLANE ( 'NONE',  #5774 ) ;
#5925 = EDGE_CURVE ( 'NONE', #5662, #5405, #2512, .T. ) ;
#5926 = LINE ( 'NONE', #2239, #4172 ) ;
#5927 = VECTOR ( 'NONE', #827, 1000.000000000000000 ) ;
#5928 = VECTOR ( 'NONE', #3294, 1000.000000000000000 ) ;
#5929 = CARTESIAN_POINT ( 'NONE',  ( 4.349999999999997868, 0.8000000000000000444, -2.350000000000000089 ) ) ;
#5930 = ORIENTED_EDGE ( 'NONE', *, *, #2500, .F. ) ;
#5931 = EDGE_CURVE ( 'NONE', #4793, #5916, #3894, .T. ) ;
#5932 = DIRECTION ( 'NONE',  ( 1.000000000000000000, 0.000000000000000000, 0.000000000000000000 ) ) ;
#5933 = DIRECTION ( 'NONE',  ( 0.000000000000000000, -0.000000000000000000, 1.000000000000000000 ) ) ;
#5934 = EDGE_CURVE ( 'NONE', #8, #5019, #5288, .T. ) ;
#5935 = ADVANCED_FACE ( 'NONE', ( #3571 ), #4966, .F. ) ;
#5936 = LINE ( 'NONE', #1796, #810 ) ;
#5937 = VERTEX_POINT ( 'NONE', #4880 ) ;
#5938 = DIRECTION ( 'NONE',  ( -0.000000000000000000, 1.000000000000000000, -0.000000000000000000 ) ) ;
#5939 = ORIENTED_EDGE ( 'NONE', *, *, #1104, .T. ) ;
#5940 = DIRECTION ( 'NONE',  ( 1.000000000000000000, 0.000000000000000000, -8.470329472543005856E-17 ) ) ;
#5941 = EDGE_CURVE ( 'NONE', #1089, #4143, #2319, .T. ) ;
#5942 = EDGE_CURVE ( 'NONE', #401, #1891, #1757, .T. ) ;
#5943 = CARTESIAN_POINT ( 'NONE',  ( 5.649999999999997691, 0.8000000000000000444, 2.699999999999994849 ) ) ;
#5944 = DIRECTION ( 'NONE',  ( -1.000000000000000000, 0.000000000000000000, 0.000000000000000000 ) ) ;
#5945 = ORIENTED_EDGE ( 'NONE', *, *, #817, .T. ) ;
#5946 = CARTESIAN_POINT ( 'NONE',  ( 0.3199999999999991185, -2.849999999999999201, 0.4199999999999015632 ) ) ;
#5947 = ORIENTED_EDGE ( 'NONE', *, *, #1260, .T. ) ;
#5948 = FACE_OUTER_BOUND ( 'NONE', #2585, .T. ) ;
#5949 = PRESENTATION_STYLE_ASSIGNMENT (( #5611 ) ) ;
#5950 = ORIENTED_EDGE ( 'NONE', *, *, #5021, .T. ) ;
#5951 = LINE ( 'NONE', #3658, #5464 ) ;
#5952 = VECTOR ( 'NONE', #5873, 1000.000000000000114 ) ;
#5953 = ORIENTED_EDGE ( 'NONE', *, *, #471, .T. ) ;
#5954 = VERTEX_POINT ( 'NONE', #850 ) ;
#5955 = AXIS2_PLACEMENT_3D ( 'NONE', #5858, #3917, #294 ) ;
#5956 = AXIS2_PLACEMENT_3D ( 'NONE', #2727, #5880, #4559 ) ;
#5957 = CARTESIAN_POINT ( 'NONE',  ( 0.3199999999999991185, 6.800000000000000711, 0.2108089297200408940 ) ) ;
#5958 = LINE ( 'NONE', #4496, #2217 ) ;
#5959 = AXIS2_PLACEMENT_3D ( 'NONE', #1553, #3870, #2370 ) ;
#5960 = ORIENTED_EDGE ( 'NONE', *, *, #2351, .T. ) ;
#5961 = CARTESIAN_POINT ( 'NONE',  ( 7.179999999999997051, 0.5000000000000000000, 0.000000000000000000 ) ) ;
#5962 = CARTESIAN_POINT ( 'NONE',  ( 7.819999999999998508, -0.7712138062639923852, -0.2861617746085798886 ) ) ;
#5963 = AXIS2_PLACEMENT_3D ( 'NONE', #3195, #915, #3127 ) ;
#5964 = AXIS2_PLACEMENT_3D ( 'NONE', #5062, #4160, #4601 ) ;
#5965 = VECTOR ( 'NONE', #2735, 1000.000000000000000 ) ;
#5966 = DIRECTION ( 'NONE',  ( -1.000000000000000000, 0.000000000000000000, 6.033820786006286703E-16 ) ) ;
#5967 = EDGE_LOOP ( 'NONE', ( #3286, #5308, #1571, #5357 ) ) ;
#5968 = DIRECTION ( 'NONE',  ( 0.000000000000000000, 0.000000000000000000, -1.000000000000000000 ) ) ;
#5969 = ORIENTED_EDGE ( 'NONE', *, *, #5122, .T. ) ;
#5970 = DIRECTION ( 'NONE',  ( 6.033820786006285717E-16, 0.000000000000000000, -1.000000000000000000 ) ) ;
#5971 = DIRECTION ( 'NONE',  ( 9.882645445336811882E-32, 1.000000000000000000, -2.478176394252583606E-16 ) ) ;
#5972 = CARTESIAN_POINT ( 'NONE',  ( 0.6499999999999978018, 0.000000000000000000, 5.969556544854365931 ) ) ;
#5973 = EDGE_LOOP ( 'NONE', ( #3830, #3597, #1586, #4033 ) ) ;
#5974 = DIRECTION ( 'NONE',  ( 0.000000000000000000, -2.478176394252583606E-16, -1.000000000000000000 ) ) ;
#5975 = ORIENTED_EDGE ( 'NONE', *, *, #2126, .F. ) ;
#5976 = CARTESIAN_POINT ( 'NONE',  ( 1.849999999999995648, 0.8000000000000000444, -1.650000000000000799 ) ) ;
#5977 = VECTOR ( 'NONE', #299, 1000.000000000000000 ) ;
#5978 = CARTESIAN_POINT ( 'NONE',  ( 0.3199999999999991185, -2.849999999999999201, 0.4199999999999015632 ) ) ;
#5979 = EDGE_CURVE ( 'NONE', #107, #2377, #413, .T. ) ;
#5980 = DIRECTION ( 'NONE',  ( 0.000000000000000000, -1.000000000000000000, 0.000000000000000000 ) ) ;
#5981 = SHAPE_DEFINITION_REPRESENTATION ( #5420, #5647 ) ;
#5982 = VECTOR ( 'NONE', #3472, 1000.000000000000000 ) ;
#5983 = ORIENTED_EDGE ( 'NONE', *, *, #1474, .F. ) ;
#5984 = PLANE ( 'NONE',  #4491 ) ;
#5985 = EDGE_LOOP ( 'NONE', ( #26, #5945, #2130, #1884 ) ) ;
#5986 = ORIENTED_EDGE ( 'NONE', *, *, #4989, .T. ) ;
#5987 = LINE ( 'NONE', #3331, #2635 ) ;
#5988 = NEXT_ASSEMBLY_USAGE_OCCURRENCE ( 'NAUO1', ' ', ' ', #5259, #536, $ ) ;
ENDSEC;
END-ISO-10303-21;
