ISO-10303-21;
HEADER;
FILE_DESCRIPTION (( 'STEP AP214' ),
    '1' );
FILE_NAME ('MAX31865ATP+T.STEP',
    '2023-11-02T02:39:15',
    ( '' ),
    ( '' ),
    'SwSTEP 2.0',
    'SolidWorks 2022',
    '' );
FILE_SCHEMA (( 'AUTOMOTIVE_DESIGN' ));
ENDSEC;

DATA;
#1 = ORIENTED_EDGE ( 'NONE', *, *, #2802, .F. ) ;
#2 = VERTEX_POINT ( 'NONE', #2583 ) ;
#3 = CARTESIAN_POINT ( 'NONE',  ( 2.500000000000000000, -1.449999999999999734, 0.1800000000000000211 ) ) ;
#4 = PRODUCT_DEFINITION_CONTEXT ( 'detailed design', #500, 'design' ) ;
#5 = CARTESIAN_POINT ( 'NONE',  ( 0.7999999999999999334, -2.500000000000000000, -0.02000000000000000042 ) ) ;
#6 = DIRECTION ( 'NONE',  ( -0.000000000000000000, -0.000000000000000000, -1.000000000000000000 ) ) ;
#7 = DIRECTION ( 'NONE',  ( 1.000000000000000000, 0.000000000000000000, -0.000000000000000000 ) ) ;
#8 = PRODUCT_RELATED_PRODUCT_CATEGORY ( 'part', '', ( #4621 ) ) ;
#9 = CARTESIAN_POINT ( 'NONE',  ( -0.8000000000000020428, -1.949999999999999956, -0.02000000000000000042 ) ) ;
#10 = ORIENTED_EDGE ( 'NONE', *, *, #6327, .T. ) ;
#11 = PLANE ( 'NONE',  #5612 ) ;
#12 = EDGE_LOOP ( 'NONE', ( #4093, #2282, #5194, #5347 ) ) ;
#13 = DIRECTION ( 'NONE',  ( -1.000000000000000000, 3.942553354492742545E-16, -0.000000000000000000 ) ) ;
#14 = AXIS2_PLACEMENT_3D ( 'NONE', #2486, #6752, #2418 ) ;
#15 = CARTESIAN_POINT ( 'NONE',  ( 0.7999999999999994893, -1.949999999999999956, -0.02000000000000000042 ) ) ;
#16 = ORIENTED_EDGE ( 'NONE', *, *, #3859, .F. ) ;
#17 = EDGE_CURVE ( 'NONE', #4976, #586, #907, .T. ) ;
#18 = EDGE_CURVE ( 'NONE', #2814, #3393, #6900, .T. ) ;
#19 = ORIENTED_EDGE ( 'NONE', *, *, #6917, .T. ) ;
#20 = EDGE_LOOP ( 'NONE', ( #5162, #978, #444, #4969 ) ) ;
#21 = CARTESIAN_POINT ( 'NONE',  ( 0.5000000000000000000, 2.500000000000000000, 0.1800000000000000488 ) ) ;
#22 = VERTEX_POINT ( 'NONE', #2710 ) ;
#23 = DIRECTION ( 'NONE',  ( -1.000000000000000000, 0.000000000000000000, -0.000000000000000000 ) ) ;
#24 = DIRECTION ( 'NONE',  ( 1.577021341797097018E-15, 1.000000000000000000, 0.000000000000000000 ) ) ;
#25 = ADVANCED_FACE ( 'NONE', ( #3255 ), #3321, .F. ) ;
#26 = VECTOR ( 'NONE', #4240, 1000.000000000000000 ) ;
#27 = CARTESIAN_POINT ( 'NONE',  ( -2.500000000000000000, 2.500000000000000000, 0.7500000000000000000 ) ) ;
#28 = ORIENTED_EDGE ( 'NONE', *, *, #2411, .F. ) ;
#29 = LINE ( 'NONE', #530, #253 ) ;
#30 = VERTEX_POINT ( 'NONE', #2750 ) ;
#31 = CARTESIAN_POINT ( 'NONE',  ( 0.7999999999999994893, 1.949999999999999956, -0.02000000000000000042 ) ) ;
#32 = VECTOR ( 'NONE', #5782, 1000.000000000000000 ) ;
#33 = DIRECTION ( 'NONE',  ( 0.000000000000000000, 0.000000000000000000, -1.000000000000000000 ) ) ;
#34 = SURFACE_STYLE_USAGE ( .BOTH. , #491 ) ;
#35 = CARTESIAN_POINT ( 'NONE',  ( 0.1499999999999995226, 1.949999999999999956, 0.1800000000000000211 ) ) ;
#36 = EDGE_CURVE ( 'NONE', #484, #6432, #4907, .T. ) ;
#37 = ORIENTED_EDGE ( 'NONE', *, *, #5425, .F. ) ;
#38 = VECTOR ( 'NONE', #5104, 1000.000000000000000 ) ;
#39 = VERTEX_POINT ( 'NONE', #2675 ) ;
#40 = AXIS2_PLACEMENT_3D ( 'NONE', #31, #4304, #4948 ) ;
#41 = CARTESIAN_POINT ( 'NONE',  ( 2.500000000000000000, 0.7999999999999994893, 0.000000000000000000 ) ) ;
#42 = LINE ( 'NONE', #2196, #5930 ) ;
#43 = LINE ( 'NONE', #5527, #863 ) ;
#44 = LINE ( 'NONE', #1626, #1724 ) ;
#45 = EDGE_CURVE ( 'NONE', #6623, #3073, #6753, .T. ) ;
#46 = VECTOR ( 'NONE', #6039, 999.9999999999998863 ) ;
#47 = AXIS2_PLACEMENT_3D ( 'NONE', #786, #3952, #3398 ) ;
#48 = DIRECTION ( 'NONE',  ( 1.000000000000000000, 0.000000000000000000, 0.000000000000000000 ) ) ;
#49 = CARTESIAN_POINT ( 'NONE',  ( 1.949999999999999512, 0.7999999999999999334, 0.1800000001139778760 ) ) ;
#50 = ORIENTED_EDGE ( 'NONE', *, *, #4707, .F. ) ;
#51 = DIRECTION ( 'NONE',  ( 0.000000000000000000, -0.000000000000000000, 1.000000000000000000 ) ) ;
#52 = VECTOR ( 'NONE', #5076, 1000.000000000000000 ) ;
#53 = PRESENTATION_LAYER_ASSIGNMENT (  '', '', ( #1412 ) ) ;
#54 = EDGE_LOOP ( 'NONE', ( #300, #3264, #2701, #2213 ) ) ;
#55 = AXIS2_PLACEMENT_3D ( 'NONE', #6013, #2372, #3436 ) ;
#56 = VECTOR ( 'NONE', #1350, 1000.000000000000000 ) ;
#57 = VECTOR ( 'NONE', #2487, 1000.000000000000000 ) ;
#58 = CARTESIAN_POINT ( 'NONE',  ( 0.4999999999999978351, -1.949999999999999956, -0.02000000000000000042 ) ) ;
#59 = EDGE_LOOP ( 'NONE', ( #6150, #5481, #2949, #1812 ) ) ;
#60 = LINE ( 'NONE', #4331, #3451 ) ;
#61 = LINE ( 'NONE', #4973, #1611 ) ;
#62 = FACE_OUTER_BOUND ( 'NONE', #6074, .T. ) ;
#63 = AXIS2_PLACEMENT_3D ( 'NONE', #6414, #5751, #4676 ) ;
#64 = DIRECTION ( 'NONE',  ( -1.000000000000000000, 0.000000000000000000, 0.000000000000000000 ) ) ;
#65 = ORIENTED_EDGE ( 'NONE', *, *, #4903, .T. ) ;
#66 = CLOSED_SHELL ( 'NONE', ( #1094, #4177, #1190, #3857, #4865, #2967 ) ) ;
#67 = DIRECTION ( 'NONE',  ( 1.000000000000000000, 0.000000000000000000, -0.000000000000000000 ) ) ;
#68 = ORIENTED_EDGE ( 'NONE', *, *, #1985, .T. ) ;
#69 = PLANE ( 'NONE',  #6485 ) ;
#70 = EDGE_CURVE ( 'NONE', #2111, #1677, #528, .T. ) ;
#71 = DIRECTION ( 'NONE',  ( -0.000000000000000000, -0.000000000000000000, 1.000000000000000000 ) ) ;
#72 = VECTOR ( 'NONE', #6133, 1000.000000000000000 ) ;
#73 = DIRECTION ( 'NONE',  ( -1.000000000000000000, -0.000000000000000000, 0.000000000000000000 ) ) ;
#74 = ORIENTED_EDGE ( 'NONE', *, *, #6212, .T. ) ;
#75 = EDGE_CURVE ( 'NONE', #1345, #4345, #6996, .T. ) ;
#76 = ORIENTED_EDGE ( 'NONE', *, *, #584, .T. ) ;
#77 = CARTESIAN_POINT ( 'NONE',  ( -2.500000000000000000, -1.449999999999999734, 0.1800000000000000211 ) ) ;
#78 = CARTESIAN_POINT ( 'NONE',  ( -1.149999999999999911, 2.500000000000000000, 0.000000000000000000 ) ) ;
#79 = EDGE_CURVE ( 'NONE', #1761, #993, #4299, .T. ) ;
#80 = CARTESIAN_POINT ( 'NONE',  ( -1.949999999999999956, -0.1499999999999999667, 0.1800000000000000211 ) ) ;
#81 = LINE ( 'NONE', #1162, #6490 ) ;
#82 = DIRECTION ( 'NONE',  ( -1.000000000000000000, 7.885106708985479173E-16, 0.000000000000000000 ) ) ;
#83 = CARTESIAN_POINT ( 'NONE',  ( 1.149999999999997913, -1.949999999999999956, -0.02000000000000000042 ) ) ;
#84 = DIRECTION ( 'NONE',  ( 0.000000000000000000, 0.000000000000000000, 1.000000000000000000 ) ) ;
#85 = ORIENTED_EDGE ( 'NONE', *, *, #2892, .T. ) ;
#86 = DIRECTION ( 'NONE',  ( -1.000000000000000000, 0.000000000000000000, 0.000000000000000000 ) ) ;
#87 = CARTESIAN_POINT ( 'NONE',  ( 2.500000000000000000, -0.1499999999999997446, 0.000000000000000000 ) ) ;
#88 = ORIENTED_EDGE ( 'NONE', *, *, #4286, .T. ) ;
#89 = DIRECTION ( 'NONE',  ( 1.000000000000000000, -1.577021341797097412E-15, 0.000000000000000000 ) ) ;
#90 = ORIENTED_EDGE ( 'NONE', *, *, #5904, .F. ) ;
#91 = ORIENTED_EDGE ( 'NONE', *, *, #5432, .T. ) ;
#92 = FACE_OUTER_BOUND ( 'NONE', #6891, .T. ) ;
#93 = ORIENTED_EDGE ( 'NONE', *, *, #1745, .F. ) ;
#94 = CARTESIAN_POINT ( 'NONE',  ( 1.949999999999999512, -0.7999999999999999334, 0.1800000000002910383 ) ) ;
#95 = FACE_OUTER_BOUND ( 'NONE', #2147, .T. ) ;
#96 = LINE ( 'NONE', #5053, #2090 ) ;
#97 = DIRECTION ( 'NONE',  ( 0.000000000000000000, 0.000000000000000000, 1.000000000000000000 ) ) ;
#98 = ORIENTED_EDGE ( 'NONE', *, *, #1883, .F. ) ;
#99 = CARTESIAN_POINT ( 'NONE',  ( 1.625000000000000222, -1.624999999999999334, -0.02000000000000000042 ) ) ;
#100 = VECTOR ( 'NONE', #4505, 1000.000000000000000 ) ;
#101 = DIRECTION ( 'NONE',  ( 0.000000000000000000, 0.000000000000000000, 1.000000000000000000 ) ) ;
#102 = VERTEX_POINT ( 'NONE', #2219 ) ;
#103 = DIRECTION ( 'NONE',  ( -0.000000000000000000, -0.000000000000000000, 1.000000000000000000 ) ) ;
#104 = DIRECTION ( 'NONE',  ( -1.000000000000000000, 0.000000000000000000, -0.000000000000000000 ) ) ;
#105 = CARTESIAN_POINT ( 'NONE',  ( 2.469999999999999751, -2.469999999999999751, 0.7500000000000000000 ) ) ;
#106 = EDGE_CURVE ( 'NONE', #4056, #2458, #6465, .T. ) ;
#107 = ORIENTED_EDGE ( 'NONE', *, *, #2447, .T. ) ;
#108 = ORIENTED_EDGE ( 'NONE', *, *, #4269, .F. ) ;
#109 = LINE ( 'NONE', #6059, #4070 ) ;
#110 = EDGE_CURVE ( 'NONE', #1363, #4546, #3734, .T. ) ;
#111 = CARTESIAN_POINT ( 'NONE',  ( 2.500000000000000000, 1.150000000000000133, 0.1800000001139778760 ) ) ;
#112 = FACE_OUTER_BOUND ( 'NONE', #635, .T. ) ;
#113 = VECTOR ( 'NONE', #1157, 1000.000000000000000 ) ;
#114 = CARTESIAN_POINT ( 'NONE',  ( -0.5000000000000004441, -1.949999999999999956, 0.1800000000000000488 ) ) ;
#115 = LINE ( 'NONE', #5383, #4566 ) ;
#116 = CARTESIAN_POINT ( 'NONE',  ( -2.500000000000000000, 1.450000000000000400, 0.000000000000000000 ) ) ;
#117 = LINE ( 'NONE', #573, #488 ) ;
#118 = ADVANCED_FACE ( 'NONE', ( #3806 ), #1603, .F. ) ;
#119 = DIRECTION ( 'NONE',  ( -3.942553354492740080E-16, 1.000000000000000000, 0.000000000000000000 ) ) ;
#120 = ORIENTED_EDGE ( 'NONE', *, *, #2739, .T. ) ;
#121 = CARTESIAN_POINT ( 'NONE',  ( -1.949999999999999956, -0.4999999999999995559, 0.1800000000000000211 ) ) ;
#122 = FACE_OUTER_BOUND ( 'NONE', #1304, .T. ) ;
#123 = EDGE_CURVE ( 'NONE', #2523, #1238, #4836, .T. ) ;
#124 = CARTESIAN_POINT ( 'NONE',  ( 2.500000000000000000, -0.7999999999999997113, 0.1800000000000000211 ) ) ;
#125 = ORIENTED_EDGE ( 'NONE', *, *, #1073, .F. ) ;
#126 = EDGE_CURVE ( 'NONE', #332, #3504, #5261, .T. ) ;
#127 = ORIENTED_EDGE ( 'NONE', *, *, #5220, .F. ) ;
#128 = LINE ( 'NONE', #4971, #6203 ) ;
#129 = AXIS2_PLACEMENT_3D ( 'NONE', #1884, #4010, #2948 ) ;
#130 = VERTEX_POINT ( 'NONE', #1145 ) ;
#131 = LINE ( 'NONE', #3424, #841 ) ;
#132 = DIRECTION ( 'NONE',  ( 0.000000000000000000, -1.000000000000000000, 0.000000000000000000 ) ) ;
#133 = LINE ( 'NONE', #4510, #1743 ) ;
#134 = DIRECTION ( 'NONE',  ( -0.000000000000000000, -0.000000000000000000, -1.000000000000000000 ) ) ;
#135 = EDGE_LOOP ( 'NONE', ( #840, #1681, #4071, #4832 ) ) ;
#136 = DIRECTION ( 'NONE',  ( 7.885106708985486076E-16, -1.000000000000000000, -0.000000000000000000 ) ) ;
#137 = CARTESIAN_POINT ( 'NONE',  ( -2.469999999999999751, 0.000000000000000000, 0.7800000000000000266 ) ) ;
#138 = ORIENTED_EDGE ( 'NONE', *, *, #3536, .T. ) ;
#139 = LINE ( 'NONE', #2679, #2533 ) ;
#140 = FACE_OUTER_BOUND ( 'NONE', #12, .T. ) ;
#141 = DIRECTION ( 'NONE',  ( 1.000000000000000000, 3.942553354492742545E-16, 0.000000000000000000 ) ) ;
#142 = ORIENTED_EDGE ( 'NONE', *, *, #126, .F. ) ;
#143 = ORIENTED_EDGE ( 'NONE', *, *, #6750, .F. ) ;
#144 = CARTESIAN_POINT ( 'NONE',  ( -0.1500000000000029921, -2.500000000000000000, 0.1800000000000000211 ) ) ;
#145 = LINE ( 'NONE', #6061, #2558 ) ;
#146 = PRESENTATION_LAYER_ASSIGNMENT (  '', '', ( #6248 ) ) ;
#147 = DIRECTION ( 'NONE',  ( -1.000000000000000000, 0.000000000000000000, 0.000000000000000000 ) ) ;
#148 = DIRECTION ( 'NONE',  ( 0.000000000000000000, -0.000000000000000000, -1.000000000000000000 ) ) ;
#149 = DIRECTION ( 'NONE',  ( -1.000000000000000000, 3.942553354492742545E-16, -0.000000000000000000 ) ) ;
#150 = DIRECTION ( 'NONE',  ( 0.000000000000000000, -0.000000000000000000, -1.000000000000000000 ) ) ;
#151 = EDGE_CURVE ( 'NONE', #6143, #2899, #1048, .T. ) ;
#152 = DIRECTION ( 'NONE',  ( 0.000000000000000000, 0.000000000000000000, 1.000000000000000000 ) ) ;
#153 = DIRECTION ( 'NONE',  ( -1.000000000000000000, -0.000000000000000000, -0.000000000000000000 ) ) ;
#154 = ORIENTED_EDGE ( 'NONE', *, *, #4084, .F. ) ;
#155 = CARTESIAN_POINT ( 'NONE',  ( -1.449999999999999956, 1.949999999999999956, 0.1800000000000000211 ) ) ;
#156 = EDGE_CURVE ( 'NONE', #3624, #6143, #2253, .T. ) ;
#157 = LINE ( 'NONE', #769, #174 ) ;
#158 = ADVANCED_FACE ( 'NONE', ( #6575 ), #5945, .F. ) ;
#159 = DIRECTION ( 'NONE',  ( -0.000000000000000000, 1.000000000000000000, -0.000000000000000000 ) ) ;
#160 = VECTOR ( 'NONE', #1729, 1000.000000000000000 ) ;
#161 = VECTOR ( 'NONE', #186, 1000.000000000000000 ) ;
#162 = ORIENTED_EDGE ( 'NONE', *, *, #6271, .F. ) ;
#163 = ORIENTED_EDGE ( 'NONE', *, *, #1454, .T. ) ;
#164 = DIRECTION ( 'NONE',  ( 0.000000000000000000, 1.000000000000000000, 0.000000000000000000 ) ) ;
#165 = AXIS2_PLACEMENT_3D ( 'NONE', #1106, #1635, #1136 ) ;
#166 = VECTOR ( 'NONE', #1404, 1000.000000000000000 ) ;
#167 = EDGE_LOOP ( 'NONE', ( #4153, #915, #1430, #6797 ) ) ;
#168 = AXIS2_PLACEMENT_3D ( 'NONE', #1504, #1014, #6397 ) ;
#169 = FACE_OUTER_BOUND ( 'NONE', #3141, .T. ) ;
#170 = DIRECTION ( 'NONE',  ( -0.000000000000000000, 0.000000000000000000, 1.000000000000000000 ) ) ;
#171 = ADVANCED_FACE ( 'NONE', ( #5509 ), #665, .T. ) ;
#172 = PLANE ( 'NONE',  #5838 ) ;
#173 = AXIS2_PLACEMENT_3D ( 'NONE', #3254, #5399, #558 ) ;
#174 = VECTOR ( 'NONE', #2879, 1000.000000000000000 ) ;
#175 = ORIENTED_EDGE ( 'NONE', *, *, #940, .F. ) ;
#176 = ORIENTED_EDGE ( 'NONE', *, *, #4681, .T. ) ;
#177 = CARTESIAN_POINT ( 'NONE',  ( -1.949999999999999956, 0.1500000000000003830, 0.1800000000000000211 ) ) ;
#178 = DIRECTION ( 'NONE',  ( -0.000000000000000000, -0.000000000000000000, -1.000000000000000000 ) ) ;
#179 = VERTEX_POINT ( 'NONE', #5906 ) ;
#180 = LINE ( 'NONE', #2341, #3330 ) ;
#181 = DIRECTION ( 'NONE',  ( 1.000000000000000000, 3.942553354492742545E-16, 0.000000000000000000 ) ) ;
#182 = FACE_OUTER_BOUND ( 'NONE', #3514, .T. ) ;
#183 = CLOSED_SHELL ( 'NONE', ( #3229, #3869, #3095, #4961, #3617, #3579 ) ) ;
#184 = ORIENTED_EDGE ( 'NONE', *, *, #3413, .F. ) ;
#185 = DIRECTION ( 'NONE',  ( -7.885106708985485090E-16, -1.000000000000000000, 0.000000000000000000 ) ) ;
#186 = DIRECTION ( 'NONE',  ( 0.000000000000000000, -1.000000000000000000, 0.000000000000000000 ) ) ;
#187 = VECTOR ( 'NONE', #3342, 1000.000000000000000 ) ;
#188 = LINE ( 'NONE', #4992, #4232 ) ;
#189 = CARTESIAN_POINT ( 'NONE',  ( -2.500000000000000000, 0.1500000000000001887, 0.1800000000000000211 ) ) ;
#190 = DIRECTION ( 'NONE',  ( 1.577021341797097018E-15, 1.000000000000000000, 0.000000000000000000 ) ) ;
#191 = DIRECTION ( 'NONE',  ( 7.885106708985485090E-16, -1.000000000000000000, -0.000000000000000000 ) ) ;
#192 = ORIENTED_EDGE ( 'NONE', *, *, #6910, .F. ) ;
#193 = ADVANCED_FACE ( 'NONE', ( #5368 ), #847, .F. ) ;
#194 = EDGE_CURVE ( 'NONE', #4947, #3059, #6842, .T. ) ;
#195 = DIRECTION ( 'NONE',  ( 0.000000000000000000, -1.000000000000000000, 0.000000000000000000 ) ) ;
#196 = DIRECTION ( 'NONE',  ( 0.000000000000000000, 0.000000000000000000, 1.000000000000000000 ) ) ;
#197 = EDGE_LOOP ( 'NONE', ( #2666, #3782, #2930, #4753 ) ) ;
#198 = ADVANCED_FACE ( 'NONE', ( #1451 ), #3605, .F. ) ;
#199 = EDGE_CURVE ( 'NONE', #1227, #4597, #493, .T. ) ;
#200 = ORIENTED_EDGE ( 'NONE', *, *, #395, .T. ) ;
#201 = CARTESIAN_POINT ( 'NONE',  ( -0.5000000000000000000, 2.500000000000000000, -0.02000000000000000042 ) ) ;
#202 = ORIENTED_EDGE ( 'NONE', *, *, #3438, .F. ) ;
#203 = FILL_AREA_STYLE ('',( #1751 ) ) ;
#204 = LINE ( 'NONE', #6249, #609 ) ;
#205 = DIRECTION ( 'NONE',  ( 1.000000000000000000, -7.885106708985478187E-16, -0.000000000000000000 ) ) ;
#206 = ADVANCED_FACE ( 'NONE', ( #2124 ), #5407, .T. ) ;
#207 = VERTEX_POINT ( 'NONE', #1092 ) ;
#208 = EDGE_LOOP ( 'NONE', ( #142, #1108 ) ) ;
#209 = CARTESIAN_POINT ( 'NONE',  ( 0.7999999999999994893, 1.949999999999999956, -0.02000000000000000042 ) ) ;
#210 = ORIENTED_EDGE ( 'NONE', *, *, #857, .T. ) ;
#211 = LINE ( 'NONE', #5123, #5594 ) ;
#212 = DIRECTION ( 'NONE',  ( 0.000000000000000000, 1.000000000000000000, 0.000000000000000000 ) ) ;
#213 = PLANE ( 'NONE',  #6041 ) ;
#214 = ORIENTED_EDGE ( 'NONE', *, *, #1327, .T. ) ;
#215 = DIRECTION ( 'NONE',  ( -0.000000000000000000, 1.000000000000000000, -0.000000000000000000 ) ) ;
#216 = DIRECTION ( 'NONE',  ( 1.000000000000000000, -7.885106708985478187E-16, -0.000000000000000000 ) ) ;
#217 = CARTESIAN_POINT ( 'NONE',  ( 2.499999999999999556, -2.469999999999999751, 0.7500000000000000000 ) ) ;
#218 = CARTESIAN_POINT ( 'NONE',  ( -2.500000000000000000, -1.449999999999999734, 0.000000000000000000 ) ) ;
#219 = PLANE ( 'NONE',  #1539 ) ;
#220 = DIRECTION ( 'NONE',  ( -7.885106708985485090E-16, -1.000000000000000000, 0.000000000000000000 ) ) ;
#221 = ORIENTED_EDGE ( 'NONE', *, *, #2007, .F. ) ;
#222 =( NAMED_UNIT ( * ) PLANE_ANGLE_UNIT ( ) SI_UNIT ( $, .RADIAN. ) );
#223 = DIRECTION ( 'NONE',  ( -1.000000000000000000, -3.942553354492739094E-16, 0.000000000000000000 ) ) ;
#224 = PLANE ( 'NONE',  #6951 ) ;
#225 = CARTESIAN_POINT ( 'NONE',  ( -1.624999999999999778, -1.624999999999999334, 0.01000000000000000021 ) ) ;
#226 = VERTEX_POINT ( 'NONE', #5856 ) ;
#227 = ORIENTED_EDGE ( 'NONE', *, *, #194, .T. ) ;
#228 = CARTESIAN_POINT ( 'NONE',  ( -2.500000000000000000, -2.500000000000000000, 0.000000000000000000 ) ) ;
#229 = ORIENTED_EDGE ( 'NONE', *, *, #2914, .F. ) ;
#230 = LINE ( 'NONE', #1334, #1177 ) ;
#231 = PLANE ( 'NONE',  #1402 ) ;
#232 = FACE_OUTER_BOUND ( 'NONE', #710, .T. ) ;
#233 = EDGE_CURVE ( 'NONE', #1768, #1148, #5275, .T. ) ;
#234 = EDGE_CURVE ( 'NONE', #3251, #263, #7002, .T. ) ;
#235 = EDGE_CURVE ( 'NONE', #3121, #179, #4873, .T. ) ;
#236 = EDGE_LOOP ( 'NONE', ( #5683, #6449, #6758, #6135 ) ) ;
#237 = ORIENTED_EDGE ( 'NONE', *, *, #5493, .T. ) ;
#238 = STYLED_ITEM ( 'NONE', ( #2684 ), #1943 ) ;
#239 = DIRECTION ( 'NONE',  ( -1.000000000000000000, -0.000000000000000000, -0.000000000000000000 ) ) ;
#240 = ORIENTED_EDGE ( 'NONE', *, *, #5768, .T. ) ;
#241 = VECTOR ( 'NONE', #6682, 1000.000000000000000 ) ;
#242 = PLANE ( 'NONE',  #6839 ) ;
#243 = DIRECTION ( 'NONE',  ( 0.000000000000000000, 0.000000000000000000, 1.000000000000000000 ) ) ;
#244 = EDGE_CURVE ( 'NONE', #4245, #4483, #2717, .T. ) ;
#245 = CARTESIAN_POINT ( 'NONE',  ( 2.500000000000000000, -1.150000000000000355, 0.1800000000000000211 ) ) ;
#246 = ORIENTED_EDGE ( 'NONE', *, *, #2524, .T. ) ;
#247 = ORIENTED_EDGE ( 'NONE', *, *, #4829, .T. ) ;
#248 = PLANE ( 'NONE',  #4963 ) ;
#249 = CARTESIAN_POINT ( 'NONE',  ( -1.949999999999999956, -1.149999999999999467, -0.02000000000000000042 ) ) ;
#250 = LINE ( 'NONE', #942, #2424 ) ;
#251 = DIRECTION ( 'NONE',  ( 0.000000000000000000, 0.000000000000000000, -1.000000000000000000 ) ) ;
#252 = DIRECTION ( 'NONE',  ( 1.577021341797097018E-15, 1.000000000000000000, 0.000000000000000000 ) ) ;
#253 = VECTOR ( 'NONE', #2677, 1000.000000000000000 ) ;
#254 = EDGE_LOOP ( 'NONE', ( #6215, #2115, #5114, #2798 ) ) ;
#255 = VECTOR ( 'NONE', #6223, 1000.000000000000000 ) ;
#256 = CARTESIAN_POINT ( 'NONE',  ( -0.1499999999999999667, 2.500000000000000000, 0.1800000000000000211 ) ) ;
#257 = CARTESIAN_POINT ( 'NONE',  ( -2.500000000000000000, -2.500000000000000000, 0.000000000000000000 ) ) ;
#258 = PRESENTATION_LAYER_ASSIGNMENT (  '', '', ( #6141 ) ) ;
#259 = VERTEX_POINT ( 'NONE', #35 ) ;
#260 = ORIENTED_EDGE ( 'NONE', *, *, #6327, .F. ) ;
#261 = VECTOR ( 'NONE', #1665, 1000.000000000000000 ) ;
#262 = DIRECTION ( 'NONE',  ( 0.000000000000000000, 1.000000000000000000, 0.000000000000000000 ) ) ;
#263 = VERTEX_POINT ( 'NONE', #4277 ) ;
#264 = CARTESIAN_POINT ( 'NONE',  ( 0.1499999999999995226, 1.949999999999999956, 0.000000000000000000 ) ) ;
#265 = AXIS2_PLACEMENT_3D ( 'NONE', #1876, #6130, #4097 ) ;
#266 = VERTEX_POINT ( 'NONE', #4207 ) ;
#267 = AXIS2_PLACEMENT_3D ( 'NONE', #6357, #3670, #3629 ) ;
#268 = VECTOR ( 'NONE', #6691, 1000.000000000000000 ) ;
#269 = VECTOR ( 'NONE', #5699, 1000.000000000000000 ) ;
#270 = LINE ( 'NONE', #4485, #3076 ) ;
#271 = ORIENTED_EDGE ( 'NONE', *, *, #4129, .F. ) ;
#272 = LINE ( 'NONE', #6157, #1853 ) ;
#273 = VECTOR ( 'NONE', #5128, 1000.000000000000000 ) ;
#274 = CARTESIAN_POINT ( 'NONE',  ( -0.1500000000000029921, -2.500000000000000000, 0.1800000000000000211 ) ) ;
#275 = VECTOR ( 'NONE', #1359, 1000.000000000000000 ) ;
#276 = AXIS2_PLACEMENT_3D ( 'NONE', #2432, #6077, #2391 ) ;
#277 = CARTESIAN_POINT ( 'NONE',  ( 0.000000000000000000, 1.949999999999999956, -0.02000000000000000042 ) ) ;
#278 = ORIENTED_EDGE ( 'NONE', *, *, #3087, .F. ) ;
#279 = VERTEX_POINT ( 'NONE', #5914 ) ;
#280 = EDGE_CURVE ( 'NONE', #6084, #2919, #6975, .T. ) ;
#281 = VERTEX_POINT ( 'NONE', #1554 ) ;
#282 = LINE ( 'NONE', #5133, #4388 ) ;
#283 = ADVANCED_FACE ( 'NONE', ( #2681 ), #4742, .F. ) ;
#284 = VECTOR ( 'NONE', #6678, 1000.000000000000000 ) ;
#285 = CARTESIAN_POINT ( 'NONE',  ( -2.500000000000000000, 1.450000000000000178, -0.02000000000000000042 ) ) ;
#286 = CARTESIAN_POINT ( 'NONE',  ( -2.500000000000000000, 0.1500000000000001887, 0.1800000000000000211 ) ) ;
#287 = LINE ( 'NONE', #6840, #4686 ) ;
#288 = CARTESIAN_POINT ( 'NONE',  ( -1.150000000000000355, -1.949999999999999956, 0.1800000000000000211 ) ) ;
#289 = ORIENTED_EDGE ( 'NONE', *, *, #415, .T. ) ;
#290 =( NAMED_UNIT ( * ) SI_UNIT ( $, .STERADIAN. ) SOLID_ANGLE_UNIT ( ) );
#291 = EDGE_CURVE ( 'NONE', #5064, #4303, #5377, .T. ) ;
#292 = AXIS2_PLACEMENT_3D ( 'NONE', #5646, #3779, #2189 ) ;
#293 = VERTEX_POINT ( 'NONE', #955 ) ;
#294 = PLANE ( 'NONE',  #623 ) ;
#295 = CARTESIAN_POINT ( 'NONE',  ( -1.450000000000002842, -2.500000000000000000, -0.02000000000000000042 ) ) ;
#296 = FILL_AREA_STYLE ('',( #5618 ) ) ;
#297 = AXIS2_PLACEMENT_3D ( 'NONE', #2105, #1631, #2801 ) ;
#298 = ORIENTED_EDGE ( 'NONE', *, *, #6253, .F. ) ;
#299 = FACE_OUTER_BOUND ( 'NONE', #5042, .T. ) ;
#300 = ORIENTED_EDGE ( 'NONE', *, *, #408, .T. ) ;
#301 = PLANE ( 'NONE',  #5215 ) ;
#302 = ORIENTED_EDGE ( 'NONE', *, *, #5740, .T. ) ;
#303 = DIRECTION ( 'NONE',  ( 1.000000000000000000, 0.000000000000000000, 0.000000000000000000 ) ) ;
#304 = VECTOR ( 'NONE', #136, 1000.000000000000000 ) ;
#305 = ORIENTED_EDGE ( 'NONE', *, *, #5214, .T. ) ;
#306 = ORIENTED_EDGE ( 'NONE', *, *, #3660, .F. ) ;
#307 = LINE ( 'NONE', #3626, #5237 ) ;
#308 = EDGE_LOOP ( 'NONE', ( #4210, #6402, #1283, #5130 ) ) ;
#309 = LINE ( 'NONE', #1902, #4000 ) ;
#310 = LINE ( 'NONE', #274, #5794 ) ;
#311 = DIRECTION ( 'NONE',  ( -7.885106708985485090E-16, -1.000000000000000000, 0.000000000000000000 ) ) ;
#312 = EDGE_LOOP ( 'NONE', ( #3024, #3912, #202, #2929 ) ) ;
#313 = ORIENTED_EDGE ( 'NONE', *, *, #1204, .T. ) ;
#314 = CARTESIAN_POINT ( 'NONE',  ( -2.500000000000000000, -1.449999999999999734, -0.02000000000000000042 ) ) ;
#315 = CARTESIAN_POINT ( 'NONE',  ( 1.949999999999999512, -1.449999999999999956, 0.000000000000000000 ) ) ;
#316 = DIRECTION ( 'NONE',  ( -0.000000000000000000, -0.000000000000000000, -1.000000000000000000 ) ) ;
#317 = FACE_OUTER_BOUND ( 'NONE', #911, .T. ) ;
#318 = DIRECTION ( 'NONE',  ( -1.000000000000000000, -0.000000000000000000, -0.000000000000000000 ) ) ;
#319 = ADVANCED_FACE ( 'NONE', ( #4770 ), #423, .F. ) ;
#320 = EDGE_CURVE ( 'NONE', #1632, #2149, #5952, .T. ) ;
#321 = ORIENTED_EDGE ( 'NONE', *, *, #1111, .T. ) ;
#322 = PLANE ( 'NONE',  #14 ) ;
#323 = FACE_OUTER_BOUND ( 'NONE', #6382, .T. ) ;
#324 = DIRECTION ( 'NONE',  ( 0.000000000000000000, 0.000000000000000000, 1.000000000000000000 ) ) ;
#325 =( LENGTH_UNIT ( ) NAMED_UNIT ( * ) SI_UNIT ( .MILLI., .METRE. ) );
#326 = EDGE_CURVE ( 'NONE', #5463, #6683, #2592, .T. ) ;
#327 = VERTEX_POINT ( 'NONE', #992 ) ;
#328 = LINE ( 'NONE', #2337, #6518 ) ;
#329 = VERTEX_POINT ( 'NONE', #2049 ) ;
#330 = DIRECTION ( 'NONE',  ( 7.885106708985485090E-16, -1.000000000000000000, -0.000000000000000000 ) ) ;
#331 = ADVANCED_FACE ( 'NONE', ( #3681 ), #3158, .F. ) ;
#332 = VERTEX_POINT ( 'NONE', #1026 ) ;
#333 = CARTESIAN_POINT ( 'NONE',  ( 2.500000000000000000, 0.1499999999999995226, 0.1800000000000000211 ) ) ;
#334 = DIRECTION ( 'NONE',  ( -0.000000000000000000, -0.000000000000000000, -1.000000000000000000 ) ) ;
#335 = VECTOR ( 'NONE', #4456, 1000.000000000000000 ) ;
#336 = CARTESIAN_POINT ( 'NONE',  ( 2.500000000000000000, 0.7999999999999994893, 0.1800000000000000211 ) ) ;
#337 = ORIENTED_EDGE ( 'NONE', *, *, #5953, .T. ) ;
#338 = CARTESIAN_POINT ( 'NONE',  ( -0.5000000000000004441, 1.949999999999999956, 0.1800000000000000488 ) ) ;
#339 = LINE ( 'NONE', #245, #6164 ) ;
#340 = VERTEX_POINT ( 'NONE', #3189 ) ;
#341 = ORIENTED_EDGE ( 'NONE', *, *, #4805, .F. ) ;
#342 = DIRECTION ( 'NONE',  ( -0.000000000000000000, -0.000000000000000000, 1.000000000000000000 ) ) ;
#343 = VERTEX_POINT ( 'NONE', #2655 ) ;
#344 = DIRECTION ( 'NONE',  ( 1.000000000000000000, 0.000000000000000000, -0.000000000000000000 ) ) ;
#345 = CARTESIAN_POINT ( 'NONE',  ( -0.1500000000000029921, -2.500000000000000000, 0.1800000000000000211 ) ) ;
#346 = CARTESIAN_POINT ( 'NONE',  ( 1.949999999999999512, 1.149999999999999911, 0.1800000000000000211 ) ) ;
#347 = ORIENTED_EDGE ( 'NONE', *, *, #5296, .F. ) ;
#348 = SURFACE_STYLE_USAGE ( .BOTH. , #5278 ) ;
#349 = EDGE_CURVE ( 'NONE', #3032, #3520, #4810, .T. ) ;
#350 = LINE ( 'NONE', #5240, #3232 ) ;
#351 = CARTESIAN_POINT ( 'NONE',  ( 2.500000000000000000, -1.449999999999999734, 0.1800000000000000211 ) ) ;
#352 = CARTESIAN_POINT ( 'NONE',  ( -0.1500000000000029921, -2.500000000000000000, 0.1800000000000000211 ) ) ;
#353 = ORIENTED_EDGE ( 'NONE', *, *, #2914, .T. ) ;
#354 = CIRCLE ( 'NONE', #1492, 0.03000000000000007869 ) ;
#355 = DIRECTION ( 'NONE',  ( 0.000000000000000000, 0.000000000000000000, 1.000000000000000000 ) ) ;
#356 = ORIENTED_EDGE ( 'NONE', *, *, #512, .T. ) ;
#357 = VECTOR ( 'NONE', #2647, 1000.000000000000000 ) ;
#358 = EDGE_CURVE ( 'NONE', #3697, #2845, #641, .T. ) ;
#359 = EDGE_CURVE ( 'NONE', #619, #3153, #2261, .T. ) ;
#360 = FACE_OUTER_BOUND ( 'NONE', #5055, .T. ) ;
#361 = EDGE_CURVE ( 'NONE', #4310, #4862, #2902, .T. ) ;
#362 = ORIENTED_EDGE ( 'NONE', *, *, #6961, .T. ) ;
#363 = DIRECTION ( 'NONE',  ( -1.000000000000000000, 0.000000000000000000, -0.000000000000000000 ) ) ;
#364 = DIRECTION ( 'NONE',  ( 0.000000000000000000, -1.000000000000000000, 0.000000000000000000 ) ) ;
#365 = ADVANCED_FACE ( 'NONE', ( #4951 ), #5479, .F. ) ;
#366 = ORIENTED_EDGE ( 'NONE', *, *, #2140, .F. ) ;
#367 = AXIS2_PLACEMENT_3D ( 'NONE', #2725, #6023, #2132 ) ;
#368 = EDGE_LOOP ( 'NONE', ( #5955, #3921, #950, #3682 ) ) ;
#369 = DIRECTION ( 'NONE',  ( 1.577021341797097018E-15, 1.000000000000000000, 0.000000000000000000 ) ) ;
#370 = EDGE_CURVE ( 'NONE', #2912, #2079, #5062, .T. ) ;
#371 = ORIENTED_EDGE ( 'NONE', *, *, #3377, .F. ) ;
#372 = VECTOR ( 'NONE', #1001, 1000.000000000000000 ) ;
#373 = CARTESIAN_POINT ( 'NONE',  ( -2.500000000000000000, -2.500000000000000000, 0.000000000000000000 ) ) ;
#374 = DIRECTION ( 'NONE',  ( -1.000000000000000000, -3.942553354492742545E-16, 0.000000000000000000 ) ) ;
#375 = LINE ( 'NONE', #4592, #6272 ) ;
#376 = AXIS2_PLACEMENT_3D ( 'NONE', #5836, #3140, #2108 ) ;
#377 = AXIS2_PLACEMENT_3D ( 'NONE', #3882, #532, #6544 ) ;
#378 = ORIENTED_EDGE ( 'NONE', *, *, #6593, .T. ) ;
#379 = VERTEX_POINT ( 'NONE', #1203 ) ;
#380 = LINE ( 'NONE', #5196, #1237 ) ;
#381 = ORIENTED_EDGE ( 'NONE', *, *, #1009, .T. ) ;
#382 = LINE ( 'NONE', #6333, #1961 ) ;
#383 = VECTOR ( 'NONE', #1559, 1000.000000000000000 ) ;
#384 = VECTOR ( 'NONE', #5938, 1000.000000000000000 ) ;
#385 = CARTESIAN_POINT ( 'NONE',  ( 0.6500000000000000222, 0.000000000000000000, -0.02000000000000000042 ) ) ;
#386 = CARTESIAN_POINT ( 'NONE',  ( 1.949999999999999512, -1.449999999999999956, -0.02000000000000000042 ) ) ;
#387 = VECTOR ( 'NONE', #4399, 1000.000000000000000 ) ;
#388 = AXIS2_PLACEMENT_3D ( 'NONE', #4634, #6269, #5745 ) ;
#389 = ORIENTED_EDGE ( 'NONE', *, *, #4168, .F. ) ;
#390 = LINE ( 'NONE', #6340, #5834 ) ;
#391 = FACE_OUTER_BOUND ( 'NONE', #560, .T. ) ;
#392 = DIRECTION ( 'NONE',  ( -0.000000000000000000, -0.000000000000000000, 1.000000000000000000 ) ) ;
#393 = EDGE_CURVE ( 'NONE', #703, #2426, #3813, .T. ) ;
#394 = ORIENTED_EDGE ( 'NONE', *, *, #5871, .T. ) ;
#395 = EDGE_CURVE ( 'NONE', #5096, #3967, #2862, .T. ) ;
#396 = CLOSED_SHELL ( 'NONE', ( #3488, #2574, #2364, #4943, #4208, #6072 ) ) ;
#397 = CARTESIAN_POINT ( 'NONE',  ( 1.949999999999999512, 1.449999999999999956, -0.02000000000000000042 ) ) ;
#398 = ORIENTED_EDGE ( 'NONE', *, *, #1342, .T. ) ;
#399 = ADVANCED_FACE ( 'NONE', ( #182 ), #213, .F. ) ;
#400 = CARTESIAN_POINT ( 'NONE',  ( 0.5000000000000000000, 2.500000000000000000, -0.02000000000000000042 ) ) ;
#401 = ORIENTED_EDGE ( 'NONE', *, *, #5214, .F. ) ;
#402 = CARTESIAN_POINT ( 'NONE',  ( 0.7999999999999999334, -2.500000000000000000, 0.000000000000000000 ) ) ;
#403 = DIRECTION ( 'NONE',  ( 1.577021341797097018E-15, 1.000000000000000000, 0.000000000000000000 ) ) ;
#404 = EDGE_CURVE ( 'NONE', #4665, #643, #5474, .T. ) ;
#405 = ORIENTED_EDGE ( 'NONE', *, *, #4576, .T. ) ;
#406 = EDGE_CURVE ( 'NONE', #3037, #5290, #3293, .T. ) ;
#407 = ADVANCED_FACE ( 'NONE', ( #2827 ), #6091, .T. ) ;
#408 = EDGE_CURVE ( 'NONE', #2705, #263, #599, .T. ) ;
#409 = CARTESIAN_POINT ( 'NONE',  ( 0.7999999999999999334, 2.500000000000000000, 0.1800000000000000211 ) ) ;
#410 = AXIS2_PLACEMENT_3D ( 'NONE', #5546, #6085, #4442 ) ;
#411 = VERTEX_POINT ( 'NONE', #6632 ) ;
#412 = DIRECTION ( 'NONE',  ( -1.000000000000000000, -0.000000000000000000, -0.000000000000000000 ) ) ;
#413 = CARTESIAN_POINT ( 'NONE',  ( -1.949999999999999956, -0.7999999999999999334, 0.1800000000000000211 ) ) ;
#414 = DIRECTION ( 'NONE',  ( -7.885106708985485090E-16, 1.000000000000000000, 0.000000000000000000 ) ) ;
#415 = EDGE_CURVE ( 'NONE', #5902, #2637, #3956, .T. ) ;
#416 = ORIENTED_EDGE ( 'NONE', *, *, #6652, .F. ) ;
#417 = ORIENTED_EDGE ( 'NONE', *, *, #3026, .T. ) ;
#418 = LINE ( 'NONE', #1941, #675 ) ;
#419 = ORIENTED_EDGE ( 'NONE', *, *, #6917, .F. ) ;
#420 = CARTESIAN_POINT ( 'NONE',  ( 0.5000000000000000000, 2.500000000000000000, 0.1800000000000000211 ) ) ;
#421 = LINE ( 'NONE', #2588, #1144 ) ;
#422 = FACE_OUTER_BOUND ( 'NONE', #5545, .T. ) ;
#423 = PLANE ( 'NONE',  #1195 ) ;
#424 = EDGE_CURVE ( 'NONE', #3595, #6263, #5141, .T. ) ;
#425 = EDGE_LOOP ( 'NONE', ( #1324, #1012, #2246, #2982 ) ) ;
#426 = PRESENTATION_STYLE_ASSIGNMENT (( #3610 ) ) ;
#427 = UNCERTAINTY_MEASURE_WITH_UNIT (LENGTH_MEASURE( 1.000000000000000082E-05 ), #4824, 'distance_accuracy_value', 'NONE');
#428 = LINE ( 'NONE', #2518, #3003 ) ;
#429 = DIRECTION ( 'NONE',  ( -1.000000000000000000, -0.000000000000000000, -0.000000000000000000 ) ) ;
#430 = CARTESIAN_POINT ( 'NONE',  ( 0.1499999999999999667, 2.500000000000000000, -0.02000000000000000042 ) ) ;
#431 = FILL_AREA_STYLE_COLOUR ( '', #6718 ) ;
#432 = EDGE_LOOP ( 'NONE', ( #632, #1089, #6901, #6627, #3423, #1614, #448, #4797, #4512, #6058, #5746, #4680, #2242, #2083, #6202, #4736, #3729, #3876, #2005, #3370, #5895, #6656, #2682, #5298 ) ) ;
#433 = EDGE_LOOP ( 'NONE', ( #2965, #5132, #4595, #5151 ) ) ;
#434 = LINE ( 'NONE', #397, #647 ) ;
#435 = ORIENTED_EDGE ( 'NONE', *, *, #3489, .T. ) ;
#436 = DIRECTION ( 'NONE',  ( 1.577021341797097412E-15, 1.000000000000000000, 0.000000000000000000 ) ) ;
#437 = VERTEX_POINT ( 'NONE', #2228 ) ;
#438 =( LENGTH_UNIT ( ) NAMED_UNIT ( * ) SI_UNIT ( .MILLI., .METRE. ) );
#439 = LINE ( 'NONE', #3100, #2758 ) ;
#440 = DIRECTION ( 'NONE',  ( -1.000000000000000000, 0.000000000000000000, 0.000000000000000000 ) ) ;
#441 = EDGE_CURVE ( 'NONE', #2954, #2754, #6547, .T. ) ;
#442 = ORIENTED_EDGE ( 'NONE', *, *, #968, .T. ) ;
#443 = DIRECTION ( 'NONE',  ( 1.000000000000000000, 0.000000000000000000, 0.000000000000000000 ) ) ;
#444 = ORIENTED_EDGE ( 'NONE', *, *, #6180, .T. ) ;
#445 = LINE ( 'NONE', #2540, #4222 ) ;
#446 = EDGE_CURVE ( 'NONE', #5735, #1231, #1152, .T. ) ;
#447 = CARTESIAN_POINT ( 'NONE',  ( 2.500000000000000000, 1.449999999999999512, 0.1800000001139778760 ) ) ;
#448 = ORIENTED_EDGE ( 'NONE', *, *, #2580, .T. ) ;
#449 = EDGE_LOOP ( 'NONE', ( #6710, #6246, #1661, #2043 ) ) ;
#450 = LINE ( 'NONE', #4237, #6210 ) ;
#451 = EDGE_LOOP ( 'NONE', ( #4723, #3803, #37, #6972 ) ) ;
#452 = CARTESIAN_POINT ( 'NONE',  ( -1.149999999999999911, -2.500000000000000000, 0.000000000000000000 ) ) ;
#453 = EDGE_CURVE ( 'NONE', #3840, #4843, #5518, .T. ) ;
#454 = EDGE_CURVE ( 'NONE', #6690, #2111, #1765, .T. ) ;
#455 = EDGE_CURVE ( 'NONE', #4186, #22, #375, .T. ) ;
#456 = CARTESIAN_POINT ( 'NONE',  ( -1.624999999999999778, -1.624999999999999334, -0.02000000000000000042 ) ) ;
#457 = DIRECTION ( 'NONE',  ( -0.000000000000000000, -1.000000000000000000, -0.000000000000000000 ) ) ;
#458 = CARTESIAN_POINT ( 'NONE',  ( 1.149999999999997025, -2.500000000000000000, 0.1800000000000000211 ) ) ;
#459 = ORIENTED_EDGE ( 'NONE', *, *, #4829, .F. ) ;
#460 = PRESENTATION_LAYER_ASSIGNMENT (  '', '', ( #3845 ) ) ;
#461 = ADVANCED_FACE ( 'NONE', ( #2970 ), #5167, .T. ) ;
#462 = VECTOR ( 'NONE', #2887, 1000.000000000000000 ) ;
#463 = DIRECTION ( 'NONE',  ( 0.000000000000000000, 0.000000000000000000, -1.000000000000000000 ) ) ;
#464 = DIRECTION ( 'NONE',  ( -0.000000000000000000, 0.000000000000000000, 1.000000000000000000 ) ) ;
#465 = DIRECTION ( 'NONE',  ( 0.000000000000000000, 1.000000000000000000, 0.000000000000000000 ) ) ;
#466 = LINE ( 'NONE', #2027, #1500 ) ;
#467 = EDGE_LOOP ( 'NONE', ( #4335, #5143, #3344, #2628 ) ) ;
#468 = CARTESIAN_POINT ( 'NONE',  ( -1.949999999999999956, -1.149999999999999467, 0.000000000000000000 ) ) ;
#469 = VECTOR ( 'NONE', #6792, 1000.000000000000000 ) ;
#470 = DIRECTION ( 'NONE',  ( 1.577021341797097018E-15, 1.000000000000000000, 0.000000000000000000 ) ) ;
#471 = VERTEX_POINT ( 'NONE', #3990 ) ;
#472 = SURFACE_STYLE_FILL_AREA ( #6488 ) ;
#473 = CARTESIAN_POINT ( 'NONE',  ( -1.949999999999999956, -1.149999999999999467, 0.1800000001139778760 ) ) ;
#474 = FACE_OUTER_BOUND ( 'NONE', #4482, .T. ) ;
#475 = AXIS2_PLACEMENT_3D ( 'NONE', #3542, #858, #3021 ) ;
#476 = ORIENTED_EDGE ( 'NONE', *, *, #5768, .F. ) ;
#477 = AXIS2_PLACEMENT_3D ( 'NONE', #385, #4137, #5772 ) ;
#478 = LINE ( 'NONE', #1043, #945 ) ;
#479 = ORIENTED_EDGE ( 'NONE', *, *, #45, .T. ) ;
#480 = DIRECTION ( 'NONE',  ( 0.000000000000000000, -0.000000000000000000, 1.000000000000000000 ) ) ;
#481 = DIRECTION ( 'NONE',  ( 0.000000000000000000, -1.000000000000000000, 0.000000000000000000 ) ) ;
#482 = PRESENTATION_LAYER_ASSIGNMENT (  '', '', ( #1274 ) ) ;
#483 = ORIENTED_EDGE ( 'NONE', *, *, #1922, .F. ) ;
#484 = VERTEX_POINT ( 'NONE', #5092 ) ;
#485 = CARTESIAN_POINT ( 'NONE',  ( 1.625000000000000222, 1.625000000000000222, -0.02000000000000000042 ) ) ;
#486 = ORIENTED_EDGE ( 'NONE', *, *, #1764, .F. ) ;
#487 = DIRECTION ( 'NONE',  ( 7.885106708985479173E-16, 1.000000000000000000, -0.000000000000000000 ) ) ;
#488 = VECTOR ( 'NONE', #5962, 1000.000000000000000 ) ;
#489 = CARTESIAN_POINT ( 'NONE',  ( 2.500000000000000000, 0.5000000000000002220, -0.02000000000000000042 ) ) ;
#490 = VECTOR ( 'NONE', #3938, 1000.000000000000000 ) ;
#492 = VECTOR ( 'NONE', #103, 1000.000000000000000 ) ;
#491 = SURFACE_SIDE_STYLE ('',( #3742 ) ) ;
#493 = LINE ( 'NONE', #4842, #2778 ) ;
#494 = EDGE_CURVE ( 'NONE', #266, #6237, #2442, .T. ) ;
#495 = EDGE_CURVE ( 'NONE', #3280, #5111, #2545, .T. ) ;
#496 = EDGE_LOOP ( 'NONE', ( #6873, #4529, #1855, #1829 ) ) ;
#497 = FILL_AREA_STYLE ('',( #4712 ) ) ;
#498 = VECTOR ( 'NONE', #2330, 1000.000000000000000 ) ;
#499 = UNCERTAINTY_MEASURE_WITH_UNIT (LENGTH_MEASURE( 1.000000000000000082E-05 ), #4754, 'distance_accuracy_value', 'NONE');
#501 = AXIS2_PLACEMENT_3D ( 'NONE', #5697, #2004, #3005 ) ;
#500 = APPLICATION_CONTEXT ( 'automotive_design' ) ;
#502 = AXIS2_PLACEMENT_3D ( 'NONE', #1821, #1869, #6121 ) ;
#503 = DIRECTION ( 'NONE',  ( 1.000000000000000000, 3.942553354492742545E-16, 0.000000000000000000 ) ) ;
#504 = PLANE ( 'NONE',  #2766 ) ;
#505 = VECTOR ( 'NONE', #2074, 1000.000000000000000 ) ;
#506 = CARTESIAN_POINT ( 'NONE',  ( -2.069999999999999840, 2.069999999999999840, 0.7800000000000000266 ) ) ;
#507 = CARTESIAN_POINT ( 'NONE',  ( -2.469999999999999751, 2.469999999999999751, 0.7500000000000000000 ) ) ;
#508 = ORIENTED_EDGE ( 'NONE', *, *, #3880, .T. ) ;
#509 = VECTOR ( 'NONE', #6313, 1000.000000000000000 ) ;
#510 = PRESENTATION_LAYER_ASSIGNMENT (  '', '', ( #2086 ) ) ;
#511 = ORIENTED_EDGE ( 'NONE', *, *, #291, .T. ) ;
#512 = EDGE_CURVE ( 'NONE', #4624, #6391, #1344, .T. ) ;
#513 = CARTESIAN_POINT ( 'NONE',  ( -0.1499999999999999667, 2.500000000000000000, -0.02000000000000000042 ) ) ;
#514 = FACE_OUTER_BOUND ( 'NONE', #1228, .T. ) ;
#515 = ORIENTED_EDGE ( 'NONE', *, *, #2275, .T. ) ;
#516 = AXIS2_PLACEMENT_3D ( 'NONE', #1800, #6131, #1275 ) ;
#517 = LINE ( 'NONE', #4931, #5254 ) ;
#518 = CARTESIAN_POINT ( 'NONE',  ( -1.949999999999999956, 1.450000000000000400, 0.000000000000000000 ) ) ;
#519 = CARTESIAN_POINT ( 'NONE',  ( 0.000000000000000000, 1.300000000000000044, -0.02000000000000000042 ) ) ;
#520 = ORIENTED_EDGE ( 'NONE', *, *, #3278, .T. ) ;
#521 = EDGE_CURVE ( 'NONE', #4291, #6359, #2770, .T. ) ;
#522 = ORIENTED_EDGE ( 'NONE', *, *, #3134, .T. ) ;
#523 = AXIS2_PLACEMENT_3D ( 'NONE', #83, #3854, #3378 ) ;
#524 = DIRECTION ( 'NONE',  ( 1.000000000000000000, 0.000000000000000000, 0.000000000000000000 ) ) ;
#525 = EDGE_LOOP ( 'NONE', ( #3833, #1742, #4781, #2718 ) ) ;
#526 = DIRECTION ( 'NONE',  ( -7.885106708985485090E-16, -1.000000000000000000, 0.000000000000000000 ) ) ;
#527 = CARTESIAN_POINT ( 'NONE',  ( 1.449999999999999956, 2.500000000000000000, -0.02000000000000000042 ) ) ;
#528 = LINE ( 'NONE', #1116, #613 ) ;
#529 = EDGE_LOOP ( 'NONE', ( #5760, #2300, #271, #5770 ) ) ;
#530 = CARTESIAN_POINT ( 'NONE',  ( 2.500000000000000000, 1.449999999999999512, -0.02000000000000000042 ) ) ;
#531 = ORIENTED_EDGE ( 'NONE', *, *, #3992, .F. ) ;
#532 = DIRECTION ( 'NONE',  ( -1.000000000000000000, 7.885106708985487062E-16, 0.000000000000000000 ) ) ;
#533 = CARTESIAN_POINT ( 'NONE',  ( -1.949999999999999956, -1.149999999999999467, -0.02000000000000000042 ) ) ;
#534 = AXIS2_PLACEMENT_3D ( 'NONE', #4646, #6624, #1924 ) ;
#535 = DIRECTION ( 'NONE',  ( -1.000000000000000000, -0.000000000000000000, -0.000000000000000000 ) ) ;
#536 = ORIENTED_EDGE ( 'NONE', *, *, #5841, .T. ) ;
#537 = VERTEX_POINT ( 'NONE', #3507 ) ;
#538 = CARTESIAN_POINT ( 'NONE',  ( 0.1499999999999995226, 1.949999999999999956, 0.1800000000000000488 ) ) ;
#539 = ADVANCED_FACE ( 'NONE', ( #1441 ), #5765, .F. ) ;
#540 = EDGE_CURVE ( 'NONE', #4546, #6623, #5637, .T. ) ;
#541 = CARTESIAN_POINT ( 'NONE',  ( 1.949999999999999512, 0.5000000000000000000, -0.02000000000000000042 ) ) ;
#542 = CARTESIAN_POINT ( 'NONE',  ( -0.5000000000000004441, -1.949999999999999956, 0.1800000000000000488 ) ) ;
#543 = CARTESIAN_POINT ( 'NONE',  ( 0.000000000000000000, -2.469999999999999751, 0.7500000000000000000 ) ) ;
#544 = ORIENTED_EDGE ( 'NONE', *, *, #1250, .F. ) ;
#545 = PLANE ( 'NONE',  #2102 ) ;
#546 = VERTEX_POINT ( 'NONE', #6161 ) ;
#547 = PRESENTATION_STYLE_ASSIGNMENT (( #2107 ) ) ;
#548 = FACE_OUTER_BOUND ( 'NONE', #1439, .T. ) ;
#549 = EDGE_CURVE ( 'NONE', #2765, #3840, #339, .T. ) ;
#550 = ORIENTED_EDGE ( 'NONE', *, *, #5964, .F. ) ;
#551 = ADVANCED_FACE ( 'NONE', ( #3476 ), #5703, .F. ) ;
#552 = ORIENTED_EDGE ( 'NONE', *, *, #79, .T. ) ;
#553 = LINE ( 'NONE', #6991, #6912 ) ;
#554 = ORIENTED_EDGE ( 'NONE', *, *, #4416, .T. ) ;
#555 = LINE ( 'NONE', #1113, #6037 ) ;
#556 = DIRECTION ( 'NONE',  ( 0.000000000000000000, -1.000000000000000000, 0.000000000000000000 ) ) ;
#557 = EDGE_CURVE ( 'NONE', #5868, #2478, #1310, .T. ) ;
#558 = DIRECTION ( 'NONE',  ( 1.000000000000000000, 0.000000000000000000, -0.000000000000000000 ) ) ;
#559 = DIRECTION ( 'NONE',  ( 1.000000000000000000, -7.885106708985478187E-16, 0.000000000000000000 ) ) ;
#560 = EDGE_LOOP ( 'NONE', ( #511, #1805, #3309, #6886 ) ) ;
#561 = CARTESIAN_POINT ( 'NONE',  ( 0.1499999999999999667, -2.500000000000000000, 0.1800000000000000211 ) ) ;
#562 = ORIENTED_EDGE ( 'NONE', *, *, #2729, .T. ) ;
#563 = CARTESIAN_POINT ( 'NONE',  ( -0.7999999999999999334, 2.500000000000000000, -0.02000000000000000042 ) ) ;
#564 = ADVANCED_FACE ( 'NONE', ( #4629 ), #6259, .T. ) ;
#565 = CARTESIAN_POINT ( 'NONE',  ( 1.449999999999999956, 2.500000000000000000, 0.000000000000000000 ) ) ;
#566 = DIRECTION ( 'NONE',  ( 1.000000000000000000, 0.000000000000000000, 0.000000000000000000 ) ) ;
#567 = ORIENTED_EDGE ( 'NONE', *, *, #4805, .T. ) ;
#568 = ORIENTED_EDGE ( 'NONE', *, *, #2392, .T. ) ;
#569 = FILL_AREA_STYLE ('',( #5410 ) ) ;
#570 = DIRECTION ( 'NONE',  ( -1.000000000000000000, -7.885106708985487062E-16, 0.000000000000000000 ) ) ;
#571 = CARTESIAN_POINT ( 'NONE',  ( -1.450000000000002842, -2.500000000000000000, 0.000000000000000000 ) ) ;
#572 = PLANE ( 'NONE',  #4921 ) ;
#573 = CARTESIAN_POINT ( 'NONE',  ( -0.7999999999999999334, 2.500000000000000000, 0.1800000000000000211 ) ) ;
#574 = VERTEX_POINT ( 'NONE', #6737 ) ;
#575 = DIRECTION ( 'NONE',  ( -1.000000000000000000, 0.000000000000000000, -0.000000000000000000 ) ) ;
#576 = AXIS2_PLACEMENT_3D ( 'NONE', #2816, #164, #5007 ) ;
#577 = DIRECTION ( 'NONE',  ( -1.000000000000000000, -7.885106708985487062E-16, 0.000000000000000000 ) ) ;
#578 = EDGE_LOOP ( 'NONE', ( #522, #4292, #2153, #3773 ) ) ;
#579 = CARTESIAN_POINT ( 'NONE',  ( 0.1499999999999999667, -2.500000000000000000, 0.1800000000000000211 ) ) ;
#580 = LINE ( 'NONE', #518, #2430 ) ;
#581 = SURFACE_STYLE_USAGE ( .BOTH. , #2813 ) ;
#582 = VERTEX_POINT ( 'NONE', #5222 ) ;
#583 = ADVANCED_FACE ( 'NONE', ( #4061 ), #3573, .T. ) ;
#584 = EDGE_CURVE ( 'NONE', #6244, #5902, #3011, .T. ) ;
#585 = CARTESIAN_POINT ( 'NONE',  ( 2.500000000000000000, -1.150000000000000355, 0.1800000000000000211 ) ) ;
#586 = VERTEX_POINT ( 'NONE', #6802 ) ;
#587 = LINE ( 'NONE', #6572, #3103 ) ;
#588 = DIRECTION ( 'NONE',  ( -1.000000000000000000, -0.000000000000000000, -0.000000000000000000 ) ) ;
#589 = VECTOR ( 'NONE', #2398, 1000.000000000000000 ) ;
#590 = AXIS2_PLACEMENT_3D ( 'NONE', #5021, #1266, #104 ) ;
#591 = ADVANCED_FACE ( 'NONE', ( #6830 ), #1975, .F. ) ;
#592 = ADVANCED_FACE ( 'NONE', ( #943 ), #3630, .F. ) ;
#593 = ORIENTED_EDGE ( 'NONE', *, *, #6902, .T. ) ;
#594 = PLANE ( 'NONE',  #3745 ) ;
#595 = ORIENTED_EDGE ( 'NONE', *, *, #4138, .F. ) ;
#596 = CARTESIAN_POINT ( 'NONE',  ( 1.149999999999997913, -1.949999999999999956, 0.1800000000000000488 ) ) ;
#597 = PRESENTATION_LAYER_ASSIGNMENT (  '', '', ( #3643 ) ) ;
#598 = DIRECTION ( 'NONE',  ( -1.000000000000000000, 0.000000000000000000, 0.000000000000000000 ) ) ;
#599 = LINE ( 'NONE', #4452, #4225 ) ;
#600 = ORIENTED_EDGE ( 'NONE', *, *, #3193, .T. ) ;
#601 = AXIS2_PLACEMENT_3D ( 'NONE', #6675, #3446, #5605 ) ;
#602 = EDGE_LOOP ( 'NONE', ( #2080, #1220, #5378, #2573 ) ) ;
#603 =( NAMED_UNIT ( * ) PLANE_ANGLE_UNIT ( ) SI_UNIT ( $, .RADIAN. ) );
#604 = VECTOR ( 'NONE', #1908, 1000.000000000000000 ) ;
#605 = CARTESIAN_POINT ( 'NONE',  ( 2.499999999999999556, -2.469999999999999751, 0.000000000000000000 ) ) ;
#606 = DIRECTION ( 'NONE',  ( 1.000000000000000000, -7.885106708985480159E-16, 0.000000000000000000 ) ) ;
#607 = PLANE ( 'NONE',  #6637 ) ;
#608 = CARTESIAN_POINT ( 'NONE',  ( -0.5000000000000004441, -1.949999999999999956, -0.02000000000000000042 ) ) ;
#609 = VECTOR ( 'NONE', #4508, 1000.000000000000000 ) ;
#610 = VECTOR ( 'NONE', #6256, 1000.000000000000000 ) ;
#611 = CARTESIAN_POINT ( 'NONE',  ( 1.300000000000000044, 0.000000000000000000, -0.02000000000000000042 ) ) ;
#612 = CARTESIAN_POINT ( 'NONE',  ( 2.500000000000000000, -0.1499999999999997446, 0.1800000000000000211 ) ) ;
#613 = VECTOR ( 'NONE', #5400, 1000.000000000000000 ) ;
#614 = ORIENTED_EDGE ( 'NONE', *, *, #5776, .F. ) ;
#615 = DIRECTION ( 'NONE',  ( -1.000000000000000000, 0.000000000000000000, 0.000000000000000000 ) ) ;
#616 = FACE_OUTER_BOUND ( 'NONE', #948, .T. ) ;
#617 = VECTOR ( 'NONE', #3237, 1000.000000000000000 ) ;
#618 = PRESENTATION_STYLE_ASSIGNMENT (( #1078 ) ) ;
#619 = VERTEX_POINT ( 'NONE', #5876 ) ;
#620 = VECTOR ( 'NONE', #141, 1000.000000000000000 ) ;
#621 = EDGE_CURVE ( 'NONE', #4830, #6104, #4233, .T. ) ;
#622 = ORIENTED_EDGE ( 'NONE', *, *, #2713, .F. ) ;
#623 = AXIS2_PLACEMENT_3D ( 'NONE', #4713, #1358, #5147 ) ;
#624 = LINE ( 'NONE', #1542, #6234 ) ;
#625 = ORIENTED_EDGE ( 'NONE', *, *, #1015, .T. ) ;
#626 = CARTESIAN_POINT ( 'NONE',  ( 1.949999999999999512, 0.5000000000000000000, -0.02000000000000000042 ) ) ;
#627 = CARTESIAN_POINT ( 'NONE',  ( 0.7999999999999999334, 2.500000000000000000, 0.1800000000000000211 ) ) ;
#628 = CARTESIAN_POINT ( 'NONE',  ( 2.469999999999999751, 0.000000000000000000, 0.7500000000000000000 ) ) ;
#629 = EDGE_CURVE ( 'NONE', #1041, #5110, #5297, .T. ) ;
#630 = VECTOR ( 'NONE', #6915, 1000.000000000000000 ) ;
#631 = DIRECTION ( 'NONE',  ( -0.000000000000000000, -1.000000000000000000, -0.000000000000000000 ) ) ;
#632 = ORIENTED_EDGE ( 'NONE', *, *, #3545, .F. ) ;
#633 = AXIS2_PLACEMENT_3D ( 'NONE', #5813, #1059, #3641 ) ;
#634 = DIRECTION ( 'NONE',  ( -0.000000000000000000, -0.000000000000000000, -1.000000000000000000 ) ) ;
#635 = EDGE_LOOP ( 'NONE', ( #1484, #6793, #4395, #5684 ) ) ;
#636 = DIRECTION ( 'NONE',  ( 1.000000000000000000, -7.885106708985478187E-16, -0.000000000000000000 ) ) ;
#637 = CARTESIAN_POINT ( 'NONE',  ( -1.450000000000002842, -2.500000000000000000, 0.1800000000000000211 ) ) ;
#638 = AXIS2_PLACEMENT_3D ( 'NONE', #823, #3484, #4602 ) ;
#639 = EDGE_CURVE ( 'NONE', #1810, #692, #6899, .T. ) ;
#640 = FILL_AREA_STYLE_COLOUR ( '', #4889 ) ;
#641 = LINE ( 'NONE', #6668, #1519 ) ;
#642 = VERTEX_POINT ( 'NONE', #447 ) ;
#643 = VERTEX_POINT ( 'NONE', #4731 ) ;
#644 = LINE ( 'NONE', #4347, #5305 ) ;
#645 = DIRECTION ( 'NONE',  ( -0.000000000000000000, 0.000000000000000000, 1.000000000000000000 ) ) ;
#646 = PLANE ( 'NONE',  #1202 ) ;
#647 = VECTOR ( 'NONE', #6419, 1000.000000000000000 ) ;
#648 = CARTESIAN_POINT ( 'NONE',  ( 0.000000000000000000, 0.000000000000000000, -0.02000000000000000042 ) ) ;
#649 = LINE ( 'NONE', #2804, #617 ) ;
#650 = ADVANCED_FACE ( 'NONE', ( #1017 ), #5327, .F. ) ;
#651 = DIRECTION ( 'NONE',  ( -1.000000000000000000, 0.000000000000000000, 0.000000000000000000 ) ) ;
#652 = DIRECTION ( 'NONE',  ( -1.000000000000000000, 0.000000000000000000, -0.000000000000000000 ) ) ;
#653 = CARTESIAN_POINT ( 'NONE',  ( 0.000000000000000000, 2.469999999999999751, 0.7500000000000000000 ) ) ;
#654 = ORIENTED_EDGE ( 'NONE', *, *, #106, .F. ) ;
#655 = CARTESIAN_POINT ( 'NONE',  ( 0.5000000000000000000, 1.949999999999999956, 0.1800000000000000211 ) ) ;
#656 = DIRECTION ( 'NONE',  ( 0.000000000000000000, 1.000000000000000000, 0.000000000000000000 ) ) ;
#657 = SURFACE_STYLE_FILL_AREA ( #3307 ) ;
#658 = ORIENTED_EDGE ( 'NONE', *, *, #454, .T. ) ;
#659 = ORIENTED_EDGE ( 'NONE', *, *, #1694, .T. ) ;
#660 = LINE ( 'NONE', #1221, #6810 ) ;
#661 = ORIENTED_EDGE ( 'NONE', *, *, #4661, .F. ) ;
#662 = PRESENTATION_STYLE_ASSIGNMENT (( #3525 ) ) ;
#663 = CARTESIAN_POINT ( 'NONE',  ( 1.949999999999999512, 0.1499999999999999667, -0.02000000000000000042 ) ) ;
#664 = FACE_OUTER_BOUND ( 'NONE', #3924, .T. ) ;
#665 = PLANE ( 'NONE',  #966 ) ;
#666 = ORIENTED_EDGE ( 'NONE', *, *, #1009, .F. ) ;
#667 = FACE_OUTER_BOUND ( 'NONE', #5825, .T. ) ;
#668 = ADVANCED_FACE ( 'NONE', ( #5266 ), #6399, .F. ) ;
#669 = EDGE_CURVE ( 'NONE', #688, #4637, #6928, .T. ) ;
#670 = CARTESIAN_POINT ( 'NONE',  ( -2.500000000000000000, 1.450000000000000178, -0.02000000000000000042 ) ) ;
#671 = ORIENTED_EDGE ( 'NONE', *, *, #3822, .F. ) ;
#672 = CARTESIAN_POINT ( 'NONE',  ( -2.500000000000000000, -1.149999999999999689, 0.000000000000000000 ) ) ;
#673 = PLANE ( 'NONE',  #1944 ) ;
#674 = CARTESIAN_POINT ( 'NONE',  ( 2.499999999999999556, -2.500000000000000000, 0.000000000000000000 ) ) ;
#675 = VECTOR ( 'NONE', #6264, 1000.000000000000000 ) ;
#676 = ORIENTED_EDGE ( 'NONE', *, *, #892, .F. ) ;
#677 = VERTEX_POINT ( 'NONE', #6870 ) ;
#678 = PLANE ( 'NONE',  #3292 ) ;
#679 = EDGE_CURVE ( 'NONE', #1231, #2099, #4800, .T. ) ;
#680 = FACE_OUTER_BOUND ( 'NONE', #5427, .T. ) ;
#681 = FACE_OUTER_BOUND ( 'NONE', #6651, .T. ) ;
#682 = CARTESIAN_POINT ( 'NONE',  ( 0.1499999999999999667, 2.500000000000000000, -0.02000000000000000042 ) ) ;
#683 = DIRECTION ( 'NONE',  ( 0.000000000000000000, -1.000000000000000000, 0.000000000000000000 ) ) ;
#684 = DIRECTION ( 'NONE',  ( 1.000000000000000000, 3.942553354492739587E-16, 0.000000000000000000 ) ) ;
#685 = CARTESIAN_POINT ( 'NONE',  ( -1.949999999999999956, -0.4999999999999995559, -0.02000000000000000042 ) ) ;
#686 = ADVANCED_FACE ( 'NONE', ( #2075 ), #4198, .F. ) ;
#687 = CARTESIAN_POINT ( 'NONE',  ( -2.500000000000000000, 2.500000000000000000, 0.000000000000000000 ) ) ;
#688 = VERTEX_POINT ( 'NONE', #2581 ) ;
#689 = CARTESIAN_POINT ( 'NONE',  ( -0.1499999999999999667, 1.949999999999999956, 0.000000000000000000 ) ) ;
#690 = DIRECTION ( 'NONE',  ( -0.000000000000000000, -0.000000000000000000, -1.000000000000000000 ) ) ;
#691 =( LENGTH_UNIT ( ) NAMED_UNIT ( * ) SI_UNIT ( .MILLI., .METRE. ) );
#692 = VERTEX_POINT ( 'NONE', #1802 ) ;
#693 = ORIENTED_EDGE ( 'NONE', *, *, #2962, .T. ) ;
#694 = LINE ( 'NONE', #201, #462 ) ;
#695 = ORIENTED_EDGE ( 'NONE', *, *, #2928, .F. ) ;
#696 = CARTESIAN_POINT ( 'NONE',  ( 1.949999999999999512, -0.5000000000000000000, -0.02000000000000000042 ) ) ;
#697 = PLANE ( 'NONE',  #3998 ) ;
#698 = CARTESIAN_POINT ( 'NONE',  ( -2.500000000000000000, -1.449999999999999734, 0.000000000000000000 ) ) ;
#699 = EDGE_LOOP ( 'NONE', ( #6926, #999, #5622, #658 ) ) ;
#700 = ORIENTED_EDGE ( 'NONE', *, *, #494, .T. ) ;
#701 = DIRECTION ( 'NONE',  ( 1.000000000000000000, 0.000000000000000000, 0.000000000000000000 ) ) ;
#702 = CARTESIAN_POINT ( 'NONE',  ( -2.500000000000000000, 2.500000000000000000, 0.000000000000000000 ) ) ;
#703 = VERTEX_POINT ( 'NONE', #5526 ) ;
#704 = LINE ( 'NONE', #5591, #737 ) ;
#705 = VECTOR ( 'NONE', #4444, 1000.000000000000000 ) ;
#706 = CARTESIAN_POINT ( 'NONE',  ( -2.500000000000000000, 1.150000000000000133, -0.02000000000000000042 ) ) ;
#707 = DIRECTION ( 'NONE',  ( -0.000000000000000000, -0.000000000000000000, 1.000000000000000000 ) ) ;
#708 = EDGE_CURVE ( 'NONE', #3652, #1716, #5990, .T. ) ;
#709 =( GEOMETRIC_REPRESENTATION_CONTEXT ( 3 ) GLOBAL_UNCERTAINTY_ASSIGNED_CONTEXT ( ( #1425 ) ) GLOBAL_UNIT_ASSIGNED_CONTEXT ( ( #846, #3039, #4223 ) ) REPRESENTATION_CONTEXT ( 'NONE', 'WORKASPACE' ) );
#710 = EDGE_LOOP ( 'NONE', ( #4236, #305, #3657, #4057 ) ) ;
#711 = EDGE_CURVE ( 'NONE', #293, #5868, #2769, .T. ) ;
#712 = ORIENTED_EDGE ( 'NONE', *, *, #924, .F. ) ;
#713 = DIRECTION ( 'NONE',  ( -1.000000000000000000, 0.000000000000000000, 0.000000000000000000 ) ) ;
#714 = CARTESIAN_POINT ( 'NONE',  ( -2.500000000000000000, 0.5000000000000002220, 0.000000000000000000 ) ) ;
#715 =( GEOMETRIC_REPRESENTATION_CONTEXT ( 3 ) GLOBAL_UNCERTAINTY_ASSIGNED_CONTEXT ( ( #3685 ) ) GLOBAL_UNIT_ASSIGNED_CONTEXT ( ( #2918, #6140, #3057 ) ) REPRESENTATION_CONTEXT ( 'NONE', 'WORKASPACE' ) );
#716 = DIRECTION ( 'NONE',  ( -0.000000000000000000, 1.000000000000000000, -0.000000000000000000 ) ) ;
#717 = CARTESIAN_POINT ( 'NONE',  ( 2.500000000000000000, -0.5000000000000004441, -0.02000000000000000042 ) ) ;
#718 = PLANE ( 'NONE',  #3341 ) ;
#719 = CARTESIAN_POINT ( 'NONE',  ( 2.500000000000000000, -0.1499999999999997446, 0.1800000000000000211 ) ) ;
#720 = DIRECTION ( 'NONE',  ( 0.000000000000000000, 1.000000000000000000, -0.000000000000000000 ) ) ;
#721 = ADVANCED_FACE ( 'NONE', ( #5560 ), #718, .F. ) ;
#722 = EDGE_CURVE ( 'NONE', #4839, #3094, #2237, .T. ) ;
#723 = ORIENTED_EDGE ( 'NONE', *, *, #5829, .T. ) ;
#724 = VECTOR ( 'NONE', #2088, 1000.000000000000000 ) ;
#725 = CARTESIAN_POINT ( 'NONE',  ( -1.949999999999999956, 1.149999999999999911, 0.1800000001139778760 ) ) ;
#726 = CARTESIAN_POINT ( 'NONE',  ( -1.949999999999999956, -0.4999999999999995559, 0.1800000000000000211 ) ) ;
#727 = FACE_OUTER_BOUND ( 'NONE', #1604, .T. ) ;
#728 = FILL_AREA_STYLE_COLOUR ( '', #1384 ) ;
#729 = ADVANCED_FACE ( 'NONE', ( #1163 ), #5488, .F. ) ;
#730 = AXIS2_PLACEMENT_3D ( 'NONE', #1679, #3317, #1712 ) ;
#731 = AXIS2_PLACEMENT_3D ( 'NONE', #1770, #2632, #645 ) ;
#732 = EDGE_LOOP ( 'NONE', ( #4404, #5200, #483, #378 ) ) ;
#733 = ORIENTED_EDGE ( 'NONE', *, *, #6031, .F. ) ;
#734 = DIRECTION ( 'NONE',  ( -0.000000000000000000, -0.000000000000000000, 1.000000000000000000 ) ) ;
#735 = AXIS2_PLACEMENT_3D ( 'NONE', #3491, #4573, #1328 ) ;
#736 = ORIENTED_EDGE ( 'NONE', *, *, #856, .F. ) ;
#737 = VECTOR ( 'NONE', #814, 1000.000000000000000 ) ;
#738 = FILL_AREA_STYLE ('',( #1366 ) ) ;
#739 = DIRECTION ( 'NONE',  ( 7.885106708985479173E-16, 1.000000000000000000, -0.000000000000000000 ) ) ;
#740 = DIRECTION ( 'NONE',  ( -7.885106708985485090E-16, -1.000000000000000000, 0.000000000000000000 ) ) ;
#741 = CARTESIAN_POINT ( 'NONE',  ( 1.149999999999999911, 1.949999999999999956, 0.1800000000000000211 ) ) ;
#742 = EDGE_CURVE ( 'NONE', #4839, #1810, #5975, .T. ) ;
#743 = VECTOR ( 'NONE', #3401, 1000.000000000000000 ) ;
#744 = VECTOR ( 'NONE', #4668, 1000.000000000000000 ) ;
#745 = ORIENTED_EDGE ( 'NONE', *, *, #2969, .T. ) ;
#746 = ORIENTED_EDGE ( 'NONE', *, *, #1910, .F. ) ;
#747 = DIRECTION ( 'NONE',  ( -1.000000000000000000, 0.000000000000000000, -0.000000000000000000 ) ) ;
#748 = CARTESIAN_POINT ( 'NONE',  ( -1.949999999999999956, -1.449999999999999956, -0.02000000000000000042 ) ) ;
#749 = ORIENTED_EDGE ( 'NONE', *, *, #2050, .F. ) ;
#750 = FACE_OUTER_BOUND ( 'NONE', #1904, .T. ) ;
#751 = VECTOR ( 'NONE', #2316, 1000.000000000000000 ) ;
#752 = PLANE ( 'NONE',  #4420 ) ;
#753 = CARTESIAN_POINT ( 'NONE',  ( 0.4999999999999978351, -1.949999999999999956, 0.1800000000000000488 ) ) ;
#754 = VECTOR ( 'NONE', #1647, 1000.000000000000000 ) ;
#755 = ORIENTED_EDGE ( 'NONE', *, *, #5747, .T. ) ;
#756 = CARTESIAN_POINT ( 'NONE',  ( -2.500000000000000000, -1.449999999999999734, 0.1800000000000000211 ) ) ;
#757 = LINE ( 'NONE', #285, #4673 ) ;
#758 = EDGE_CURVE ( 'NONE', #6421, #2751, #4835, .T. ) ;
#759 = CARTESIAN_POINT ( 'NONE',  ( 2.499999999999999556, -2.500000000000000000, 0.000000000000000000 ) ) ;
#760 = CARTESIAN_POINT ( 'NONE',  ( 1.949999999999999512, 1.149999999999999911, -0.02000000000000000042 ) ) ;
#761 = ADVANCED_FACE ( 'NONE', ( #62 ), #5940, .F. ) ;
#762 = CARTESIAN_POINT ( 'NONE',  ( 1.949999999999999512, -0.1499999999999999667, 0.1800000000002910383 ) ) ;
#763 = ORIENTED_EDGE ( 'NONE', *, *, #1140, .F. ) ;
#764 = FACE_OUTER_BOUND ( 'NONE', #1347, .T. ) ;
#765 = EDGE_CURVE ( 'NONE', #4346, #3230, #2747, .T. ) ;
#766 = ADVANCED_FACE ( 'NONE', ( #2218 ), #4365, .F. ) ;
#767 = EDGE_CURVE ( 'NONE', #5793, #6142, #5583, .T. ) ;
#768 = CARTESIAN_POINT ( 'NONE',  ( -1.949999999999999956, 0.5000000000000000000, -0.02000000000000000042 ) ) ;
#769 = CARTESIAN_POINT ( 'NONE',  ( -2.500000000000000000, -1.149999999999999689, 0.1800000000000000211 ) ) ;
#770 = AXIS2_PLACEMENT_3D ( 'NONE', #5248, #6383, #1531 ) ;
#771 = VERTEX_POINT ( 'NONE', #741 ) ;
#772 = ORIENTED_EDGE ( 'NONE', *, *, #4254, .T. ) ;
#773 = LINE ( 'NONE', #228, #6453 ) ;
#774 = EDGE_CURVE ( 'NONE', #6421, #2854, #3946, .T. ) ;
#775 = ORIENTED_EDGE ( 'NONE', *, *, #3228, .T. ) ;
#776 = DIRECTION ( 'NONE',  ( 0.000000000000000000, -1.000000000000000000, 0.000000000000000000 ) ) ;
#777 = CARTESIAN_POINT ( 'NONE',  ( -0.1500000000000029921, -2.500000000000000000, 0.1800000000000000211 ) ) ;
#778 = DIRECTION ( 'NONE',  ( -3.942553354492740080E-16, 1.000000000000000000, 0.000000000000000000 ) ) ;
#779 = DIRECTION ( 'NONE',  ( -0.000000000000000000, -0.000000000000000000, -1.000000000000000000 ) ) ;
#780 = EDGE_CURVE ( 'NONE', #4597, #329, #6574, .T. ) ;
#781 = ORIENTED_EDGE ( 'NONE', *, *, #424, .T. ) ;
#782 = EDGE_LOOP ( 'NONE', ( #4132, #306, #2824, #1296 ) ) ;
#783 = DIRECTION ( 'NONE',  ( 0.000000000000000000, 0.000000000000000000, 1.000000000000000000 ) ) ;
#784 = EDGE_CURVE ( 'NONE', #6432, #5050, #6149, .T. ) ;
#785 = ORIENTED_EDGE ( 'NONE', *, *, #2128, .T. ) ;
#786 = CARTESIAN_POINT ( 'NONE',  ( 2.469999999999999751, 2.469999999999999751, 0.7500000000000000000 ) ) ;
#787 = LINE ( 'NONE', #3926, #1714 ) ;
#788 = CARTESIAN_POINT ( 'NONE',  ( 2.600000000000000089, 0.000000000000000000, 0.1800000000000000211 ) ) ;
#789 = EDGE_LOOP ( 'NONE', ( #405, #5077, #2092, #1996 ) ) ;
#790 = DIRECTION ( 'NONE',  ( -0.000000000000000000, -0.000000000000000000, 1.000000000000000000 ) ) ;
#791 = CARTESIAN_POINT ( 'NONE',  ( -1.274999999999999689, 1.625000000000000222, 0.01000000000000000021 ) ) ;
#792 = CARTESIAN_POINT ( 'NONE',  ( -2.500000000000000000, -1.149999999999999689, -0.02000000000000000042 ) ) ;
#793 = CARTESIAN_POINT ( 'NONE',  ( -0.5000000000000000000, -2.500000000000000000, -0.02000000000000000042 ) ) ;
#794 = LINE ( 'NONE', #5174, #3240 ) ;
#795 = PLANE ( 'NONE',  #601 ) ;
#796 = ORIENTED_EDGE ( 'NONE', *, *, #1181, .T. ) ;
#797 = DIRECTION ( 'NONE',  ( 0.000000000000000000, 1.000000000000000000, 0.000000000000000000 ) ) ;
#798 = VECTOR ( 'NONE', #4920, 1000.000000000000000 ) ;
#799 = LINE ( 'NONE', #256, #751 ) ;
#800 = CARTESIAN_POINT ( 'NONE',  ( -1.949999999999999956, 0.5000000000000000000, 0.1800000001139778760 ) ) ;
#801 = EDGE_LOOP ( 'NONE', ( #2586, #1476, #5146, #1019 ) ) ;
#802 = ORIENTED_EDGE ( 'NONE', *, *, #5694, .F. ) ;
#803 = LINE ( 'NONE', #4535, #241 ) ;
#804 = VERTEX_POINT ( 'NONE', #6687 ) ;
#805 = DIRECTION ( 'NONE',  ( -1.000000000000000000, -0.000000000000000000, -0.000000000000000000 ) ) ;
#806 = DIRECTION ( 'NONE',  ( -1.000000000000000000, -0.000000000000000000, -0.000000000000000000 ) ) ;
#807 = EDGE_CURVE ( 'NONE', #5317, #1669, #2927, .T. ) ;
#808 = EDGE_CURVE ( 'NONE', #3393, #2765, #133, .T. ) ;
#809 = EDGE_LOOP ( 'NONE', ( #5848, #6866, #554, #176 ) ) ;
#810 = EDGE_CURVE ( 'NONE', #2992, #6284, #2819, .T. ) ;
#811 = MECHANICAL_DESIGN_GEOMETRIC_PRESENTATION_REPRESENTATION (  '', ( #5551 ), #2386 ) ;
#812 = DIRECTION ( 'NONE',  ( 0.000000000000000000, -1.000000000000000000, 0.000000000000000000 ) ) ;
#813 = EDGE_LOOP ( 'NONE', ( #4115, #4588, #6976, #4149 ) ) ;
#814 = DIRECTION ( 'NONE',  ( -0.000000000000000000, -0.000000000000000000, 1.000000000000000000 ) ) ;
#815 = DIRECTION ( 'NONE',  ( 0.000000000000000000, 1.445602896647340613E-14, 1.000000000000000000 ) ) ;
#816 = ADVANCED_FACE ( 'NONE', ( #6114 ), #2894, .T. ) ;
#817 = ORIENTED_EDGE ( 'NONE', *, *, #1342, .F. ) ;
#818 = EDGE_LOOP ( 'NONE', ( #3619, #1575, #3700, #6185 ) ) ;
#819 = CARTESIAN_POINT ( 'NONE',  ( -2.500000000000000000, -0.4999999999999997780, 0.1800000000000000211 ) ) ;
#820 = CARTESIAN_POINT ( 'NONE',  ( 0.4999999999999978351, -1.949999999999999956, 0.1800000000000000211 ) ) ;
#821 = LINE ( 'NONE', #2977, #2532 ) ;
#822 = CARTESIAN_POINT ( 'NONE',  ( 1.149999999999997025, -2.500000000000000000, 0.1800000000000000211 ) ) ;
#823 = CARTESIAN_POINT ( 'NONE',  ( -2.069999999999999840, 2.069999999999999840, 0.7699999999999999067 ) ) ;
#824 = FACE_OUTER_BOUND ( 'NONE', #2200, .T. ) ;
#825 = VECTOR ( 'NONE', #1118, 1000.000000000000000 ) ;
#826 = ORIENTED_EDGE ( 'NONE', *, *, #123, .F. ) ;
#827 = AXIS2_PLACEMENT_3D ( 'NONE', #6012, #1151, #2123 ) ;
#828 = PLANE ( 'NONE',  #1075 ) ;
#829 = FACE_OUTER_BOUND ( 'NONE', #3910, .T. ) ;
#830 = LINE ( 'NONE', #225, #932 ) ;
#831 = ORIENTED_EDGE ( 'NONE', *, *, #3102, .F. ) ;
#832 = EDGE_LOOP ( 'NONE', ( #6740, #3211, #3490, #2357 ) ) ;
#833 = AXIS2_PLACEMENT_3D ( 'NONE', #4067, #3935, #6749 ) ;
#834 = DIRECTION ( 'NONE',  ( 0.000000000000000000, 0.000000000000000000, 1.000000000000000000 ) ) ;
#835 = ORIENTED_EDGE ( 'NONE', *, *, #6705, .F. ) ;
#836 = FILL_AREA_STYLE ('',( #5687 ) ) ;
#837 = DIRECTION ( 'NONE',  ( 0.000000000000000000, -0.000000000000000000, 1.000000000000000000 ) ) ;
#838 = AXIS2_PLACEMENT_3D ( 'NONE', #6580, #2825, #4339 ) ;
#839 = ADVANCED_FACE ( 'NONE', ( #6726 ), #1226, .F. ) ;
#840 = ORIENTED_EDGE ( 'NONE', *, *, #4005, .T. ) ;
#841 = VECTOR ( 'NONE', #6616, 1000.000000000000000 ) ;
#842 = DIRECTION ( 'NONE',  ( -0.000000000000000000, -0.000000000000000000, -1.000000000000000000 ) ) ;
#843 = ORIENTED_EDGE ( 'NONE', *, *, #780, .T. ) ;
#844 = CARTESIAN_POINT ( 'NONE',  ( -1.450000000000002176, -1.949999999999999956, -0.02000000000000000042 ) ) ;
#845 = AXIS2_PLACEMENT_3D ( 'NONE', #105, #73, #1722 ) ;
#846 =( LENGTH_UNIT ( ) NAMED_UNIT ( * ) SI_UNIT ( .MILLI., .METRE. ) );
#847 = PLANE ( 'NONE',  #5843 ) ;
#848 = VECTOR ( 'NONE', #2056, 1000.000000000000000 ) ;
#849 = VECTOR ( 'NONE', #898, 1000.000000000000000 ) ;
#850 = DIRECTION ( 'NONE',  ( 0.000000000000000000, 0.000000000000000000, -1.000000000000000000 ) ) ;
#851 = ORIENTED_EDGE ( 'NONE', *, *, #2273, .F. ) ;
#852 = ORIENTED_EDGE ( 'NONE', *, *, #1101, .T. ) ;
#853 = CARTESIAN_POINT ( 'NONE',  ( -1.624999999999999778, 1.275000000000000133, 0.01000000000000000021 ) ) ;
#854 = AXIS2_PLACEMENT_3D ( 'NONE', #4501, #6027, #1174 ) ;
#855 = LINE ( 'NONE', #5031, #2305 ) ;
#856 = EDGE_CURVE ( 'NONE', #2656, #5096, #96, .T. ) ;
#857 = EDGE_CURVE ( 'NONE', #4022, #1571, #5011, .T. ) ;
#858 = DIRECTION ( 'NONE',  ( 1.000000000000000000, -0.000000000000000000, 0.000000000000000000 ) ) ;
#859 = DIRECTION ( 'NONE',  ( -0.000000000000000000, 0.000000000000000000, 1.000000000000000000 ) ) ;
#860 = CARTESIAN_POINT ( 'NONE',  ( -1.449999999999999956, 2.500000000000000000, 0.1800000000000000211 ) ) ;
#861 = ORIENTED_EDGE ( 'NONE', *, *, #2580, .F. ) ;
#862 = EDGE_CURVE ( 'NONE', #6084, #5638, #3979, .T. ) ;
#863 = VECTOR ( 'NONE', #4881, 1000.000000000000000 ) ;
#864 = FILL_AREA_STYLE ('',( #3452 ) ) ;
#865 = CLOSED_SHELL ( 'NONE', ( #4593, #3707, #6560, #3732, #1286, #4517 ) ) ;
#866 = DIRECTION ( 'NONE',  ( 1.000000000000000000, 0.000000000000000000, -0.000000000000000000 ) ) ;
#867 = CARTESIAN_POINT ( 'NONE',  ( 1.149999999999997025, -2.500000000000000000, 0.1800000000000000211 ) ) ;
#868 = ORIENTED_EDGE ( 'NONE', *, *, #6031, .T. ) ;
#869 = DIRECTION ( 'NONE',  ( -0.000000000000000000, 1.000000000000000000, -0.000000000000000000 ) ) ;
#870 = ORIENTED_EDGE ( 'NONE', *, *, #3107, .F. ) ;
#871 = DIRECTION ( 'NONE',  ( 0.000000000000000000, 0.000000000000000000, -1.000000000000000000 ) ) ;
#872 = ORIENTED_EDGE ( 'NONE', *, *, #2445, .F. ) ;
#873 = CARTESIAN_POINT ( 'NONE',  ( 2.500000000000000000, 0.1499999999999995226, 0.1800000000000000211 ) ) ;
#874 = LINE ( 'NONE', #5761, #4328 ) ;
#875 = VERTEX_POINT ( 'NONE', #698 ) ;
#876 = CARTESIAN_POINT ( 'NONE',  ( -0.1499999999999999667, 1.949999999999999956, 0.1800000000000000211 ) ) ;
#877 = DIRECTION ( 'NONE',  ( 0.000000000000000000, 1.000000000000000000, 0.000000000000000000 ) ) ;
#878 = ORIENTED_EDGE ( 'NONE', *, *, #6461, .T. ) ;
#879 = ORIENTED_EDGE ( 'NONE', *, *, #3692, .F. ) ;
#880 = CARTESIAN_POINT ( 'NONE',  ( -2.500000000000000000, 1.150000000000000133, 0.1800000001139778760 ) ) ;
#881 = EDGE_CURVE ( 'NONE', #4976, #2656, #4540, .T. ) ;
#882 = CARTESIAN_POINT ( 'NONE',  ( -0.5000000000000000000, 2.500000000000000000, -0.02000000000000000042 ) ) ;
#883 = DIRECTION ( 'NONE',  ( 0.000000000000000000, -1.000000000000000000, 0.000000000000000000 ) ) ;
#884 =( NAMED_UNIT ( * ) PLANE_ANGLE_UNIT ( ) SI_UNIT ( $, .RADIAN. ) );
#885 = ADVANCED_FACE ( 'NONE', ( #2394 ), #3467, .F. ) ;
#886 = ADVANCED_FACE ( 'NONE', ( #232 ), #5508, .F. ) ;
#887 = ORIENTED_EDGE ( 'NONE', *, *, #291, .F. ) ;
#888 = DIRECTION ( 'NONE',  ( -1.000000000000000000, 0.000000000000000000, 0.000000000000000000 ) ) ;
#889 = DIRECTION ( 'NONE',  ( 1.000000000000000000, 0.000000000000000000, 0.000000000000000000 ) ) ;
#890 = LINE ( 'NONE', #6850, #5944 ) ;
#891 = ORIENTED_EDGE ( 'NONE', *, *, #3448, .T. ) ;
#892 = EDGE_CURVE ( 'NONE', #4486, #1810, #2852, .T. ) ;
#893 = VECTOR ( 'NONE', #1798, 999.9999999999998863 ) ;
#894 = DIRECTION ( 'NONE',  ( 0.000000000000000000, 0.000000000000000000, 1.000000000000000000 ) ) ;
#895 = ORIENTED_EDGE ( 'NONE', *, *, #1608, .F. ) ;
#896 = CARTESIAN_POINT ( 'NONE',  ( -0.1500000000000029921, -2.500000000000000000, -0.02000000000000000042 ) ) ;
#897 = EDGE_LOOP ( 'NONE', ( #3516, #4725, #4329, #6765 ) ) ;
#898 = DIRECTION ( 'NONE',  ( 0.000000000000000000, -1.000000000000000000, 0.000000000000000000 ) ) ;
#899 = CARTESIAN_POINT ( 'NONE',  ( 0.000000000000000000, 1.300000000000000044, 0.1800000000000000211 ) ) ;
#900 = ADVANCED_FACE ( 'NONE', ( #664 ), #172, .F. ) ;
#901 = EDGE_LOOP ( 'NONE', ( #1947, #2033, #3493, #6392 ) ) ;
#902 = CARTESIAN_POINT ( 'NONE',  ( 1.449999999999999512, -1.949999999999999956, 0.1800000000000000211 ) ) ;
#903 = VERTEX_POINT ( 'NONE', #1033 ) ;
#904 = PLANE ( 'NONE',  #168 ) ;
#905 = CARTESIAN_POINT ( 'NONE',  ( 0.6500000000000000222, 0.000000000000000000, 0.1800000000000000211 ) ) ;
#906 = DIRECTION ( 'NONE',  ( -1.000000000000000000, 0.000000000000000000, -0.000000000000000000 ) ) ;
#907 = LINE ( 'NONE', #1442, #6855 ) ;
#908 = ORIENTED_EDGE ( 'NONE', *, *, #5996, .T. ) ;
#909 = EDGE_CURVE ( 'NONE', #6532, #2478, #1428, .T. ) ;
#910 = CARTESIAN_POINT ( 'NONE',  ( -2.500000000000000000, -2.500000000000000000, 0.000000000000000000 ) ) ;
#911 = EDGE_LOOP ( 'NONE', ( #550, #5131, #4432, #3675 ) ) ;
#912 = PLANE ( 'NONE',  #5588 ) ;
#913 = LINE ( 'NONE', #953, #6495 ) ;
#914 = CARTESIAN_POINT ( 'NONE',  ( -1.449999999999999956, 1.949999999999999956, 0.1800000000000000488 ) ) ;
#915 = ORIENTED_EDGE ( 'NONE', *, *, #441, .T. ) ;
#916 = DIRECTION ( 'NONE',  ( -7.885106708985485090E-16, -1.000000000000000000, 0.000000000000000000 ) ) ;
#917 = PLANE ( 'NONE',  #2886 ) ;
#918 = EDGE_CURVE ( 'NONE', #5608, #6923, #890, .T. ) ;
#919 = DIRECTION ( 'NONE',  ( 1.000000000000000000, 0.000000000000000000, -0.000000000000000000 ) ) ;
#920 = EDGE_CURVE ( 'NONE', #1707, #2919, #3688, .T. ) ;
#921 = DIRECTION ( 'NONE',  ( 7.885106708985486076E-16, -1.000000000000000000, -0.000000000000000000 ) ) ;
#922 =( NAMED_UNIT ( * ) SI_UNIT ( $, .STERADIAN. ) SOLID_ANGLE_UNIT ( ) );
#923 = VECTOR ( 'NONE', #239, 1000.000000000000000 ) ;
#924 = EDGE_CURVE ( 'NONE', #1669, #5358, #6884, .T. ) ;
#925 = VERTEX_POINT ( 'NONE', #6342 ) ;
#926 = AXIS2_PLACEMENT_3D ( 'NONE', #519, #4090, #4627 ) ;
#927 = DIRECTION ( 'NONE',  ( 0.000000000000000000, 0.000000000000000000, 1.000000000000000000 ) ) ;
#928 = VERTEX_POINT ( 'NONE', #2026 ) ;
#929 = DIRECTION ( 'NONE',  ( 1.000000000000000000, 0.000000000000000000, 0.000000000000000000 ) ) ;
#930 = EDGE_LOOP ( 'NONE', ( #2336, #5679, #6761, #1443 ) ) ;
#931 = SURFACE_STYLE_FILL_AREA ( #4618 ) ;
#932 = VECTOR ( 'NONE', #5573, 1000.000000000000000 ) ;
#933 = DIRECTION ( 'NONE',  ( 1.000000000000000000, 0.000000000000000000, 0.000000000000000000 ) ) ;
#934 = EDGE_CURVE ( 'NONE', #3393, #5181, #3587, .T. ) ;
#935 = EDGE_LOOP ( 'NONE', ( #2466, #298, #6990, #5900 ) ) ;
#936 = DIRECTION ( 'NONE',  ( 1.000000000000000000, -7.885106708985480159E-16, 0.000000000000000000 ) ) ;
#937 = VERTEX_POINT ( 'NONE', #4818 ) ;
#938 = VECTOR ( 'NONE', #4379, 1000.000000000000000 ) ;
#939 = DIRECTION ( 'NONE',  ( -0.000000000000000000, -0.000000000000000000, 1.000000000000000000 ) ) ;
#940 = EDGE_CURVE ( 'NONE', #4617, #3198, #3056, .T. ) ;
#941 = FACE_OUTER_BOUND ( 'NONE', #2514, .T. ) ;
#942 = CARTESIAN_POINT ( 'NONE',  ( -1.450000000000002176, -1.949999999999999956, 0.1800000000000000211 ) ) ;
#943 = FACE_OUTER_BOUND ( 'NONE', #3275, .T. ) ;
#944 = AXIS2_PLACEMENT_3D ( 'NONE', #6005, #5466, #4939 ) ;
#945 = VECTOR ( 'NONE', #4860, 1000.000000000000000 ) ;
#946 = AXIS2_PLACEMENT_3D ( 'NONE', #2674, #23, #5973 ) ;
#947 = ORIENTED_EDGE ( 'NONE', *, *, #4817, .F. ) ;
#948 = EDGE_LOOP ( 'NONE', ( #4656, #4475, #1027, #5098 ) ) ;
#949 = DIRECTION ( 'NONE',  ( -0.000000000000000000, -0.000000000000000000, -1.000000000000000000 ) ) ;
#950 = ORIENTED_EDGE ( 'NONE', *, *, #199, .F. ) ;
#951 = LINE ( 'NONE', #5228, #6832 ) ;
#952 = AXIS2_PLACEMENT_3D ( 'NONE', #5819, #464, #889 ) ;
#953 = CARTESIAN_POINT ( 'NONE',  ( 0.1499999999999999667, 2.500000000000000000, 0.1800000000000000211 ) ) ;
#954 = DIRECTION ( 'NONE',  ( 1.000000000000000000, 0.000000000000000000, -0.000000000000000000 ) ) ;
#955 = CARTESIAN_POINT ( 'NONE',  ( -2.500000000000000000, -0.1499999999999997446, -0.02000000000000000042 ) ) ;
#956 = VECTOR ( 'NONE', #6908, 1000.000000000000000 ) ;
#957 = VECTOR ( 'NONE', #6098, 1000.000000000000000 ) ;
#958 = ORIENTED_EDGE ( 'NONE', *, *, #5742, .T. ) ;
#959 = AXIS2_PLACEMENT_3D ( 'NONE', #4249, #6946, #2095 ) ;
#960 = SURFACE_STYLE_FILL_AREA ( #2126 ) ;
#961 = CARTESIAN_POINT ( 'NONE',  ( -2.270000000000000018, 2.069999999999999840, 0.7800000000000000266 ) ) ;
#962 = CARTESIAN_POINT ( 'NONE',  ( -0.1499999999999999667, 1.949999999999999956, 0.1800000000000000211 ) ) ;
#963 = CARTESIAN_POINT ( 'NONE',  ( 1.949999999999999512, -0.1499999999999999667, 0.000000000000000000 ) ) ;
#964 = CARTESIAN_POINT ( 'NONE',  ( 2.469999999999998863, 2.500000000000000000, 0.000000000000000000 ) ) ;
#965 = AXIS2_PLACEMENT_3D ( 'NONE', #506, #2057, #4748 ) ;
#966 = AXIS2_PLACEMENT_3D ( 'NONE', #4439, #3218, #1574 ) ;
#967 = ADVANCED_FACE ( 'NONE', ( #3648 ), #1457, .F. ) ;
#968 = EDGE_CURVE ( 'NONE', #1782, #1931, #5206, .T. ) ;
#969 = EDGE_CURVE ( 'NONE', #3469, #2814, #5861, .T. ) ;
#970 = LINE ( 'NONE', #5315, #3135 ) ;
#971 = DIRECTION ( 'NONE',  ( -0.000000000000000000, -0.000000000000000000, 1.000000000000000000 ) ) ;
#972 = ORIENTED_EDGE ( 'NONE', *, *, #2091, .T. ) ;
#973 = CARTESIAN_POINT ( 'NONE',  ( 1.949999999999999512, -0.7999999999999999334, -0.02000000000000000042 ) ) ;
#974 = ORIENTED_EDGE ( 'NONE', *, *, #2233, .F. ) ;
#975 = ADVANCED_FACE ( 'NONE', ( #1560 ), #5781, .F. ) ;
#976 = CARTESIAN_POINT ( 'NONE',  ( 1.149999999999999911, 2.500000000000000000, 0.000000000000000000 ) ) ;
#977 = AXIS2_PLACEMENT_3D ( 'NONE', #6818, #747, #6117 ) ;
#978 = ORIENTED_EDGE ( 'NONE', *, *, #2828, .T. ) ;
#979 = CARTESIAN_POINT ( 'NONE',  ( 2.469999999999999751, 2.469999999999999751, 0.7800000000000000266 ) ) ;
#980 = DIRECTION ( 'NONE',  ( 1.000000000000000000, 0.000000000000000000, -0.000000000000000000 ) ) ;
#981 = CARTESIAN_POINT ( 'NONE',  ( -0.5000000000000004441, -1.949999999999999956, 0.1800000000000000211 ) ) ;
#982 = DIRECTION ( 'NONE',  ( 1.000000000000000000, -3.942553354492742545E-16, 0.000000000000000000 ) ) ;
#983 = EDGE_CURVE ( 'NONE', #5979, #1227, #997, .T. ) ;
#984 = EDGE_CURVE ( 'NONE', #1464, #582, #5892, .T. ) ;
#985 = VERTEX_POINT ( 'NONE', #3196 ) ;
#986 = ORIENTED_EDGE ( 'NONE', *, *, #406, .T. ) ;
#987 = DIRECTION ( 'NONE',  ( -0.000000000000000000, -0.000000000000000000, 1.000000000000000000 ) ) ;
#988 = VERTEX_POINT ( 'NONE', #5344 ) ;
#989 = DIRECTION ( 'NONE',  ( -1.000000000000000000, 3.942553354492743531E-16, 0.000000000000000000 ) ) ;
#990 = DIRECTION ( 'NONE',  ( 0.000000000000000000, 0.000000000000000000, -1.000000000000000000 ) ) ;
#991 = CARTESIAN_POINT ( 'NONE',  ( -0.7999999999999999334, 1.949999999999999956, 0.1800000000000000211 ) ) ;
#992 = CARTESIAN_POINT ( 'NONE',  ( 1.949999999999999512, 0.7999999999999999334, 0.1800000000000000211 ) ) ;
#993 = VERTEX_POINT ( 'NONE', #963 ) ;
#994 =( LENGTH_UNIT ( ) NAMED_UNIT ( * ) SI_UNIT ( .MILLI., .METRE. ) );
#995 = CARTESIAN_POINT ( 'NONE',  ( -2.500000000000000000, -1.449999999999999734, -0.02000000000000000042 ) ) ;
#996 = DIRECTION ( 'NONE',  ( 0.000000000000000000, -0.000000000000000000, -1.000000000000000000 ) ) ;
#997 = LINE ( 'NONE', #430, #2100 ) ;
#998 = VERTEX_POINT ( 'NONE', #2598 ) ;
#999 = ORIENTED_EDGE ( 'NONE', *, *, #1844, .T. ) ;
#1000 = DIRECTION ( 'NONE',  ( -1.000000000000000000, -3.942553354492742545E-16, 0.000000000000000000 ) ) ;
#1001 = DIRECTION ( 'NONE',  ( -0.000000000000000000, 1.000000000000000000, -0.000000000000000000 ) ) ;
#1002 = ORIENTED_EDGE ( 'NONE', *, *, #6137, .T. ) ;
#1003 = SURFACE_STYLE_FILL_AREA ( #2162 ) ;
#1004 = DIRECTION ( 'NONE',  ( 1.000000000000000000, 0.000000000000000000, 0.000000000000000000 ) ) ;
#1005 = LINE ( 'NONE', #1343, #2736 ) ;
#1006 = EDGE_CURVE ( 'NONE', #4527, #2584, #4693, .T. ) ;
#1007 = AXIS2_PLACEMENT_3D ( 'NONE', #819, #6166, #4555 ) ;
#1008 = ORIENTED_EDGE ( 'NONE', *, *, #2319, .T. ) ;
#1009 = EDGE_CURVE ( 'NONE', #1452, #3690, #4214, .T. ) ;
#1010 = EDGE_LOOP ( 'NONE', ( #2366, #4135, #6181, #4008 ) ) ;
#1011 = CARTESIAN_POINT ( 'NONE',  ( 0.7999999999999999334, 2.500000000000000000, 0.1800000000000000211 ) ) ;
#1012 = ORIENTED_EDGE ( 'NONE', *, *, #5850, .F. ) ;
#1013 = VECTOR ( 'NONE', #6551, 1000.000000000000000 ) ;
#1014 = DIRECTION ( 'NONE',  ( -3.942553354492740080E-16, 1.000000000000000000, 0.000000000000000000 ) ) ;
#1015 = EDGE_CURVE ( 'NONE', #1117, #4828, #3164, .T. ) ;
#1016 = EDGE_CURVE ( 'NONE', #437, #2498, #2626, .T. ) ;
#1017 = FACE_OUTER_BOUND ( 'NONE', #832, .T. ) ;
#1018 = EDGE_CURVE ( 'NONE', #281, #3967, #4251, .T. ) ;
#1019 = ORIENTED_EDGE ( 'NONE', *, *, #5556, .F. ) ;
#1020 = ORIENTED_EDGE ( 'NONE', *, *, #5606, .T. ) ;
#1021 = PLANE ( 'NONE',  #4625 ) ;
#1022 = CARTESIAN_POINT ( 'NONE',  ( -0.8000000000000020428, -1.949999999999999956, 0.1800000000000000488 ) ) ;
#1023 = FACE_OUTER_BOUND ( 'NONE', #1494, .T. ) ;
#1024 = ADVANCED_FACE ( 'NONE', ( #1212 ), #607, .T. ) ;
#1025 = PRODUCT_CONTEXT ( 'NONE', #1851, 'mechanical' ) ;
#1026 = CARTESIAN_POINT ( 'NONE',  ( -1.869999999999999440, 2.069999999999999840, 0.7699999999999999067 ) ) ;
#1027 = ORIENTED_EDGE ( 'NONE', *, *, #2572, .F. ) ;
#1028 = DIRECTION ( 'NONE',  ( 1.577021341797097018E-15, 1.000000000000000000, 0.000000000000000000 ) ) ;
#1029 = ADVANCED_FACE ( 'NONE', ( #4849 ), #1697, .F. ) ;
#1030 = AXIS2_PLACEMENT_3D ( 'NONE', #4936, #2672, #4831 ) ;
#1031 = CARTESIAN_POINT ( 'NONE',  ( 2.500000000000000000, 0.5000000000000002220, -0.02000000000000000042 ) ) ;
#1032 = CARTESIAN_POINT ( 'NONE',  ( -1.449999999999999956, 2.500000000000000000, 0.000000000000000000 ) ) ;
#1033 = CARTESIAN_POINT ( 'NONE',  ( 0.4999999999999978351, -1.949999999999999956, -0.02000000000000000042 ) ) ;
#1034 = DIRECTION ( 'NONE',  ( -3.942553354492742545E-16, 1.000000000000000000, 0.000000000000000000 ) ) ;
#1035 = LINE ( 'NONE', #1690, #5455 ) ;
#1036 = ORIENTED_EDGE ( 'NONE', *, *, #3799, .T. ) ;
#1037 = DIRECTION ( 'NONE',  ( -0.000000000000000000, -0.000000000000000000, -1.000000000000000000 ) ) ;
#1038 = DIRECTION ( 'NONE',  ( 0.000000000000000000, 1.000000000000000000, 0.000000000000000000 ) ) ;
#1039 = DIRECTION ( 'NONE',  ( 0.000000000000000000, 0.000000000000000000, 1.000000000000000000 ) ) ;
#1040 = ORIENTED_EDGE ( 'NONE', *, *, #2002, .T. ) ;
#1041 = VERTEX_POINT ( 'NONE', #2157 ) ;
#1042 = EDGE_CURVE ( 'NONE', #3098, #4118, #2805, .T. ) ;
#1043 = CARTESIAN_POINT ( 'NONE',  ( 0.7999999999999999334, 2.500000000000000000, -0.02000000000000000042 ) ) ;
#1044 = ORIENTED_EDGE ( 'NONE', *, *, #1831, .F. ) ;
#1045 = PLANE ( 'NONE',  #2188 ) ;
#1046 = DIRECTION ( 'NONE',  ( 1.000000000000000000, -7.885106708985485090E-16, 0.000000000000000000 ) ) ;
#1047 = VECTOR ( 'NONE', #318, 1000.000000000000000 ) ;
#1048 = LINE ( 'NONE', #3769, #6178 ) ;
#1049 = VERTEX_POINT ( 'NONE', #5922 ) ;
#1050 = CARTESIAN_POINT ( 'NONE',  ( -2.500000000000000000, -0.1499999999999997446, -0.02000000000000000042 ) ) ;
#1051 = ADVANCED_FACE ( 'NONE', ( #4959 ), #572, .F. ) ;
#1052 = ORIENTED_EDGE ( 'NONE', *, *, #1764, .T. ) ;
#1053 = PLANE ( 'NONE',  #838 ) ;
#1054 =( GEOMETRIC_REPRESENTATION_CONTEXT ( 3 ) GLOBAL_UNCERTAINTY_ASSIGNED_CONTEXT ( ( #5748 ) ) GLOBAL_UNIT_ASSIGNED_CONTEXT ( ( #4276, #3329, #2187 ) ) REPRESENTATION_CONTEXT ( 'NONE', 'WORKASPACE' ) );
#1055 = EDGE_CURVE ( 'NONE', #4665, #4757, #5258, .T. ) ;
#1056 = FACE_OUTER_BOUND ( 'NONE', #1928, .T. ) ;
#1057 = VECTOR ( 'NONE', #4724, 1000.000000000000000 ) ;
#1058 = VECTOR ( 'NONE', #2975, 1000.000000000000000 ) ;
#1059 = DIRECTION ( 'NONE',  ( 0.000000000000000000, 0.000000000000000000, -1.000000000000000000 ) ) ;
#1060 = EDGE_LOOP ( 'NONE', ( #1260, #3941, #3305, #1899 ) ) ;
#1061 = VERTEX_POINT ( 'NONE', #5490 ) ;
#1062 = EDGE_CURVE ( 'NONE', #6723, #2119, #4417, .T. ) ;
#1063 = VECTOR ( 'NONE', #2393, 1000.000000000000000 ) ;
#1064 = UNCERTAINTY_MEASURE_WITH_UNIT (LENGTH_MEASURE( 1.000000000000000082E-05 ), #3816, 'distance_accuracy_value', 'NONE');
#1065 = VECTOR ( 'NONE', #1232, 1000.000000000000000 ) ;
#1066 = FACE_OUTER_BOUND ( 'NONE', #1376, .T. ) ;
#1067 = CARTESIAN_POINT ( 'NONE',  ( 1.949999999999999512, -0.7999999999999999334, 0.1800000000000000211 ) ) ;
#1068 = AXIS2_PLACEMENT_3D ( 'NONE', #3117, #481, #2643 ) ;
#1069 = LINE ( 'NONE', #3238, #2443 ) ;
#1070 = AXIS2_PLACEMENT_3D ( 'NONE', #5498, #5929, #3245 ) ;
#1071 =( GEOMETRIC_REPRESENTATION_CONTEXT ( 3 ) GLOBAL_UNCERTAINTY_ASSIGNED_CONTEXT ( ( #2685 ) ) GLOBAL_UNIT_ASSIGNED_CONTEXT ( ( #5623, #3464, #5115 ) ) REPRESENTATION_CONTEXT ( 'NONE', 'WORKASPACE' ) );
#1072 = CARTESIAN_POINT ( 'NONE',  ( -1.949999999999999956, 0.8000000000000003775, 0.000000000000000000 ) ) ;
#1073 = EDGE_CURVE ( 'NONE', #6909, #6360, #1069, .T. ) ;
#1074 = ORIENTED_EDGE ( 'NONE', *, *, #5603, .T. ) ;
#1075 = AXIS2_PLACEMENT_3D ( 'NONE', #3085, #2986, #4106 ) ;
#1076 = SURFACE_SIDE_STYLE ('',( #472 ) ) ;
#1077 = LINE ( 'NONE', #6489, #1973 ) ;
#1078 = SURFACE_STYLE_USAGE ( .BOTH. , #1672 ) ;
#1079 = CLOSED_SHELL ( 'NONE', ( #6783, #3066, #5049, #3607, #407, #5702 ) ) ;
#1080 = ORIENTED_EDGE ( 'NONE', *, *, #6527, .F. ) ;
#1081 = AXIS2_PLACEMENT_3D ( 'NONE', #6040, #5628, #1952 ) ;
#1082 = CARTESIAN_POINT ( 'NONE',  ( -1.949999999999999956, 0.1500000000000003830, 0.000000000000000000 ) ) ;
#1083 = ORIENTED_EDGE ( 'NONE', *, *, #6448, .F. ) ;
#1084 = CARTESIAN_POINT ( 'NONE',  ( -2.500000000000000000, 0.1500000000000001887, 0.1800000000000000211 ) ) ;
#1085 = PLANE ( 'NONE',  #3884 ) ;
#1086 = CARTESIAN_POINT ( 'NONE',  ( 1.625000000000000222, 1.625000000000000222, 0.01000000000000000021 ) ) ;
#1087 = ORIENTED_EDGE ( 'NONE', *, *, #909, .T. ) ;
#1088 = CARTESIAN_POINT ( 'NONE',  ( -1.949999999999999956, -1.449999999999999956, 0.000000000000000000 ) ) ;
#1089 = ORIENTED_EDGE ( 'NONE', *, *, #1062, .T. ) ;
#1090 = FACE_OUTER_BOUND ( 'NONE', #1261, .T. ) ;
#1091 = CARTESIAN_POINT ( 'NONE',  ( -2.500000000000000000, -0.1499999999999997446, -0.02000000000000000042 ) ) ;
#1092 = CARTESIAN_POINT ( 'NONE',  ( 0.7999999999999999334, -2.500000000000000000, 0.1800000000000000211 ) ) ;
#1093 = ORIENTED_EDGE ( 'NONE', *, *, #1831, .T. ) ;
#1094 = ADVANCED_FACE ( 'NONE', ( #6480 ), #1128, .F. ) ;
#1095 = ORIENTED_EDGE ( 'NONE', *, *, #3179, .F. ) ;
#1096 = DIRECTION ( 'NONE',  ( 1.577021341797097018E-15, 1.000000000000000000, 0.000000000000000000 ) ) ;
#1097 = CARTESIAN_POINT ( 'NONE',  ( 2.469999999999998863, 2.469999999999999751, 0.7500000000000000000 ) ) ;
#1098 = DIRECTION ( 'NONE',  ( 1.000000000000000000, 0.000000000000000000, 0.000000000000000000 ) ) ;
#1099 = FACE_OUTER_BOUND ( 'NONE', #3738, .T. ) ;
#1100 = EDGE_CURVE ( 'NONE', #5735, #2125, #5413, .T. ) ;
#1101 = EDGE_CURVE ( 'NONE', #6359, #5338, #43, .T. ) ;
#1102 = EDGE_CURVE ( 'NONE', #3595, #643, #4994, .T. ) ;
#1103 = ORIENTED_EDGE ( 'NONE', *, *, #4710, .F. ) ;
#1104 = CARTESIAN_POINT ( 'NONE',  ( 0.7999999999999999334, -2.500000000000000000, 0.1800000000000000211 ) ) ;
#1105 = ORIENTED_EDGE ( 'NONE', *, *, #6081, .F. ) ;
#1106 = CARTESIAN_POINT ( 'NONE',  ( -1.949999999999999956, 0.1500000000000003830, -0.02000000000000000042 ) ) ;
#1107 = ADVANCED_FACE ( 'NONE', ( #3820 ), #6065, .F. ) ;
#1108 = ORIENTED_EDGE ( 'NONE', *, *, #1133, .F. ) ;
#1109 = VERTEX_POINT ( 'NONE', #116 ) ;
#1110 = CARTESIAN_POINT ( 'NONE',  ( -1.449999999999999956, 2.500000000000000000, 0.1800000000000000211 ) ) ;
#1111 = EDGE_CURVE ( 'NONE', #2396, #3280, #3790, .T. ) ;
#1112 = VERTEX_POINT ( 'NONE', #6444 ) ;
#1113 = CARTESIAN_POINT ( 'NONE',  ( -2.500000000000000000, 0.5000000000000002220, -0.02000000000000000042 ) ) ;
#1114 = PLANE ( 'NONE',  #4672 ) ;
#1115 = DIRECTION ( 'NONE',  ( -0.000000000000000000, -0.000000000000000000, 1.000000000000000000 ) ) ;
#1116 = CARTESIAN_POINT ( 'NONE',  ( -0.5000000000000000000, -2.500000000000000000, -0.02000000000000000042 ) ) ;
#1117 = VERTEX_POINT ( 'NONE', #2271 ) ;
#1118 = DIRECTION ( 'NONE',  ( -0.000000000000000000, -0.000000000000000000, -1.000000000000000000 ) ) ;
#1119 = ORIENTED_EDGE ( 'NONE', *, *, #4378, .F. ) ;
#1120 = CARTESIAN_POINT ( 'NONE',  ( -1.624999999999999778, -1.624999999999999334, -0.02000000000000000042 ) ) ;
#1121 = DIRECTION ( 'NONE',  ( 0.000000000000000000, -1.000000000000000000, 0.000000000000000000 ) ) ;
#1122 = VERTEX_POINT ( 'NONE', #1585 ) ;
#1123 = VERTEX_POINT ( 'NONE', #542 ) ;
#1124 = EDGE_CURVE ( 'NONE', #2740, #179, #3301, .T. ) ;
#1125 = PLANE ( 'NONE',  #2774 ) ;
#1126 = CARTESIAN_POINT ( 'NONE',  ( 1.949999999999999512, 1.449999999999999956, -0.02000000000000000042 ) ) ;
#1127 = ADVANCED_FACE ( 'NONE', ( #2771 ), #2238, .T. ) ;
#1128 = PLANE ( 'NONE',  #6393 ) ;
#1129 = CARTESIAN_POINT ( 'NONE',  ( -1.949999999999999956, -0.1499999999999999667, 0.1800000001139778760 ) ) ;
#1130 = CARTESIAN_POINT ( 'NONE',  ( -1.949999999999999956, -1.149999999999999467, 0.1800000000000000211 ) ) ;
#1131 = VECTOR ( 'NONE', #4896, 1000.000000000000000 ) ;
#1132 = EDGE_CURVE ( 'NONE', #2637, #102, #794, .T. ) ;
#1133 = EDGE_CURVE ( 'NONE', #3504, #332, #3683, .T. ) ;
#1134 = DIRECTION ( 'NONE',  ( -1.000000000000000000, -3.942553354492739094E-16, 0.000000000000000000 ) ) ;
#1135 = ORIENTED_EDGE ( 'NONE', *, *, #3527, .F. ) ;
#1136 = DIRECTION ( 'NONE',  ( -0.000000000000000000, 0.000000000000000000, 1.000000000000000000 ) ) ;
#1137 = ORIENTED_EDGE ( 'NONE', *, *, #1329, .F. ) ;
#1138 = ORIENTED_EDGE ( 'NONE', *, *, #1822, .F. ) ;
#1139 = CARTESIAN_POINT ( 'NONE',  ( 2.500000000000000000, 0.7999999999999994893, -0.02000000000000000042 ) ) ;
#1140 = EDGE_CURVE ( 'NONE', #5074, #2912, #3543, .T. ) ;
#1141 = VERTEX_POINT ( 'NONE', #2910 ) ;
#1142 = DIRECTION ( 'NONE',  ( 0.000000000000000000, 1.000000000000000000, 0.000000000000000000 ) ) ;
#1143 = CARTESIAN_POINT ( 'NONE',  ( -0.8000000000000029310, -2.500000000000000000, 0.1800000000000000211 ) ) ;
#1144 = VECTOR ( 'NONE', #2454, 1000.000000000000000 ) ;
#1145 = CARTESIAN_POINT ( 'NONE',  ( -1.869999999999999440, 2.069999999999999840, 0.7699999999999999067 ) ) ;
#1146 = ORIENTED_EDGE ( 'NONE', *, *, #453, .F. ) ;
#1147 = PLANE ( 'NONE',  #2508 ) ;
#1148 = VERTEX_POINT ( 'NONE', #4563 ) ;
#1149 = CARTESIAN_POINT ( 'NONE',  ( 1.149999999999997025, -2.500000000000000000, 0.000000000000000000 ) ) ;
#1150 = COLOUR_RGB ( '',0.8039215686274510109, 0.8039215686274510109, 0.8039215686274510109 ) ;
#1151 = DIRECTION ( 'NONE',  ( 0.000000000000000000, 1.000000000000000000, 0.000000000000000000 ) ) ;
#1152 = LINE ( 'NONE', #3331, #3333 ) ;
#1153 = ORIENTED_EDGE ( 'NONE', *, *, #4216, .T. ) ;
#1154 = LINE ( 'NONE', #2229, #6650 ) ;
#1155 = AXIS2_PLACEMENT_3D ( 'NONE', #5528, #3485, #684 ) ;
#1156 = ORIENTED_EDGE ( 'NONE', *, *, #1356, .T. ) ;
#1157 = DIRECTION ( 'NONE',  ( -0.000000000000000000, -0.000000000000000000, -1.000000000000000000 ) ) ;
#1158 = DIRECTION ( 'NONE',  ( 1.000000000000000000, -1.577021341797097412E-15, 0.000000000000000000 ) ) ;
#1159 = DIRECTION ( 'NONE',  ( 0.000000000000000000, 0.000000000000000000, 1.000000000000000000 ) ) ;
#1160 = VECTOR ( 'NONE', #5883, 1000.000000000000000 ) ;
#1161 = CARTESIAN_POINT ( 'NONE',  ( 0.7999999999999994893, -1.949999999999999956, 0.000000000000000000 ) ) ;
#1162 = CARTESIAN_POINT ( 'NONE',  ( -1.949999999999999956, -0.1499999999999999667, 0.1800000000000000211 ) ) ;
#1163 = FACE_OUTER_BOUND ( 'NONE', #1215, .T. ) ;
#1164 = DIRECTION ( 'NONE',  ( -0.000000000000000000, -0.000000000000000000, -1.000000000000000000 ) ) ;
#1165 = DIRECTION ( 'NONE',  ( 1.000000000000000000, -0.000000000000000000, 0.000000000000000000 ) ) ;
#1166 = AXIS2_PLACEMENT_3D ( 'NONE', #3172, #1038, #933 ) ;
#1167 = VERTEX_POINT ( 'NONE', #5070 ) ;
#1168 = VECTOR ( 'NONE', #2499, 1000.000000000000000 ) ;
#1169 = VECTOR ( 'NONE', #3571, 1000.000000000000000 ) ;
#1170 = PLANE ( 'NONE',  #1639 ) ;
#1171 = FACE_OUTER_BOUND ( 'NONE', #3296, .T. ) ;
#1172 = AXIS2_PLACEMENT_3D ( 'NONE', #5802, #4700, #2612 ) ;
#1173 = ORIENTED_EDGE ( 'NONE', *, *, #6784, .T. ) ;
#1174 = DIRECTION ( 'NONE',  ( 1.000000000000000000, 0.000000000000000000, -0.000000000000000000 ) ) ;
#1175 = LINE ( 'NONE', #3757, #2318 ) ;
#1176 = AXIS2_PLACEMENT_3D ( 'NONE', #6756, #4014, #196 ) ;
#1177 = VECTOR ( 'NONE', #1497, 1000.000000000000000 ) ;
#1178 = PLANE ( 'NONE',  #1498 ) ;
#1179 = EDGE_LOOP ( 'NONE', ( #4705, #1008, #6425, #852, #4801, #4050, #260, #6351, #3531, #4325, #5755, #6788, #4895, #5286, #3182, #2797, #3486, #763, #3138, #240, #19, #4257, #4614, #2855 ) ) ;
#1180 = ADVANCED_FACE ( 'NONE', ( #317 ), #219, .T. ) ;
#1181 = EDGE_CURVE ( 'NONE', #6496, #411, #4463, .T. ) ;
#1182 = VERTEX_POINT ( 'NONE', #5034 ) ;
#1183 = EDGE_CURVE ( 'NONE', #1122, #619, #6708, .T. ) ;
#1184 = AXIS2_PLACEMENT_3D ( 'NONE', #655, #195, #3970 ) ;
#1185 = LINE ( 'NONE', #6608, #4946 ) ;
#1186 = EDGE_LOOP ( 'NONE', ( #3570, #5738, #3724, #5155, #2702 ) ) ;
#1187 = DIRECTION ( 'NONE',  ( -1.000000000000000000, 3.942553354492743038E-16, 0.000000000000000000 ) ) ;
#1188 = CARTESIAN_POINT ( 'NONE',  ( -0.7999999999999999334, 1.949999999999999956, -0.02000000000000000042 ) ) ;
#1189 = CARTESIAN_POINT ( 'NONE',  ( 1.149999999999999911, 2.500000000000000000, 0.1800000000000000211 ) ) ;
#1190 = ADVANCED_FACE ( 'NONE', ( #5644 ), #5103, .F. ) ;
#1191 = EDGE_CURVE ( 'NONE', #3059, #1598, #1246, .T. ) ;
#1192 = DIRECTION ( 'NONE',  ( -1.000000000000000000, 1.577021341797097018E-15, 0.000000000000000000 ) ) ;
#1193 = VERTEX_POINT ( 'NONE', #5562 ) ;
#1194 = LINE ( 'NONE', #5183, #2903 ) ;
#1195 = AXIS2_PLACEMENT_3D ( 'NONE', #4344, #6368, #6514 ) ;
#1196 = FACE_OUTER_BOUND ( 'NONE', #525, .T. ) ;
#1197 = AXIS2_PLACEMENT_3D ( 'NONE', #2312, #5993, #1668 ) ;
#1198 = VERTEX_POINT ( 'NONE', #719 ) ;
#1199 = CARTESIAN_POINT ( 'NONE',  ( -1.949999999999999956, -1.449999999999999956, -0.02000000000000000042 ) ) ;
#1200 = FACE_OUTER_BOUND ( 'NONE', #54, .T. ) ;
#1201 = CARTESIAN_POINT ( 'NONE',  ( -1.449999999999999956, 2.500000000000000000, 0.1800000000000000211 ) ) ;
#1202 = AXIS2_PLACEMENT_3D ( 'NONE', #3338, #2303, #4956 ) ;
#1203 = CARTESIAN_POINT ( 'NONE',  ( -1.449999999999999956, 1.949999999999999956, 0.1800000000000000211 ) ) ;
#1204 = EDGE_CURVE ( 'NONE', #2599, #1475, #2349, .T. ) ;
#1205 = VERTEX_POINT ( 'NONE', #981 ) ;
#1206 = ORIENTED_EDGE ( 'NONE', *, *, #5847, .T. ) ;
#1207 = FILL_AREA_STYLE_COLOUR ( '', #5534 ) ;
#1208 = PLANE ( 'NONE',  #2752 ) ;
#1209 = AXIS2_PLACEMENT_3D ( 'NONE', #4144, #3231, #5379 ) ;
#1210 = CARTESIAN_POINT ( 'NONE',  ( -2.500000000000000000, -0.7999999999999997113, -0.02000000000000000042 ) ) ;
#1211 = CARTESIAN_POINT ( 'NONE',  ( -2.500000000000000000, -2.500000000000000000, 0.000000000000000000 ) ) ;
#1212 = FACE_OUTER_BOUND ( 'NONE', #782, .T. ) ;
#1213 = CARTESIAN_POINT ( 'NONE',  ( 0.5000000000000000000, 2.500000000000000000, 0.1800000000000000211 ) ) ;
#1214 = CARTESIAN_POINT ( 'NONE',  ( -0.8000000000000029310, -2.500000000000000000, -0.02000000000000000042 ) ) ;
#1215 = EDGE_LOOP ( 'NONE', ( #6308, #5036, #5762, #3860 ) ) ;
#1216 = PLANE ( 'NONE',  #1184 ) ;
#1217 = CARTESIAN_POINT ( 'NONE',  ( 1.949999999999999512, 1.449999999999999956, 0.1800000000000000211 ) ) ;
#1218 = CARTESIAN_POINT ( 'NONE',  ( -2.500000000000000000, -2.500000000000000000, 0.7500000000000000000 ) ) ;
#1219 = VERTEX_POINT ( 'NONE', #3040 ) ;
#1220 = ORIENTED_EDGE ( 'NONE', *, *, #629, .T. ) ;
#1221 = CARTESIAN_POINT ( 'NONE',  ( -0.1500000000000029921, -2.500000000000000000, -0.02000000000000000042 ) ) ;
#1222 = VERTEX_POINT ( 'NONE', #6296 ) ;
#1223 = ADVANCED_FACE ( 'NONE', ( #1200 ), #3474, .F. ) ;
#1224 = LINE ( 'NONE', #2746, #46 ) ;
#1225 = DIRECTION ( 'NONE',  ( 1.000000000000000000, 0.000000000000000000, -0.000000000000000000 ) ) ;
#1226 = PLANE ( 'NONE',  #6049 ) ;
#1227 = VERTEX_POINT ( 'NONE', #6630 ) ;
#1228 = EDGE_LOOP ( 'NONE', ( #3428, #1153, #4478, #6585 ) ) ;
#1229 = DIRECTION ( 'NONE',  ( 0.000000000000000000, 1.000000000000000000, 0.000000000000000000 ) ) ;
#1230 = CARTESIAN_POINT ( 'NONE',  ( -0.1499999999999999667, 2.500000000000000000, 0.1800000000000000211 ) ) ;
#1231 = VERTEX_POINT ( 'NONE', #49 ) ;
#1232 = DIRECTION ( 'NONE',  ( -0.000000000000000000, -1.000000000000000000, -0.000000000000000000 ) ) ;
#1233 = EDGE_CURVE ( 'NONE', #2119, #4171, #6598, .T. ) ;
#1234 = EDGE_CURVE ( 'NONE', #5233, #3073, #5496, .T. ) ;
#1235 = DIRECTION ( 'NONE',  ( 0.000000000000000000, 0.000000000000000000, -1.000000000000000000 ) ) ;
#1236 = CARTESIAN_POINT ( 'NONE',  ( 1.949999999999999512, 0.5000000000000000000, 0.1800000000000000211 ) ) ;
#1237 = VECTOR ( 'NONE', #342, 1000.000000000000000 ) ;
#1238 = VERTEX_POINT ( 'NONE', #2204 ) ;
#1239 = EDGE_LOOP ( 'NONE', ( #6970, #6440, #6265, #3937 ) ) ;
#1240 = CARTESIAN_POINT ( 'NONE',  ( -1.450000000000002842, -2.500000000000000000, -0.02000000000000000042 ) ) ;
#1241 = CARTESIAN_POINT ( 'NONE',  ( -2.500000000000000000, -2.500000000000000000, 0.7500000000000000000 ) ) ;
#1242 = EDGE_CURVE ( 'NONE', #1198, #4894, #3902, .T. ) ;
#1243 =( GEOMETRIC_REPRESENTATION_CONTEXT ( 3 ) GLOBAL_UNCERTAINTY_ASSIGNED_CONTEXT ( ( #1064 ) ) GLOBAL_UNIT_ASSIGNED_CONTEXT ( ( #3816, #603, #3297 ) ) REPRESENTATION_CONTEXT ( 'NONE', 'WORKASPACE' ) );
#1244 = DIRECTION ( 'NONE',  ( 7.885106708985485090E-16, -1.000000000000000000, -0.000000000000000000 ) ) ;
#1245 = DIRECTION ( 'NONE',  ( 1.000000000000000000, 0.000000000000000000, -2.891205793294681856E-14 ) ) ;
#1246 = LINE ( 'NONE', #4497, #3792 ) ;
#1247 = CARTESIAN_POINT ( 'NONE',  ( 1.949999999999999512, 0.7999999999999999334, 0.000000000000000000 ) ) ;
#1248 = ADVANCED_FACE ( 'NONE', ( #3274 ), #5419, .F. ) ;
#1249 =( LENGTH_UNIT ( ) NAMED_UNIT ( * ) SI_UNIT ( .MILLI., .METRE. ) );
#1250 = EDGE_CURVE ( 'NONE', #6692, #2656, #2241, .T. ) ;
#1251 = LINE ( 'NONE', #4423, #1633 ) ;
#1252 = CARTESIAN_POINT ( 'NONE',  ( 0.1499999999999999667, 2.500000000000000000, -0.02000000000000000042 ) ) ;
#1253 = COLOUR_RGB ( '',0.8039215686274510109, 0.8039215686274510109, 0.8039215686274510109 ) ;
#1254 = ORIENTED_EDGE ( 'NONE', *, *, #2937, .T. ) ;
#1255 = ORIENTED_EDGE ( 'NONE', *, *, #4604, .F. ) ;
#1256 = CARTESIAN_POINT ( 'NONE',  ( -1.949999999999999956, 0.1500000000000003830, 0.1800000001139778760 ) ) ;
#1257 = ORIENTED_EDGE ( 'NONE', *, *, #5871, .F. ) ;
#1258 = DIRECTION ( 'NONE',  ( 0.000000000000000000, 0.000000000000000000, 1.000000000000000000 ) ) ;
#1259 = PRODUCT_DEFINITION ( 'UNKNOWN', '', #2182, #4 ) ;
#1260 = ORIENTED_EDGE ( 'NONE', *, *, #3647, .F. ) ;
#1261 = EDGE_LOOP ( 'NONE', ( #6845, #755, #3986, #1780 ) ) ;
#1262 = DIRECTION ( 'NONE',  ( 0.000000000000000000, 0.000000000000000000, -1.000000000000000000 ) ) ;
#1263 = CARTESIAN_POINT ( 'NONE',  ( 2.499999999999999556, 2.470000000000000195, 0.7800000000000000266 ) ) ;
#1264 = ORIENTED_EDGE ( 'NONE', *, *, #6398, .T. ) ;
#1265 = DIRECTION ( 'NONE',  ( 1.000000000000000000, 0.000000000000000000, 0.000000000000000000 ) ) ;
#1266 = DIRECTION ( 'NONE',  ( 0.000000000000000000, 0.000000000000000000, -1.000000000000000000 ) ) ;
#1267 = DIRECTION ( 'NONE',  ( -0.000000000000000000, -0.000000000000000000, -1.000000000000000000 ) ) ;
#1268 = AXIS2_PLACEMENT_3D ( 'NONE', #4871, #33, #2757 ) ;
#1269 = EDGE_CURVE ( 'NONE', #4894, #993, #6528, .T. ) ;
#1270 = VERTEX_POINT ( 'NONE', #1700 ) ;
#1271 = CARTESIAN_POINT ( 'NONE',  ( -0.5000000000000000000, -2.500000000000000000, -0.02000000000000000042 ) ) ;
#1272 = ORIENTED_EDGE ( 'NONE', *, *, #6511, .F. ) ;
#1273 = DIRECTION ( 'NONE',  ( 1.000000000000000000, -0.000000000000000000, 0.000000000000000000 ) ) ;
#1274 = STYLED_ITEM ( 'NONE', ( #618 ), #6524 ) ;
#1275 = DIRECTION ( 'NONE',  ( 1.000000000000000000, 0.000000000000000000, 0.000000000000000000 ) ) ;
#1276 = CARTESIAN_POINT ( 'NONE',  ( 1.949999999999999512, -0.7999999999999999334, 0.000000000000000000 ) ) ;
#1277 = DIRECTION ( 'NONE',  ( -0.000000000000000000, -0.000000000000000000, 1.000000000000000000 ) ) ;
#1278 = CARTESIAN_POINT ( 'NONE',  ( 0.7999999999999999334, 2.500000000000000000, 0.1800000000000000488 ) ) ;
#1279 = AXIS2_PLACEMENT_3D ( 'NONE', #2309, #5035, #2555 ) ;
#1280 = ADVANCED_FACE ( 'NONE', ( #1171 ), #4964, .T. ) ;
#1281 = VERTEX_POINT ( 'NONE', #4460 ) ;
#1282 = AXIS2_PLACEMENT_3D ( 'NONE', #5099, #4521, #2906 ) ;
#1283 = ORIENTED_EDGE ( 'NONE', *, *, #6137, .F. ) ;
#1284 = LINE ( 'NONE', #2916, #4123 ) ;
#1285 = LINE ( 'NONE', #5682, #5823 ) ;
#1286 = ADVANCED_FACE ( 'NONE', ( #3373 ), #646, .T. ) ;
#1287 = CARTESIAN_POINT ( 'NONE',  ( 2.499999999999999556, -2.500000000000000000, 0.000000000000000000 ) ) ;
#1288 = VECTOR ( 'NONE', #364, 1000.000000000000000 ) ;
#1289 = VECTOR ( 'NONE', #5363, 1000.000000000000000 ) ;
#1290 = VECTOR ( 'NONE', #2783, 1000.000000000000000 ) ;
#1291 = ORIENTED_EDGE ( 'NONE', *, *, #6129, .T. ) ;
#1292 = ADVANCED_FACE ( 'NONE', ( #112 ), #3895, .F. ) ;
#1293 = EDGE_LOOP ( 'NONE', ( #2274, #6108, #1969, #4759 ) ) ;
#1294 = FACE_OUTER_BOUND ( 'NONE', #368, .T. ) ;
#1295 = CIRCLE ( 'NONE', #1514, 0.02999999999999997113 ) ;
#1296 = ORIENTED_EDGE ( 'NONE', *, *, #6184, .F. ) ;
#1297 = AXIS2_PLACEMENT_3D ( 'NONE', #4697, #2611, #480 ) ;
#1298 = SURFACE_STYLE_FILL_AREA ( #738 ) ;
#1299 = PLANE ( 'NONE',  #3441 ) ;
#1300 = CARTESIAN_POINT ( 'NONE',  ( 2.500000000000000000, -0.5000000000000004441, 0.1800000000000000211 ) ) ;
#1301 = AXIS2_PLACEMENT_3D ( 'NONE', #2404, #6224, #1825 ) ;
#1302 = AXIS2_PLACEMENT_3D ( 'NONE', #6808, #4205, #990 ) ;
#1303 =( GEOMETRIC_REPRESENTATION_CONTEXT ( 3 ) GLOBAL_UNCERTAINTY_ASSIGNED_CONTEXT ( ( #427 ) ) GLOBAL_UNIT_ASSIGNED_CONTEXT ( ( #4824, #2698, #1634 ) ) REPRESENTATION_CONTEXT ( 'NONE', 'WORKASPACE' ) );
#1304 = EDGE_LOOP ( 'NONE', ( #6493, #4238, #3930, #3104 ) ) ;
#1305 = ORIENTED_EDGE ( 'NONE', *, *, #4858, .T. ) ;
#1306 = LINE ( 'NONE', #702, #923 ) ;
#1307 = VERTEX_POINT ( 'NONE', #4380 ) ;
#1308 = DIRECTION ( 'NONE',  ( 1.000000000000000000, 3.942553354492742545E-16, 0.000000000000000000 ) ) ;
#1309 = CARTESIAN_POINT ( 'NONE',  ( 2.499999999999999556, -1.449999999999999734, 0.000000000000000000 ) ) ;
#1310 = LINE ( 'NONE', #1903, #273 ) ;
#1311 = AXIS2_PLACEMENT_3D ( 'NONE', #3088, #5242, #3720 ) ;
#1312 = VECTOR ( 'NONE', #2289, 1000.000000000000000 ) ;
#1313 = ORIENTED_EDGE ( 'NONE', *, *, #6174, .F. ) ;
#1314 = LINE ( 'NONE', #3479, #5082 ) ;
#1315 = VERTEX_POINT ( 'NONE', #2267 ) ;
#1316 = DIRECTION ( 'NONE',  ( 1.000000000000000000, 0.000000000000000000, 0.000000000000000000 ) ) ;
#1317 = AXIS2_PLACEMENT_3D ( 'NONE', #4982, #5634, #2295 ) ;
#1318 = DIRECTION ( 'NONE',  ( 7.885106708985485090E-16, -1.000000000000000000, 0.000000000000000000 ) ) ;
#1319 = FACE_OUTER_BOUND ( 'NONE', #5086, .T. ) ;
#1320 = DIRECTION ( 'NONE',  ( 0.000000000000000000, 0.000000000000000000, -1.000000000000000000 ) ) ;
#1321 = LINE ( 'NONE', #6201, #5346 ) ;
#1322 = ORIENTED_EDGE ( 'NONE', *, *, #6593, .F. ) ;
#1323 = VECTOR ( 'NONE', #2822, 1000.000000000000000 ) ;
#1324 = ORIENTED_EDGE ( 'NONE', *, *, #6100, .T. ) ;
#1325 =( NAMED_UNIT ( * ) SI_UNIT ( $, .STERADIAN. ) SOLID_ANGLE_UNIT ( ) );
#1326 = ADVANCED_FACE ( 'NONE', ( #2833 ), #4412, .T. ) ;
#1327 = EDGE_CURVE ( 'NONE', #2125, #4605, #145, .T. ) ;
#1328 = DIRECTION ( 'NONE',  ( 0.000000000000000000, -0.000000000000000000, -1.000000000000000000 ) ) ;
#1329 = EDGE_CURVE ( 'NONE', #1148, #5290, #1471, .T. ) ;
#1330 = ORIENTED_EDGE ( 'NONE', *, *, #5733, .T. ) ;
#1331 = EDGE_LOOP ( 'NONE', ( #2369, #3858, #6952, #3365 ) ) ;
#1332 = LINE ( 'NONE', #2358, #6693 ) ;
#1333 = EDGE_LOOP ( 'NONE', ( #1792, #2564, #1405, #6701 ) ) ;
#1334 = CARTESIAN_POINT ( 'NONE',  ( -2.500000000000000000, -0.7999999999999997113, 0.1800000000000000211 ) ) ;
#1335 = CARTESIAN_POINT ( 'NONE',  ( -2.500000000000000000, -2.500000000000000000, 0.7800000000000000266 ) ) ;
#1336 = ADVANCED_FACE ( 'NONE', ( #941 ), #5799, .F. ) ;
#1337 = ADVANCED_FACE ( 'NONE', ( #4658 ), #5263, .F. ) ;
#1338 = ORIENTED_EDGE ( 'NONE', *, *, #4639, .T. ) ;
#1339 = CARTESIAN_POINT ( 'NONE',  ( -1.149999999999999911, 2.500000000000000000, 0.1800000000000000211 ) ) ;
#1340 = ORIENTED_EDGE ( 'NONE', *, *, #3303, .T. ) ;
#1341 = PLANE ( 'NONE',  #6615 ) ;
#1342 = EDGE_CURVE ( 'NONE', #5686, #6496, #2541, .T. ) ;
#1343 = CARTESIAN_POINT ( 'NONE',  ( 0.5000000000000000000, 1.949999999999999956, -0.02000000000000000042 ) ) ;
#1344 = LINE ( 'NONE', #2503, #2542 ) ;
#1345 = VERTEX_POINT ( 'NONE', #4698 ) ;
#1346 = FACE_OUTER_BOUND ( 'NONE', #5260, .T. ) ;
#1347 = EDGE_LOOP ( 'NONE', ( #6429, #4389, #6930, #5879 ) ) ;
#1348 = DIRECTION ( 'NONE',  ( -1.577021341797097018E-15, -1.000000000000000000, 0.000000000000000000 ) ) ;
#1349 = DIRECTION ( 'NONE',  ( -0.000000000000000000, -0.000000000000000000, -1.000000000000000000 ) ) ;
#1350 = DIRECTION ( 'NONE',  ( 1.000000000000000000, 3.942553354492742545E-16, 0.000000000000000000 ) ) ;
#1351 = DIRECTION ( 'NONE',  ( 0.000000000000000000, 1.000000000000000000, -0.000000000000000000 ) ) ;
#1352 = LINE ( 'NONE', #4526, #2638 ) ;
#1353 = ADVANCED_FACE ( 'NONE', ( #6295 ), #5541, .T. ) ;
#1354 = ORIENTED_EDGE ( 'NONE', *, *, #5864, .F. ) ;
#1355 = EDGE_CURVE ( 'NONE', #5664, #4617, #2959, .T. ) ;
#1356 = EDGE_CURVE ( 'NONE', #2539, #4695, #6113, .T. ) ;
#1357 = SURFACE_SIDE_STYLE ('',( #3515 ) ) ;
#1358 = DIRECTION ( 'NONE',  ( -1.000000000000000000, 0.000000000000000000, 0.000000000000000000 ) ) ;
#1359 = DIRECTION ( 'NONE',  ( 0.000000000000000000, 1.000000000000000000, -0.000000000000000000 ) ) ;
#1360 =( LENGTH_UNIT ( ) NAMED_UNIT ( * ) SI_UNIT ( .MILLI., .METRE. ) );
#1361 = ORIENTED_EDGE ( 'NONE', *, *, #6775, .T. ) ;
#1362 = ADVANCED_FACE ( 'NONE', ( #6686 ), #6148, .F. ) ;
#1363 = VERTEX_POINT ( 'NONE', #6187 ) ;
#1364 = CARTESIAN_POINT ( 'NONE',  ( 0.1499999999999999667, -2.500000000000000000, 0.000000000000000000 ) ) ;
#1365 = VERTEX_POINT ( 'NONE', #4105 ) ;
#1366 = FILL_AREA_STYLE_COLOUR ( '', #4795 ) ;
#1367 = DIRECTION ( 'NONE',  ( 0.000000000000000000, 1.000000000000000000, 0.000000000000000000 ) ) ;
#1368 = ADVANCED_FACE ( 'NONE', ( #6847 ), #1989, .F. ) ;
#1369 = ORIENTED_EDGE ( 'NONE', *, *, #1691, .T. ) ;
#1370 = DIRECTION ( 'NONE',  ( -0.000000000000000000, -0.000000000000000000, -1.000000000000000000 ) ) ;
#1371 = ORIENTED_EDGE ( 'NONE', *, *, #2140, .T. ) ;
#1372 = DIRECTION ( 'NONE',  ( -0.000000000000000000, 0.000000000000000000, -1.000000000000000000 ) ) ;
#1373 = LINE ( 'NONE', #3533, #1380 ) ;
#1374 = EDGE_CURVE ( 'NONE', #6237, #30, #1154, .T. ) ;
#1375 = CARTESIAN_POINT ( 'NONE',  ( -2.500000000000000000, -2.500000000000000000, 0.000000000000000000 ) ) ;
#1376 = EDGE_LOOP ( 'NONE', ( #1756, #6228, #3472 ) ) ;
#1377 = VERTEX_POINT ( 'NONE', #1431 ) ;
#1378 = DIRECTION ( 'NONE',  ( 1.000000000000000000, -7.885106708985485090E-16, 0.000000000000000000 ) ) ;
#1379 = CARTESIAN_POINT ( 'NONE',  ( 1.149999999999997913, -1.949999999999999956, 0.1800000000000000488 ) ) ;
#1380 = VECTOR ( 'NONE', #1937, 1000.000000000000000 ) ;
#1381 = PLANE ( 'NONE',  #475 ) ;
#1382 = DIRECTION ( 'NONE',  ( 1.000000000000000000, -7.885106708985478187E-16, 0.000000000000000000 ) ) ;
#1383 = VERTEX_POINT ( 'NONE', #3031 ) ;
#1384 = COLOUR_RGB ( '',0.8039215686274510109, 0.8039215686274510109, 0.8039215686274510109 ) ;
#1385 = CARTESIAN_POINT ( 'NONE',  ( 2.469999999999999751, -2.500000000000000000, 0.000000000000000000 ) ) ;
#1386 = FACE_OUTER_BOUND ( 'NONE', #5080, .T. ) ;
#1387 = CARTESIAN_POINT ( 'NONE',  ( 2.500000000000000000, 0.7999999999999994893, 0.1800000000000000211 ) ) ;
#1388 = SURFACE_SIDE_STYLE ('',( #6240 ) ) ;
#1389 = ORIENTED_EDGE ( 'NONE', *, *, #6056, .T. ) ;
#1390 = ADVANCED_FACE ( 'NONE', ( #299 ), #4402, .F. ) ;
#1391 = FACE_BOUND ( 'NONE', #6622, .T. ) ;
#1392 = ORIENTED_EDGE ( 'NONE', *, *, #5918, .F. ) ;
#1393 = VECTOR ( 'NONE', #5071, 1000.000000000000000 ) ;
#1394 = DIRECTION ( 'NONE',  ( -0.000000000000000000, -0.000000000000000000, -1.000000000000000000 ) ) ;
#1395 = ORIENTED_EDGE ( 'NONE', *, *, #4906, .T. ) ;
#1396 = FACE_OUTER_BOUND ( 'NONE', #5212, .T. ) ;
#1397 = CARTESIAN_POINT ( 'NONE',  ( 0.000000000000000000, 0.000000000000000000, 0.1800000000000000211 ) ) ;
#1398 = AXIS2_PLACEMENT_3D ( 'NONE', #3644, #5681, #2024 ) ;
#1399 = AXIS2_PLACEMENT_3D ( 'NONE', #2617, #5771, #989 ) ;
#1400 = ADVANCED_FACE ( 'NONE', ( #2993 ), #1954, .F. ) ;
#1401 = ORIENTED_EDGE ( 'NONE', *, *, #5121, .T. ) ;
#1402 = AXIS2_PLACEMENT_3D ( 'NONE', #5157, #3425, #3500 ) ;
#1403 = CIRCLE ( 'NONE', #47, 0.03000000000000007869 ) ;
#1404 = DIRECTION ( 'NONE',  ( 1.000000000000000000, -7.885106708985480159E-16, 0.000000000000000000 ) ) ;
#1405 = ORIENTED_EDGE ( 'NONE', *, *, #1895, .F. ) ;
#1406 = CARTESIAN_POINT ( 'NONE',  ( 1.949999999999999512, -1.149999999999999911, -0.02000000000000000042 ) ) ;
#1407 = VECTOR ( 'NONE', #3706, 1000.000000000000000 ) ;
#1408 = SURFACE_STYLE_FILL_AREA ( #3699 ) ;
#1409 = EDGE_CURVE ( 'NONE', #3219, #1205, #328, .T. ) ;
#1410 = EDGE_CURVE ( 'NONE', #3037, #327, #5511, .T. ) ;
#1411 = VECTOR ( 'NONE', #13, 1000.000000000000000 ) ;
#1412 = STYLED_ITEM ( 'NONE', ( #2135 ), #4268 ) ;
#1413 = DIRECTION ( 'NONE',  ( -0.000000000000000000, 0.000000000000000000, 1.000000000000000000 ) ) ;
#1414 = ORIENTED_EDGE ( 'NONE', *, *, #1933, .T. ) ;
#1415 = ORIENTED_EDGE ( 'NONE', *, *, #2607, .F. ) ;
#1416 = DIRECTION ( 'NONE',  ( 0.000000000000000000, 1.000000000000000000, 0.000000000000000000 ) ) ;
#1417 =( GEOMETRIC_REPRESENTATION_CONTEXT ( 3 ) GLOBAL_UNCERTAINTY_ASSIGNED_CONTEXT ( ( #5236 ) ) GLOBAL_UNIT_ASSIGNED_CONTEXT ( ( #4888, #2243, #1325 ) ) REPRESENTATION_CONTEXT ( 'NONE', 'WORKASPACE' ) );
#1418 = LINE ( 'NONE', #1833, #5812 ) ;
#1419 = PLANE ( 'NONE',  #1302 ) ;
#1420 = EDGE_CURVE ( 'NONE', #4695, #6767, #4613, .T. ) ;
#1421 = DIRECTION ( 'NONE',  ( 0.000000000000000000, 0.000000000000000000, 1.000000000000000000 ) ) ;
#1422 = VERTEX_POINT ( 'NONE', #5152 ) ;
#1423 = VECTOR ( 'NONE', #149, 1000.000000000000000 ) ;
#1424 =( NAMED_UNIT ( * ) SI_UNIT ( $, .STERADIAN. ) SOLID_ANGLE_UNIT ( ) );
#1425 = UNCERTAINTY_MEASURE_WITH_UNIT (LENGTH_MEASURE( 1.000000000000000082E-05 ), #846, 'distance_accuracy_value', 'NONE');
#1426 = DIRECTION ( 'NONE',  ( -0.000000000000000000, -0.000000000000000000, -1.000000000000000000 ) ) ;
#1427 = CARTESIAN_POINT ( 'NONE',  ( 2.500000000000000000, -0.1499999999999997446, -0.02000000000000000042 ) ) ;
#1428 = LINE ( 'NONE', #6981, #1987 ) ;
#1429 = FILL_AREA_STYLE ('',( #1458 ) ) ;
#1430 = ORIENTED_EDGE ( 'NONE', *, *, #2489, .F. ) ;
#1431 = CARTESIAN_POINT ( 'NONE',  ( 1.450000000000000400, 2.500000000000000000, 0.000000000000000000 ) ) ;
#1432 = EDGE_LOOP ( 'NONE', ( #200, #4650, #6681, #4157 ) ) ;
#1433 = LINE ( 'NONE', #1926, #4267 ) ;
#1434 = VERTEX_POINT ( 'NONE', #3589 ) ;
#1435 = PLANE ( 'NONE',  #3225 ) ;
#1436 = DIRECTION ( 'NONE',  ( 0.000000000000000000, 0.000000000000000000, 1.000000000000000000 ) ) ;
#1437 = ORIENTED_EDGE ( 'NONE', *, *, #446, .F. ) ;
#1438 = CARTESIAN_POINT ( 'NONE',  ( -1.450000000000002176, -1.949999999999999956, -0.02000000000000000042 ) ) ;
#1439 = EDGE_LOOP ( 'NONE', ( #4027, #2567, #1659, #2714 ) ) ;
#1440 = LINE ( 'NONE', #4728, #2991 ) ;
#1441 = FACE_OUTER_BOUND ( 'NONE', #3052, .T. ) ;
#1442 = CARTESIAN_POINT ( 'NONE',  ( 1.149999999999999911, 2.500000000000000000, 0.1800000000000000211 ) ) ;
#1443 = ORIENTED_EDGE ( 'NONE', *, *, #2738, .T. ) ;
#1444 = EDGE_CURVE ( 'NONE', #4802, #6576, #1194, .T. ) ;
#1445 = FACE_OUTER_BOUND ( 'NONE', #1331, .T. ) ;
#1446 = EDGE_CURVE ( 'NONE', #6263, #3721, #3477, .T. ) ;
#1447 = VERTEX_POINT ( 'NONE', #3060 ) ;
#1448 = FACE_OUTER_BOUND ( 'NONE', #3609, .T. ) ;
#1449 = CARTESIAN_POINT ( 'NONE',  ( 2.500000000000000000, 0.5000000000000002220, -0.02000000000000000042 ) ) ;
#1450 = FACE_OUTER_BOUND ( 'NONE', #5301, .T. ) ;
#1451 = FACE_OUTER_BOUND ( 'NONE', #496, .T. ) ;
#1452 = VERTEX_POINT ( 'NONE', #99 ) ;
#1453 = DIRECTION ( 'NONE',  ( -0.000000000000000000, -0.000000000000000000, -1.000000000000000000 ) ) ;
#1454 = EDGE_CURVE ( 'NONE', #6909, #5317, #5587, .T. ) ;
#1455 = CARTESIAN_POINT ( 'NONE',  ( 1.149999999999999911, 2.500000000000000000, -0.02000000000000000042 ) ) ;
#1456 = LINE ( 'NONE', #3613, #5022 ) ;
#1457 = PLANE ( 'NONE',  #63 ) ;
#1458 = FILL_AREA_STYLE_COLOUR ( '', #2976 ) ;
#1459 = ADVANCED_FACE ( 'NONE', ( #2856 ), #1717, .F. ) ;
#1460 = ORIENTED_EDGE ( 'NONE', *, *, #6950, .T. ) ;
#1461 = SPHERICAL_SURFACE ( 'NONE', #770, 0.02999999999999999889 ) ;
#1462 = ORIENTED_EDGE ( 'NONE', *, *, #2838, .T. ) ;
#1463 = CARTESIAN_POINT ( 'NONE',  ( 1.149999999999997025, -2.500000000000000000, 0.1800000000000000488 ) ) ;
#1464 = VERTEX_POINT ( 'NONE', #3922 ) ;
#1465 = SURFACE_STYLE_USAGE ( .BOTH. , #4119 ) ;
#1466 = LINE ( 'NONE', #973, #6728 ) ;
#1467 = VERTEX_POINT ( 'NONE', #6790 ) ;
#1468 = LINE ( 'NONE', #3068, #6944 ) ;
#1469 = ORIENTED_EDGE ( 'NONE', *, *, #5850, .T. ) ;
#1470 = LINE ( 'NONE', #3628, #5245 ) ;
#1471 = LINE ( 'NONE', #4161, #1645 ) ;
#1472 = CARTESIAN_POINT ( 'NONE',  ( -2.500000000000000000, 0.1500000000000001887, -0.02000000000000000042 ) ) ;
#1473 = DIRECTION ( 'NONE',  ( 1.000000000000000000, 3.942553354492742545E-16, 0.000000000000000000 ) ) ;
#1474 = AXIS2_PLACEMENT_3D ( 'NONE', #6881, #2622, #2094 ) ;
#1475 = VERTEX_POINT ( 'NONE', #5016 ) ;
#1476 = ORIENTED_EDGE ( 'NONE', *, *, #5694, .T. ) ;
#1477 = LINE ( 'NONE', #910, #5880 ) ;
#1478 = ORIENTED_EDGE ( 'NONE', *, *, #4691, .F. ) ;
#1479 = DIRECTION ( 'NONE',  ( 0.000000000000000000, -1.000000000000000000, 0.000000000000000000 ) ) ;
#1480 =( GEOMETRIC_REPRESENTATION_CONTEXT ( 3 ) GLOBAL_UNCERTAINTY_ASSIGNED_CONTEXT ( ( #5889 ) ) GLOBAL_UNIT_ASSIGNED_CONTEXT ( ( #4102, #5648, #3968 ) ) REPRESENTATION_CONTEXT ( 'NONE', 'WORKASPACE' ) );
#1481 = FACE_OUTER_BOUND ( 'NONE', #2177, .T. ) ;
#1482 = ADVANCED_FACE ( 'NONE', ( #667, #1391 ), #2465, .T. ) ;
#1483 = EDGE_CURVE ( 'NONE', #5480, #6859, #3363, .T. ) ;
#1484 = ORIENTED_EDGE ( 'NONE', *, *, #784, .T. ) ;
#1485 = CARTESIAN_POINT ( 'NONE',  ( 2.500000000000000000, -0.5000000000000004441, -0.02000000000000000042 ) ) ;
#1486 = DIRECTION ( 'NONE',  ( 0.000000000000000000, 0.000000000000000000, 1.000000000000000000 ) ) ;
#1487 = CARTESIAN_POINT ( 'NONE',  ( 2.499999999999999556, -2.500000000000000000, 0.000000000000000000 ) ) ;
#1488 = PLANE ( 'NONE',  #4780 ) ;
#1489 = EDGE_CURVE ( 'NONE', #3690, #3251, #4484, .T. ) ;
#1490 = EDGE_CURVE ( 'NONE', #179, #1475, #6243, .T. ) ;
#1491 = ORIENTED_EDGE ( 'NONE', *, *, #2969, .F. ) ;
#1492 = AXIS2_PLACEMENT_3D ( 'NONE', #3740, #3260, #598 ) ;
#1493 = CARTESIAN_POINT ( 'NONE',  ( 1.449999999999999512, -1.949999999999999956, 0.000000000000000000 ) ) ;
#1494 = EDGE_LOOP ( 'NONE', ( #10, #6009, #4965, #91 ) ) ;
#1495 = CARTESIAN_POINT ( 'NONE',  ( -1.450000000000002176, -1.949999999999999956, 0.1800000000000000488 ) ) ;
#1496 = ORIENTED_EDGE ( 'NONE', *, *, #6548, .F. ) ;
#1497 = DIRECTION ( 'NONE',  ( -1.000000000000000000, 3.942553354492742545E-16, -0.000000000000000000 ) ) ;
#1498 = AXIS2_PLACEMENT_3D ( 'NONE', #124, #6451, #6071 ) ;
#1499 = CARTESIAN_POINT ( 'NONE',  ( 1.949999999999999512, -1.149999999999999911, 0.000000000000000000 ) ) ;
#1500 = VECTOR ( 'NONE', #1993, 1000.000000000000000 ) ;
#1501 = CARTESIAN_POINT ( 'NONE',  ( -0.1499999999999999667, 2.500000000000000000, 0.1800000000000000211 ) ) ;
#1502 = ORIENTED_EDGE ( 'NONE', *, *, #3459, .F. ) ;
#1503 = VECTOR ( 'NONE', #2084, 1000.000000000000000 ) ;
#1504 = CARTESIAN_POINT ( 'NONE',  ( 2.500000000000000000, -0.1499999999999997446, -0.02000000000000000042 ) ) ;
#1505 = CARTESIAN_POINT ( 'NONE',  ( 2.499999999999999556, -0.7999999999999997113, 0.000000000000000000 ) ) ;
#1506 = CARTESIAN_POINT ( 'NONE',  ( -2.270000000000000018, 2.069999999999999840, 0.7699999999999999067 ) ) ;
#1507 = VECTOR ( 'NONE', #4120, 1000.000000000000000 ) ;
#1508 = VECTOR ( 'NONE', #805, 1000.000000000000000 ) ;
#1509 = ORIENTED_EDGE ( 'NONE', *, *, #2489, .T. ) ;
#1510 = EDGE_LOOP ( 'NONE', ( #1832, #4934, #2569, #5553 ) ) ;
#1511 = DIRECTION ( 'NONE',  ( -0.000000000000000000, 0.000000000000000000, 1.000000000000000000 ) ) ;
#1512 = ORIENTED_EDGE ( 'NONE', *, *, #621, .F. ) ;
#1513 = DIRECTION ( 'NONE',  ( -0.000000000000000000, 0.000000000000000000, -1.000000000000000000 ) ) ;
#1514 = AXIS2_PLACEMENT_3D ( 'NONE', #1097, #1245, #2348 ) ;
#1515 = COLOUR_RGB ( '',0.8039215686274510109, 0.8039215686274510109, 0.8039215686274510109 ) ;
#1516 = LINE ( 'NONE', #4099, #5116 ) ;
#1517 = LINE ( 'NONE', #5855, #724 ) ;
#1518 = CARTESIAN_POINT ( 'NONE',  ( -2.500000000000000000, -0.4999999999999997780, -0.02000000000000000042 ) ) ;
#1519 = VECTOR ( 'NONE', #4518, 1000.000000000000000 ) ;
#1520 = EDGE_LOOP ( 'NONE', ( #3770, #154, #5584, #1581 ) ) ;
#1521 = AXIS2_PLACEMENT_3D ( 'NONE', #2155, #2055, #5920 ) ;
#1522 = CARTESIAN_POINT ( 'NONE',  ( -2.500000000000000000, 1.450000000000000178, 0.1800000000000000211 ) ) ;
#1523 = ADVANCED_FACE ( 'NONE', ( #5726 ), #6663, .F. ) ;
#1524 = PLANE ( 'NONE',  #6260 ) ;
#1525 = CARTESIAN_POINT ( 'NONE',  ( -2.069999999999999840, 2.069999999999999840, 0.7699999999999999067 ) ) ;
#1526 = CARTESIAN_POINT ( 'NONE',  ( 2.500000000000000000, -0.5000000000000004441, 0.000000000000000000 ) ) ;
#1527 = FILL_AREA_STYLE ('',( #431 ) ) ;
#1528 = ORIENTED_EDGE ( 'NONE', *, *, #2091, .F. ) ;
#1529 = VECTOR ( 'NONE', #2520, 1000.000000000000000 ) ;
#1530 = VECTOR ( 'NONE', #2620, 1000.000000000000000 ) ;
#1531 = DIRECTION ( 'NONE',  ( 1.000000000000000000, 0.000000000000000000, 0.000000000000000000 ) ) ;
#1532 = VECTOR ( 'NONE', #3936, 1000.000000000000000 ) ;
#1533 = EDGE_CURVE ( 'NONE', #279, #582, #3430, .T. ) ;
#1534 = CARTESIAN_POINT ( 'NONE',  ( -2.500000000000000000, -0.4999999999999997780, 0.1800000000000000211 ) ) ;
#1535 = EDGE_CURVE ( 'NONE', #1167, #6126, #970, .T. ) ;
#1536 = ORIENTED_EDGE ( 'NONE', *, *, #424, .F. ) ;
#1537 =( NAMED_UNIT ( * ) SI_UNIT ( $, .STERADIAN. ) SOLID_ANGLE_UNIT ( ) );
#1538 = LINE ( 'NONE', #2604, #4559 ) ;
#1539 = AXIS2_PLACEMENT_3D ( 'NONE', #2871, #859, #2380 ) ;
#1540 = ORIENTED_EDGE ( 'NONE', *, *, #6738, .F. ) ;
#1541 = ORIENTED_EDGE ( 'NONE', *, *, #1133, .T. ) ;
#1542 = CARTESIAN_POINT ( 'NONE',  ( -1.450000000000002176, -1.949999999999999956, -0.02000000000000000042 ) ) ;
#1543 = ADVANCED_FACE ( 'NONE', ( #4184 ), #1995, .F. ) ;
#1544 = VECTOR ( 'NONE', #3654, 1000.000000000000000 ) ;
#1545 = ORIENTED_EDGE ( 'NONE', *, *, #6517, .F. ) ;
#1546 = DIRECTION ( 'NONE',  ( 1.000000000000000000, -3.942553354492742545E-16, 0.000000000000000000 ) ) ;
#1547 = CARTESIAN_POINT ( 'NONE',  ( -2.500000000000000000, 0.8000000000000001554, -0.02000000000000000042 ) ) ;
#1548 = ORIENTED_EDGE ( 'NONE', *, *, #4945, .F. ) ;
#1549 = EDGE_LOOP ( 'NONE', ( #4750, #6030, #5575, #6369 ) ) ;
#1550 = LINE ( 'NONE', #3184, #3391 ) ;
#1551 = CARTESIAN_POINT ( 'NONE',  ( 0.7999999999999994893, -1.949999999999999956, -0.02000000000000000042 ) ) ;
#1552 = FACE_OUTER_BOUND ( 'NONE', #4773, .T. ) ;
#1553 = DIRECTION ( 'NONE',  ( 0.000000000000000000, 0.000000000000000000, 1.000000000000000000 ) ) ;
#1554 = CARTESIAN_POINT ( 'NONE',  ( 0.7999999999999994893, 1.949999999999999956, 0.1800000000000000211 ) ) ;
#1555 = ORIENTED_EDGE ( 'NONE', *, *, #455, .T. ) ;
#1556 =( NAMED_UNIT ( * ) SI_UNIT ( $, .STERADIAN. ) SOLID_ANGLE_UNIT ( ) );
#1557 = UNCERTAINTY_MEASURE_WITH_UNIT (LENGTH_MEASURE( 1.000000000000000082E-05 ), #4023, 'distance_accuracy_value', 'NONE');
#1558 = DIRECTION ( 'NONE',  ( 0.000000000000000000, -1.000000000000000000, 0.000000000000000000 ) ) ;
#1559 = DIRECTION ( 'NONE',  ( -0.000000000000000000, -0.000000000000000000, -1.000000000000000000 ) ) ;
#1560 = FACE_OUTER_BOUND ( 'NONE', #5999, .T. ) ;
#1561 = ADVANCED_FACE ( 'NONE', ( #2630 ), #2101, .F. ) ;
#1562 = VECTOR ( 'NONE', #734, 1000.000000000000000 ) ;
#1563 = CARTESIAN_POINT ( 'NONE',  ( -1.624999999999999778, -1.624999999999999334, 0.01000000000000000021 ) ) ;
#1564 = DIRECTION ( 'NONE',  ( -0.000000000000000000, -0.000000000000000000, -1.000000000000000000 ) ) ;
#1565 = VERTEX_POINT ( 'NONE', #6888 ) ;
#1566 = DIRECTION ( 'NONE',  ( -0.000000000000000000, -0.000000000000000000, 1.000000000000000000 ) ) ;
#1567 = LINE ( 'NONE', #5213, #1960 ) ;
#1568 = ORIENTED_EDGE ( 'NONE', *, *, #233, .F. ) ;
#1569 = VERTEX_POINT ( 'NONE', #468 ) ;
#1570 = LINE ( 'NONE', #1110, #3999 ) ;
#1571 = VERTEX_POINT ( 'NONE', #1493 ) ;
#1572 = LINE ( 'NONE', #4295, #5238 ) ;
#1573 = ADVANCED_FACE ( 'NONE', ( #5351 ), #2566, .F. ) ;
#1574 = DIRECTION ( 'NONE',  ( -1.000000000000000000, 0.000000000000000000, -0.000000000000000000 ) ) ;
#1575 = ORIENTED_EDGE ( 'NONE', *, *, #3831, .F. ) ;
#1576 = DIRECTION ( 'NONE',  ( -0.000000000000000000, -0.000000000000000000, 1.000000000000000000 ) ) ;
#1577 = ORIENTED_EDGE ( 'NONE', *, *, #5247, .T. ) ;
#1578 = FACE_OUTER_BOUND ( 'NONE', #1239, .T. ) ;
#1579 = CARTESIAN_POINT ( 'NONE',  ( -2.500000000000000000, -0.1499999999999997446, 0.1800000000000000211 ) ) ;
#1580 = CARTESIAN_POINT ( 'NONE',  ( 1.625000000000000222, -1.624999999999999334, 0.000000000000000000 ) ) ;
#1581 = ORIENTED_EDGE ( 'NONE', *, *, #3880, .F. ) ;
#1582 = AXIS2_PLACEMENT_3D ( 'NONE', #2913, #797, #5567 ) ;
#1583 = CARTESIAN_POINT ( 'NONE',  ( -2.500000000000000000, -1.149999999999999689, 0.1800000000000000211 ) ) ;
#1584 = CARTESIAN_POINT ( 'NONE',  ( 1.949999999999999512, 0.1499999999999999667, 0.000000000000000000 ) ) ;
#1585 = CARTESIAN_POINT ( 'NONE',  ( 0.4999999999999970024, -2.500000000000000000, 0.1800000000000000488 ) ) ;
#1586 = CARTESIAN_POINT ( 'NONE',  ( -2.500000000000000000, 1.450000000000000178, -0.02000000000000000042 ) ) ;
#1587 = VERTEX_POINT ( 'NONE', #2030 ) ;
#1588 = ORIENTED_EDGE ( 'NONE', *, *, #3042, .F. ) ;
#1589 = CARTESIAN_POINT ( 'NONE',  ( 2.500000000000000000, 0.5000000000000002220, 0.1800000000000000211 ) ) ;
#1590 = ORIENTED_EDGE ( 'NONE', *, *, #6506, .T. ) ;
#1591 = DIRECTION ( 'NONE',  ( 0.000000000000000000, 0.000000000000000000, 1.000000000000000000 ) ) ;
#1592 = CARTESIAN_POINT ( 'NONE',  ( -2.500000000000000000, -1.449999999999999734, -0.02000000000000000042 ) ) ;
#1593 =( GEOMETRIC_REPRESENTATION_CONTEXT ( 3 ) GLOBAL_UNCERTAINTY_ASSIGNED_CONTEXT ( ( #1618 ) ) GLOBAL_UNIT_ASSIGNED_CONTEXT ( ( #4827, #4590, #3010 ) ) REPRESENTATION_CONTEXT ( 'NONE', 'WORKASPACE' ) );
#1594 = ORIENTED_EDGE ( 'NONE', *, *, #235, .F. ) ;
#1595 = ORIENTED_EDGE ( 'NONE', *, *, #1132, .F. ) ;
#1596 = EDGE_LOOP ( 'NONE', ( #6516, #5986, #6529, #1548 ) ) ;
#1597 = CARTESIAN_POINT ( 'NONE',  ( 0.7999999999999994893, -1.949999999999999956, -0.02000000000000000042 ) ) ;
#1598 = VERTEX_POINT ( 'NONE', #513 ) ;
#1599 = EDGE_CURVE ( 'NONE', #1345, #411, #434, .T. ) ;
#1600 = CARTESIAN_POINT ( 'NONE',  ( -1.149999999999999911, 2.500000000000000000, 0.1800000000000000211 ) ) ;
#1601 = FACE_OUTER_BOUND ( 'NONE', #6714, .T. ) ;
#1602 = AXIS2_PLACEMENT_3D ( 'NONE', #4677, #4716, #6852 ) ;
#1603 = PLANE ( 'NONE',  #1872 ) ;
#1604 = EDGE_LOOP ( 'NONE', ( #2711, #6499, #1395, #4367 ) ) ;
#1605 = LINE ( 'NONE', #4838, #357 ) ;
#1606 = ORIENTED_EDGE ( 'NONE', *, *, #6786, .F. ) ;
#1607 = PLANE ( 'NONE',  #2072 ) ;
#1608 = EDGE_CURVE ( 'NONE', #4359, #2830, #4785, .T. ) ;
#1609 = EDGE_CURVE ( 'NONE', #1109, #2782, #4751, .T. ) ;
#1610 = LINE ( 'NONE', #489, #6019 ) ;
#1611 = VECTOR ( 'NONE', #132, 1000.000000000000000 ) ;
#1612 = VECTOR ( 'NONE', #6876, 1000.000000000000000 ) ;
#1613 = CARTESIAN_POINT ( 'NONE',  ( -0.1499999999999999667, 1.949999999999999956, 0.000000000000000000 ) ) ;
#1614 = ORIENTED_EDGE ( 'NONE', *, *, #2457, .T. ) ;
#1615 = ORIENTED_EDGE ( 'NONE', *, *, #3693, .T. ) ;
#1616 =( LENGTH_UNIT ( ) NAMED_UNIT ( * ) SI_UNIT ( .MILLI., .METRE. ) );
#1617 = VECTOR ( 'NONE', #3028, 1000.000000000000000 ) ;
#1618 = UNCERTAINTY_MEASURE_WITH_UNIT (LENGTH_MEASURE( 1.000000000000000082E-05 ), #4827, 'distance_accuracy_value', 'NONE');
#1619 = VECTOR ( 'NONE', #6324, 1000.000000000000000 ) ;
#1620 = ADVANCED_FACE ( 'NONE', ( #6919 ), #4150, .F. ) ;
#1621 = ADVANCED_FACE ( 'NONE', ( #3136 ), #3755, .F. ) ;
#1622 = LINE ( 'NONE', #5382, #6604 ) ;
#1623 = CARTESIAN_POINT ( 'NONE',  ( 1.949999999999999512, -0.7999999999999999334, -0.02000000000000000042 ) ) ;
#1624 = VECTOR ( 'NONE', #6700, 1000.000000000000000 ) ;
#1625 = CARTESIAN_POINT ( 'NONE',  ( 0.000000000000000000, 0.000000000000000000, 0.1800000000000000211 ) ) ;
#1626 = CARTESIAN_POINT ( 'NONE',  ( 2.500000000000000000, 1.449999999999999512, 0.1800000000000000211 ) ) ;
#1627 = ORIENTED_EDGE ( 'NONE', *, *, #6985, .T. ) ;
#1628 = VECTOR ( 'NONE', #6639, 1000.000000000000000 ) ;
#1629 =( GEOMETRIC_REPRESENTATION_CONTEXT ( 3 ) GLOBAL_UNCERTAINTY_ASSIGNED_CONTEXT ( ( #499 ) ) GLOBAL_UNIT_ASSIGNED_CONTEXT ( ( #4754, #5730, #6860 ) ) REPRESENTATION_CONTEXT ( 'NONE', 'WORKASPACE' ) );
#1630 = CARTESIAN_POINT ( 'NONE',  ( -0.5000000000000004441, -1.949999999999999956, 0.1800000000000000211 ) ) ;
#1631 = DIRECTION ( 'NONE',  ( 0.000000000000000000, 0.000000000000000000, -1.000000000000000000 ) ) ;
#1632 = VERTEX_POINT ( 'NONE', #5893 ) ;
#1633 = VECTOR ( 'NONE', #5497, 1000.000000000000000 ) ;
#1634 =( NAMED_UNIT ( * ) SI_UNIT ( $, .STERADIAN. ) SOLID_ANGLE_UNIT ( ) );
#1635 = DIRECTION ( 'NONE',  ( -1.000000000000000000, 0.000000000000000000, -0.000000000000000000 ) ) ;
#1636 = FILL_AREA_STYLE_COLOUR ( '', #5803 ) ;
#1637 = VECTOR ( 'NONE', #465, 1000.000000000000000 ) ;
#1638 = ORIENTED_EDGE ( 'NONE', *, *, #1667, .T. ) ;
#1639 = AXIS2_PLACEMENT_3D ( 'NONE', #3304, #119, #6643 ) ;
#1640 = VECTOR ( 'NONE', #6645, 1000.000000000000000 ) ;
#1641 = DIRECTION ( 'NONE',  ( 0.000000000000000000, 0.000000000000000000, -1.000000000000000000 ) ) ;
#1642 = EDGE_LOOP ( 'NONE', ( #4338, #2069, #6719, #5072 ) ) ;
#1643 = LINE ( 'NONE', #6216, #1508 ) ;
#1644 = CARTESIAN_POINT ( 'NONE',  ( -0.8000000000000029310, -2.500000000000000000, 0.1800000000000000211 ) ) ;
#1645 = VECTOR ( 'NONE', #5221, 1000.000000000000000 ) ;
#1646 = EDGE_CURVE ( 'NONE', #5050, #2396, #5786, .T. ) ;
#1647 = DIRECTION ( 'NONE',  ( 0.000000000000000000, -1.000000000000000000, 0.000000000000000000 ) ) ;
#1648 = EDGE_LOOP ( 'NONE', ( #5019, #394, #4393, #3691, #6827, #2763, #1555, #6073, #4579, #6477, #1882, #4375, #3709, #3004, #4270, #2028, #1135, #1074, #1020, #746, #6354, #1206, #3667, #4142 ) ) ;
#1649 = CARTESIAN_POINT ( 'NONE',  ( 1.949999999999999512, -0.7999999999999999334, 0.1800000001139778760 ) ) ;
#1650 = EDGE_CURVE ( 'NONE', #2640, #3384, #2601, .T. ) ;
#1651 = VERTEX_POINT ( 'NONE', #6856 ) ;
#1652 = LINE ( 'NONE', #2755, #2874 ) ;
#1653 = DIRECTION ( 'NONE',  ( -0.000000000000000000, -0.000000000000000000, 1.000000000000000000 ) ) ;
#1654 = VECTOR ( 'NONE', #2276, 1000.000000000000000 ) ;
#1655 = CARTESIAN_POINT ( 'NONE',  ( -0.8000000000000020428, -1.949999999999999956, -0.02000000000000000042 ) ) ;
#1656 = ADVANCED_FACE ( 'NONE', ( #2062 ), #3200, .F. ) ;
#1657 = ADVANCED_FACE ( 'NONE', ( #6447 ), #1461, .T. ) ;
#1658 = ORIENTED_EDGE ( 'NONE', *, *, #6815, .T. ) ;
#1659 = ORIENTED_EDGE ( 'NONE', *, *, #969, .T. ) ;
#1660 = DIRECTION ( 'NONE',  ( -0.000000000000000000, -0.000000000000000000, -1.000000000000000000 ) ) ;
#1661 = ORIENTED_EDGE ( 'NONE', *, *, #3405, .F. ) ;
#1662 = CARTESIAN_POINT ( 'NONE',  ( 1.449999999999999956, -2.500000000000000000, -0.02000000000000000042 ) ) ;
#1663 = CARTESIAN_POINT ( 'NONE',  ( -1.450000000000002176, -1.949999999999999956, 0.1800000000000000211 ) ) ;
#1664 = DIRECTION ( 'NONE',  ( 0.000000000000000000, 0.000000000000000000, -1.000000000000000000 ) ) ;
#1665 = DIRECTION ( 'NONE',  ( 1.000000000000000000, -7.885106708985478187E-16, -0.000000000000000000 ) ) ;
#1666 = EDGE_CURVE ( 'NONE', #2149, #2992, #6316, .T. ) ;
#1667 = EDGE_CURVE ( 'NONE', #3624, #1383, #6024, .T. ) ;
#1668 = DIRECTION ( 'NONE',  ( 1.000000000000000000, 0.000000000000000000, 0.000000000000000000 ) ) ;
#1669 = VERTEX_POINT ( 'NONE', #4421 ) ;
#1670 = LINE ( 'NONE', #5896, #2652 ) ;
#1671 = DIRECTION ( 'NONE',  ( -0.000000000000000000, 0.000000000000000000, 1.000000000000000000 ) ) ;
#1672 = SURFACE_SIDE_STYLE ('',( #3830 ) ) ;
#1673 = ORIENTED_EDGE ( 'NONE', *, *, #3434, .T. ) ;
#1674 = VERTEX_POINT ( 'NONE', #2775 ) ;
#1675 = ORIENTED_EDGE ( 'NONE', *, *, #5289, .F. ) ;
#1676 = CARTESIAN_POINT ( 'NONE',  ( 1.949999999999999512, -1.449999999999999956, 0.1800000000000000211 ) ) ;
#1677 = VERTEX_POINT ( 'NONE', #1214 ) ;
#1678 = CARTESIAN_POINT ( 'NONE',  ( -1.149999999999999911, 2.500000000000000000, -0.02000000000000000042 ) ) ;
#1679 = CARTESIAN_POINT ( 'NONE',  ( -1.949999999999999956, 1.149999999999999911, -0.02000000000000000042 ) ) ;
#1680 = DIRECTION ( 'NONE',  ( 1.000000000000000000, 0.000000000000000000, 0.000000000000000000 ) ) ;
#1681 = ORIENTED_EDGE ( 'NONE', *, *, #1183, .T. ) ;
#1682 = CARTESIAN_POINT ( 'NONE',  ( -1.949999999999999956, 0.5000000000000000000, 0.000000000000000000 ) ) ;
#1683 = ORIENTED_EDGE ( 'NONE', *, *, #1933, .F. ) ;
#1684 = LINE ( 'NONE', #3290, #4451 ) ;
#1685 = LINE ( 'NONE', #2680, #4998 ) ;
#1686 = CARTESIAN_POINT ( 'NONE',  ( 0.5000000000000000000, 1.949999999999999956, 0.1800000000000000488 ) ) ;
#1687 = VERTEX_POINT ( 'NONE', #3793 ) ;
#1688 = EDGE_LOOP ( 'NONE', ( #3429, #5008 ) ) ;
#1689 =( NAMED_UNIT ( * ) PLANE_ANGLE_UNIT ( ) SI_UNIT ( $, .RADIAN. ) );
#1690 = CARTESIAN_POINT ( 'NONE',  ( 0.1499999999999999667, 2.500000000000000000, 0.1800000000000000211 ) ) ;
#1691 = EDGE_CURVE ( 'NONE', #1841, #207, #5965, .T. ) ;
#1692 = CARTESIAN_POINT ( 'NONE',  ( -0.1500000000000021316, -1.949999999999999956, 0.000000000000000000 ) ) ;
#1693 = EDGE_CURVE ( 'NONE', #1674, #1569, #4929, .T. ) ;
#1694 = EDGE_CURVE ( 'NONE', #586, #3470, #4387, .T. ) ;
#1695 = DIRECTION ( 'NONE',  ( -0.000000000000000000, -0.000000000000000000, -1.000000000000000000 ) ) ;
#1696 = EDGE_CURVE ( 'NONE', #1363, #6359, #4811, .T. ) ;
#1697 = PLANE ( 'NONE',  #4582 ) ;
#1698 = CARTESIAN_POINT ( 'NONE',  ( -1.949999999999999956, -1.449999999999999956, 0.1800000001139778760 ) ) ;
#1699 = CIRCLE ( 'NONE', #1030, 0.02999999999999997113 ) ;
#1700 = CARTESIAN_POINT ( 'NONE',  ( -1.869999999999999440, 2.069999999999999840, 0.7800000000000000266 ) ) ;
#1701 = ORIENTED_EDGE ( 'NONE', *, *, #5663, .T. ) ;
#1702 = LINE ( 'NONE', #2278, #2304 ) ;
#1703 = CARTESIAN_POINT ( 'NONE',  ( 1.625000000000000222, 1.625000000000000222, -0.02000000000000000042 ) ) ;
#1704 = ADVANCED_FACE ( 'NONE', ( #4999 ), #545, .F. ) ;
#1705 = ADVANCED_FACE ( 'NONE', ( #6486 ), #2694, .T. ) ;
#1706 = CARTESIAN_POINT ( 'NONE',  ( 2.500000000000000000, -0.7999999999999997113, 0.1800000000000000211 ) ) ;
#1707 = VERTEX_POINT ( 'NONE', #6561 ) ;
#1708 = ORIENTED_EDGE ( 'NONE', *, *, #6695, .T. ) ;
#1709 = CARTESIAN_POINT ( 'NONE',  ( 1.300000000000000044, 0.000000000000000000, 0.1800000000000000211 ) ) ;
#1710 = ORIENTED_EDGE ( 'NONE', *, *, #4269, .T. ) ;
#1711 = CARTESIAN_POINT ( 'NONE',  ( -0.5000000000000004441, -1.949999999999999956, 0.000000000000000000 ) ) ;
#1712 = DIRECTION ( 'NONE',  ( -1.000000000000000000, 3.942553354492743531E-16, 0.000000000000000000 ) ) ;
#1713 = DIRECTION ( 'NONE',  ( 3.942553354492743531E-16, -1.000000000000000000, 0.000000000000000000 ) ) ;
#1714 = VECTOR ( 'NONE', #6667, 1000.000000000000000 ) ;
#1715 = CARTESIAN_POINT ( 'NONE',  ( 2.500000000000000000, 1.150000000000000133, 0.1800000000000000211 ) ) ;
#1716 = VERTEX_POINT ( 'NONE', #1698 ) ;
#1717 = PLANE ( 'NONE',  #410 ) ;
#1718 = CARTESIAN_POINT ( 'NONE',  ( -0.8000000000000020428, -1.949999999999999956, -0.02000000000000000042 ) ) ;
#1719 = EDGE_LOOP ( 'NONE', ( #625, #2103, #3574, #1340 ) ) ;
#1720 = CARTESIAN_POINT ( 'NONE',  ( 0.000000000000000000, 1.300000000000000044, 0.1800000000000000211 ) ) ;
#1721 = LINE ( 'NONE', #6089, #4653 ) ;
#1722 = DIRECTION ( 'NONE',  ( 0.000000000000000000, 0.000000000000000000, -1.000000000000000000 ) ) ;
#1723 = ORIENTED_EDGE ( 'NONE', *, *, #6610, .F. ) ;
#1724 = VECTOR ( 'NONE', #6522, 1000.000000000000000 ) ;
#1725 = ORIENTED_EDGE ( 'NONE', *, *, #5774, .F. ) ;
#1726 = DIRECTION ( 'NONE',  ( 3.942553354492743531E-16, -1.000000000000000000, 0.000000000000000000 ) ) ;
#1727 = CARTESIAN_POINT ( 'NONE',  ( -2.069999999999999840, 2.069999999999999840, 0.7800000000000000266 ) ) ;
#1728 = VECTOR ( 'NONE', #1316, 1000.000000000000000 ) ;
#1729 = DIRECTION ( 'NONE',  ( -0.000000000000000000, 1.000000000000000000, -0.000000000000000000 ) ) ;
#1730 = PLANE ( 'NONE',  #3775 ) ;
#1731 = CARTESIAN_POINT ( 'NONE',  ( 1.949999999999999512, 0.7999999999999999334, -0.02000000000000000042 ) ) ;
#1732 = LINE ( 'NONE', #5448, #4667 ) ;
#1733 = AXIS2_PLACEMENT_3D ( 'NONE', #2361, #1367, #303 ) ;
#1734 = PRESENTATION_LAYER_ASSIGNMENT (  '', '', ( #4789 ) ) ;
#1735 = DIRECTION ( 'NONE',  ( -0.000000000000000000, -0.000000000000000000, -1.000000000000000000 ) ) ;
#1736 = VECTOR ( 'NONE', #6195, 1000.000000000000000 ) ;
#1737 = CARTESIAN_POINT ( 'NONE',  ( -0.5000000000000000000, -2.500000000000000000, 0.000000000000000000 ) ) ;
#1738 = CARTESIAN_POINT ( 'NONE',  ( -2.500000000000000000, -2.500000000000000000, 0.000000000000000000 ) ) ;
#1739 = VECTOR ( 'NONE', #690, 1000.000000000000000 ) ;
#1740 = PRESENTATION_LAYER_ASSIGNMENT (  '', '', ( #2320 ) ) ;
#1741 = CARTESIAN_POINT ( 'NONE',  ( -1.449999999999999956, 1.949999999999999956, 0.000000000000000000 ) ) ;
#1742 = ORIENTED_EDGE ( 'NONE', *, *, #5515, .T. ) ;
#1743 = VECTOR ( 'NONE', #205, 1000.000000000000000 ) ;
#1744 = EDGE_CURVE ( 'NONE', #3711, #1873, #5529, .T. ) ;
#1745 = EDGE_CURVE ( 'NONE', #3881, #4291, #3856, .T. ) ;
#1746 = ADVANCED_FACE ( 'NONE', ( #3825 ), #1170, .F. ) ;
#1747 = ORIENTED_EDGE ( 'NONE', *, *, #3241, .F. ) ;
#1748 = VECTOR ( 'NONE', #6412, 1000.000000000000000 ) ;
#1749 = DIRECTION ( 'NONE',  ( -0.000000000000000000, -0.000000000000000000, 1.000000000000000000 ) ) ;
#1750 = VERTEX_POINT ( 'NONE', #3346 ) ;
#1751 = FILL_AREA_STYLE_COLOUR ( '', #5464 ) ;
#1752 = CARTESIAN_POINT ( 'NONE',  ( 2.500000000000000000, 1.150000000000000133, 0.1800000000000000211 ) ) ;
#1753 = DIRECTION ( 'NONE',  ( 0.000000000000000000, -0.000000000000000000, 1.000000000000000000 ) ) ;
#1754 = ADVANCED_FACE ( 'NONE', ( #5450 ), #11, .T. ) ;
#1755 = ORIENTED_EDGE ( 'NONE', *, *, #3606, .T. ) ;
#1756 = ORIENTED_EDGE ( 'NONE', *, *, #6750, .T. ) ;
#1757 = DIRECTION ( 'NONE',  ( 0.000000000000000000, -0.000000000000000000, 1.000000000000000000 ) ) ;
#1758 = CLOSED_SHELL ( 'NONE', ( #3166, #6122, #975, #5176, #6879, #2709 ) ) ;
#1759 = DIRECTION ( 'NONE',  ( 3.942553354492743531E-16, -1.000000000000000000, 0.000000000000000000 ) ) ;
#1760 = AXIS2_PLACEMENT_3D ( 'NONE', #3901, #152, #48 ) ;
#1761 = VERTEX_POINT ( 'NONE', #4885 ) ;
#1762 = CARTESIAN_POINT ( 'NONE',  ( 0.7999999999999994893, -1.949999999999999956, -0.02000000000000000042 ) ) ;
#1763 = FACE_BOUND ( 'NONE', #1688, .T. ) ;
#1764 = EDGE_CURVE ( 'NONE', #1205, #4112, #5416, .T. ) ;
#1765 = LINE ( 'NONE', #3927, #1624 ) ;
#1766 = EDGE_CURVE ( 'NONE', #1422, #3280, #6066, .T. ) ;
#1767 = ORIENTED_EDGE ( 'NONE', *, *, #2223, .F. ) ;
#1768 = VERTEX_POINT ( 'NONE', #2240 ) ;
#1769 = DIRECTION ( 'NONE',  ( -0.000000000000000000, 0.000000000000000000, -1.000000000000000000 ) ) ;
#1770 = CARTESIAN_POINT ( 'NONE',  ( 2.500000000000000000, 0.1499999999999995226, -0.02000000000000000042 ) ) ;
#1771 = DIRECTION ( 'NONE',  ( -7.885106708985487062E-16, -1.000000000000000000, 0.000000000000000000 ) ) ;
#1772 = DIRECTION ( 'NONE',  ( -0.000000000000000000, 1.000000000000000000, -0.000000000000000000 ) ) ;
#1773 = DIRECTION ( 'NONE',  ( 0.000000000000000000, -1.000000000000000000, 0.000000000000000000 ) ) ;
#1774 = DIRECTION ( 'NONE',  ( -0.000000000000000000, -0.000000000000000000, -1.000000000000000000 ) ) ;
#1775 = VERTEX_POINT ( 'NONE', #2159 ) ;
#1776 = DIRECTION ( 'NONE',  ( -1.000000000000000000, 3.942553354492742545E-16, -0.000000000000000000 ) ) ;
#1777 = LINE ( 'NONE', #3939, #1739 ) ;
#1778 = VERTEX_POINT ( 'NONE', #2728 ) ;
#1779 = EDGE_CURVE ( 'NONE', #4637, #1270, #6508, .T. ) ;
#1780 = ORIENTED_EDGE ( 'NONE', *, *, #4076, .T. ) ;
#1781 = DIRECTION ( 'NONE',  ( 1.000000000000000000, 0.000000000000000000, 0.000000000000000000 ) ) ;
#1782 = VERTEX_POINT ( 'NONE', #4317 ) ;
#1783 = SURFACE_STYLE_FILL_AREA ( #203 ) ;
#1784 = DIRECTION ( 'NONE',  ( 0.000000000000000000, 0.000000000000000000, -1.000000000000000000 ) ) ;
#1785 = DIRECTION ( 'NONE',  ( -0.000000000000000000, -0.000000000000000000, -1.000000000000000000 ) ) ;
#1786 = DIRECTION ( 'NONE',  ( -1.000000000000000000, -0.000000000000000000, -0.000000000000000000 ) ) ;
#1787 = ADVANCED_FACE ( 'NONE', ( #2983 ), #2459, .F. ) ;
#1788 = ORIENTED_EDGE ( 'NONE', *, *, #6505, .T. ) ;
#1789 = ORIENTED_EDGE ( 'NONE', *, *, #6080, .T. ) ;
#1790 = CARTESIAN_POINT ( 'NONE',  ( -2.500000000000000000, 0.5000000000000002220, -0.02000000000000000042 ) ) ;
#1791 = CARTESIAN_POINT ( 'NONE',  ( -1.869999999999999440, 2.069999999999999840, 0.7800000000000000266 ) ) ;
#1792 = ORIENTED_EDGE ( 'NONE', *, *, #1609, .T. ) ;
#1793 = CARTESIAN_POINT ( 'NONE',  ( -0.5000000000000000000, -2.500000000000000000, 0.1800000000000000211 ) ) ;
#1794 = CARTESIAN_POINT ( 'NONE',  ( 0.000000000000000000, 0.000000000000000000, 0.1800000000000000211 ) ) ;
#1795 = ADVANCED_FACE ( 'NONE', ( #4528 ), #322, .F. ) ;
#1796 = CARTESIAN_POINT ( 'NONE',  ( 1.949999999999999956, 0.000000000000000000, -0.02000000000000000042 ) ) ;
#1797 = ORIENTED_EDGE ( 'NONE', *, *, #5203, .F. ) ;
#1798 = DIRECTION ( 'NONE',  ( 0.7071067811865475727, 0.7071067811865475727, -0.000000000000000000 ) ) ;
#1799 = LINE ( 'NONE', #249, #161 ) ;
#1800 = CARTESIAN_POINT ( 'NONE',  ( 2.600000000000000089, 0.000000000000000000, 0.1800000000000000211 ) ) ;
#1801 = CARTESIAN_POINT ( 'NONE',  ( 2.600000000000000089, 0.000000000000000000, -0.02000000000000000042 ) ) ;
#1802 = CARTESIAN_POINT ( 'NONE',  ( 1.449999999999999512, 1.949999999999999956, 0.1800000000000000488 ) ) ;
#1803 = DIRECTION ( 'NONE',  ( -1.000000000000000000, -3.942553354492739094E-16, 0.000000000000000000 ) ) ;
#1804 = VERTEX_POINT ( 'NONE', #725 ) ;
#1805 = ORIENTED_EDGE ( 'NONE', *, *, #3178, .F. ) ;
#1806 = VERTEX_POINT ( 'NONE', #1385 ) ;
#1807 = CARTESIAN_POINT ( 'NONE',  ( -1.274999999999999689, 1.625000000000000222, 0.01000000000000000021 ) ) ;
#1808 = PLANE ( 'NONE',  #1176 ) ;
#1809 = ORIENTED_EDGE ( 'NONE', *, *, #5796, .F. ) ;
#1810 = VERTEX_POINT ( 'NONE', #2383 ) ;
#1811 = DIRECTION ( 'NONE',  ( 1.000000000000000000, 0.000000000000000000, 0.000000000000000000 ) ) ;
#1812 = ORIENTED_EDGE ( 'NONE', *, *, #5523, .T. ) ;
#1813 = CARTESIAN_POINT ( 'NONE',  ( -0.1499999999999999667, 2.500000000000000000, -0.02000000000000000042 ) ) ;
#1814 = LINE ( 'NONE', #5117, #4221 ) ;
#1815 = DIRECTION ( 'NONE',  ( 1.000000000000000000, 0.000000000000000000, 0.000000000000000000 ) ) ;
#1816 = MANIFOLD_SOLID_BREP ( 'LPattern2[5]', #5468 ) ;
#1817 = ORIENTED_EDGE ( 'NONE', *, *, #4772, .T. ) ;
#1818 = ORIENTED_EDGE ( 'NONE', *, *, #639, .F. ) ;
#1819 = LINE ( 'NONE', #2292, #4422 ) ;
#1820 = ORIENTED_EDGE ( 'NONE', *, *, #3928, .T. ) ;
#1821 = CARTESIAN_POINT ( 'NONE',  ( -2.500000000000000000, 2.500000000000000000, 0.7800000000000000266 ) ) ;
#1822 = EDGE_CURVE ( 'NONE', #5966, #1707, #5720, .T. ) ;
#1823 = AXIS2_PLACEMENT_3D ( 'NONE', #5435, #1576, #2222 ) ;
#1824 = LINE ( 'NONE', #2794, #3078 ) ;
#1825 = DIRECTION ( 'NONE',  ( 0.000000000000000000, -0.000000000000000000, -1.000000000000000000 ) ) ;
#1826 = VECTOR ( 'NONE', #4516, 1000.000000000000000 ) ;
#1827 = ORIENTED_EDGE ( 'NONE', *, *, #1132, .T. ) ;
#1828 = ADVANCED_FACE ( 'NONE', ( #1914 ), #4069, .F. ) ;
#1829 = ORIENTED_EDGE ( 'NONE', *, *, #3087, .T. ) ;
#1830 = CARTESIAN_POINT ( 'NONE',  ( 0.5000000000000000000, 2.500000000000000000, 0.000000000000000000 ) ) ;
#1831 = EDGE_CURVE ( 'NONE', #3014, #1750, #6236, .T. ) ;
#1832 = ORIENTED_EDGE ( 'NONE', *, *, #3812, .T. ) ;
#1833 = CARTESIAN_POINT ( 'NONE',  ( -2.500000000000000000, -2.500000000000000000, 0.000000000000000000 ) ) ;
#1834 = MECHANICAL_DESIGN_GEOMETRIC_PRESENTATION_REPRESENTATION (  '', ( #5223 ), #3754 ) ;
#1835 = MANIFOLD_SOLID_BREP ( 'Boss-Extrude3', #5820 ) ;
#1836 = CARTESIAN_POINT ( 'NONE',  ( -1.949999999999999956, 1.450000000000000400, 0.1800000000000000211 ) ) ;
#1837 = LINE ( 'NONE', #218, #957 ) ;
#1838 = CARTESIAN_POINT ( 'NONE',  ( 0.4999999999999970024, -2.500000000000000000, 0.1800000000000000211 ) ) ;
#1839 = CARTESIAN_POINT ( 'NONE',  ( 0.1499999999999999667, 2.500000000000000000, 0.000000000000000000 ) ) ;
#1840 = AXIS2_PLACEMENT_3D ( 'NONE', #5773, #1421, #6809 ) ;
#1841 = VERTEX_POINT ( 'NONE', #5610 ) ;
#1842 = SURFACE_STYLE_USAGE ( .BOTH. , #3025 ) ;
#1843 = ADVANCED_FACE ( 'NONE', ( #764 ), #3548, .F. ) ;
#1844 = EDGE_CURVE ( 'NONE', #1677, #4310, #2053, .T. ) ;
#1845 = VECTOR ( 'NONE', #3540, 1000.000000000000000 ) ;
#1846 = CARTESIAN_POINT ( 'NONE',  ( 1.949999999999999512, 0.1499999999999999667, 0.1800000001139778760 ) ) ;
#1847 = PLANE ( 'NONE',  #3562 ) ;
#1848 = CARTESIAN_POINT ( 'NONE',  ( 1.149999999999999911, 1.949999999999999956, -0.02000000000000000042 ) ) ;
#1849 = MANIFOLD_SOLID_BREP ( 'LPattern2[7]', #2554 ) ;
#1850 = VECTOR ( 'NONE', #3698, 1000.000000000000000 ) ;
#1852 = AXIS2_PLACEMENT_3D ( 'NONE', #2781, #2113, #5901 ) ;
#1851 = APPLICATION_CONTEXT ( 'automotive_design' ) ;
#1853 = VECTOR ( 'NONE', #1308, 1000.000000000000000 ) ;
#1854 = ORIENTED_EDGE ( 'NONE', *, *, #6095, .F. ) ;
#1855 = ORIENTED_EDGE ( 'NONE', *, *, #3528, .T. ) ;
#1856 = CARTESIAN_POINT ( 'NONE',  ( 0.5000000000000000000, 1.949999999999999956, 0.1800000000000000488 ) ) ;
#1857 = VECTOR ( 'NONE', #2130, 1000.000000000000000 ) ;
#1858 = ORIENTED_EDGE ( 'NONE', *, *, #5543, .T. ) ;
#1859 = STYLED_ITEM ( 'NONE', ( #5390 ), #4259 ) ;
#1860 = PLANE ( 'NONE',  #5935 ) ;
#1861 = FACE_OUTER_BOUND ( 'NONE', #6221, .T. ) ;
#1862 = VECTOR ( 'NONE', #3180, 1000.000000000000000 ) ;
#1863 = VECTOR ( 'NONE', #5525, 1000.000000000000000 ) ;
#1864 = VECTOR ( 'NONE', #4381, 1000.000000000000000 ) ;
#1865 = ORIENTED_EDGE ( 'NONE', *, *, #2828, .F. ) ;
#1866 = ORIENTED_EDGE ( 'NONE', *, *, #5775, .F. ) ;
#1867 = CARTESIAN_POINT ( 'NONE',  ( 1.449999999999999956, 2.500000000000000000, 0.1800000000000000211 ) ) ;
#1868 = EDGE_LOOP ( 'NONE', ( #2365, #3127, #4504, #120 ) ) ;
#1869 = DIRECTION ( 'NONE',  ( 0.000000000000000000, -1.000000000000000000, 0.000000000000000000 ) ) ;
#1870 = DIRECTION ( 'NONE',  ( -0.000000000000000000, -0.000000000000000000, 1.000000000000000000 ) ) ;
#1871 = DIRECTION ( 'NONE',  ( 1.000000000000000000, 0.000000000000000000, 0.000000000000000000 ) ) ;
#1872 = AXIS2_PLACEMENT_3D ( 'NONE', #2787, #5976, #4366 ) ;
#1873 = VERTEX_POINT ( 'NONE', #6977 ) ;
#1874 = EDGE_CURVE ( 'NONE', #3244, #6767, #5888, .T. ) ;
#1875 = LINE ( 'NONE', #6635, #3050 ) ;
#1876 = CARTESIAN_POINT ( 'NONE',  ( -2.069999999999999840, 2.069999999999999840, 0.7699999999999999067 ) ) ;
#1877 = LINE ( 'NONE', #4561, #3661 ) ;
#1878 = LINE ( 'NONE', #717, #4913 ) ;
#1879 = DIRECTION ( 'NONE',  ( -1.000000000000000000, 0.000000000000000000, -0.000000000000000000 ) ) ;
#1880 = FACE_OUTER_BOUND ( 'NONE', #2939, .T. ) ;
#1881 = DIRECTION ( 'NONE',  ( -1.000000000000000000, 0.000000000000000000, -0.000000000000000000 ) ) ;
#1882 = ORIENTED_EDGE ( 'NONE', *, *, #5387, .T. ) ;
#1883 = EDGE_CURVE ( 'NONE', #3174, #6496, #4671, .T. ) ;
#1884 = CARTESIAN_POINT ( 'NONE',  ( 1.449999999999999956, -2.500000000000000000, -0.02000000000000000042 ) ) ;
#1885 = CYLINDRICAL_SURFACE ( 'NONE', #4574, 0.03000000000000007869 ) ;
#1886 = CARTESIAN_POINT ( 'NONE',  ( -1.949999999999999956, 0.1500000000000003830, 0.1800000000000000211 ) ) ;
#1887 = DIRECTION ( 'NONE',  ( 0.000000000000000000, 1.000000000000000000, 0.000000000000000000 ) ) ;
#1888 = EDGE_CURVE ( 'NONE', #5164, #5233, #6846, .T. ) ;
#1889 = ORIENTED_EDGE ( 'NONE', *, *, #5145, .F. ) ;
#1890 = ORIENTED_EDGE ( 'NONE', *, *, #6910, .T. ) ;
#1891 = DIRECTION ( 'NONE',  ( 0.000000000000000000, -1.000000000000000000, 0.000000000000000000 ) ) ;
#1892 = ORIENTED_EDGE ( 'NONE', *, *, #3953, .F. ) ;
#1893 = SURFACE_SIDE_STYLE ('',( #1783 ) ) ;
#1894 = FACE_OUTER_BOUND ( 'NONE', #930, .T. ) ;
#1895 = EDGE_CURVE ( 'NONE', #6116, #5544, #5201, .T. ) ;
#1896 = VECTOR ( 'NONE', #834, 1000.000000000000000 ) ;
#1897 = EDGE_LOOP ( 'NONE', ( #4125, #6349, #4534, #3702 ) ) ;
#1898 = MANIFOLD_SOLID_BREP ( 'LPattern8[2]', #3786 ) ;
#1899 = ORIENTED_EDGE ( 'NONE', *, *, #2395, .F. ) ;
#1900 = CARTESIAN_POINT ( 'NONE',  ( 0.000000000000000000, 0.000000000000000000, 0.1800000000000000211 ) ) ;
#1901 = ORIENTED_EDGE ( 'NONE', *, *, #5783, .T. ) ;
#1902 = CARTESIAN_POINT ( 'NONE',  ( -0.1500000000000021316, -1.949999999999999956, 0.1800000000000000488 ) ) ;
#1903 = CARTESIAN_POINT ( 'NONE',  ( -2.500000000000000000, 0.1500000000000001887, -0.02000000000000000042 ) ) ;
#1904 = EDGE_LOOP ( 'NONE', ( #1710, #6001, #4764, #1052 ) ) ;
#1905 = ORIENTED_EDGE ( 'NONE', *, *, #1693, .F. ) ;
#1906 = ORIENTED_EDGE ( 'NONE', *, *, #4374, .T. ) ;
#1907 = PLANE ( 'NONE',  #6789 ) ;
#1908 = DIRECTION ( 'NONE',  ( -1.000000000000000000, 3.942553354492743038E-16, 0.000000000000000000 ) ) ;
#1909 = FACE_OUTER_BOUND ( 'NONE', #2547, .T. ) ;
#1910 = EDGE_CURVE ( 'NONE', #5095, #1193, #6310, .T. ) ;
#1911 = VECTOR ( 'NONE', #949, 1000.000000000000000 ) ;
#1912 = DIRECTION ( 'NONE',  ( 0.000000000000000000, 1.000000000000000000, 0.000000000000000000 ) ) ;
#1913 = ORIENTED_EDGE ( 'NONE', *, *, #1183, .F. ) ;
#1914 = FACE_OUTER_BOUND ( 'NONE', #4492, .T. ) ;
#1915 = UNCERTAINTY_MEASURE_WITH_UNIT (LENGTH_MEASURE( 1.000000000000000082E-05 ), #325, 'distance_accuracy_value', 'NONE');
#1916 = VECTOR ( 'NONE', #2864, 1000.000000000000000 ) ;
#1917 = ADVANCED_FACE ( 'NONE', ( #5778 ), #3082, .F. ) ;
#1918 = ADVANCED_FACE ( 'NONE', ( #4247 ), #2023, .F. ) ;
#1919 = ORIENTED_EDGE ( 'NONE', *, *, #540, .F. ) ;
#1920 = CARTESIAN_POINT ( 'NONE',  ( -2.500000000000000000, -1.449999999999999734, -0.02000000000000000042 ) ) ;
#1921 = CARTESIAN_POINT ( 'NONE',  ( 0.000000000000000000, 0.000000000000000000, 0.01000000000000000021 ) ) ;
#1922 = EDGE_CURVE ( 'NONE', #3890, #3577, #2265, .T. ) ;
#1923 = ORIENTED_EDGE ( 'NONE', *, *, #2590, .F. ) ;
#1924 = DIRECTION ( 'NONE',  ( -1.000000000000000000, 0.000000000000000000, -0.000000000000000000 ) ) ;
#1925 = VERTEX_POINT ( 'NONE', #6586 ) ;
#1926 = CARTESIAN_POINT ( 'NONE',  ( -2.500000000000000000, 0.5000000000000002220, 0.1800000000000000211 ) ) ;
#1927 = ADVANCED_FACE ( 'NONE', ( #2831 ), #678, .F. ) ;
#1928 = EDGE_LOOP ( 'NONE', ( #4062, #3524, #4159, #6111 ) ) ;
#1929 = DIRECTION ( 'NONE',  ( -1.000000000000000000, 0.000000000000000000, -0.000000000000000000 ) ) ;
#1930 = PLANE ( 'NONE',  #6484 ) ;
#1931 = VERTEX_POINT ( 'NONE', #3371 ) ;
#1932 = CARTESIAN_POINT ( 'NONE',  ( 0.5000000000000000000, 1.949999999999999956, 0.1800000000000000211 ) ) ;
#1933 = EDGE_CURVE ( 'NONE', #3470, #677, #109, .T. ) ;
#1934 = EDGE_LOOP ( 'NONE', ( #4787, #2464, #2527, #3185 ) ) ;
#1935 = VECTOR ( 'NONE', #6456, 1000.000000000000000 ) ;
#1936 = CARTESIAN_POINT ( 'NONE',  ( -2.069999999999999840, 2.069999999999999840, 0.7699999999999999067 ) ) ;
#1937 = DIRECTION ( 'NONE',  ( 1.000000000000000000, 3.942553354492742545E-16, 0.000000000000000000 ) ) ;
#1938 = DIRECTION ( 'NONE',  ( -0.000000000000000000, -0.000000000000000000, -1.000000000000000000 ) ) ;
#1939 = ORIENTED_EDGE ( 'NONE', *, *, #968, .F. ) ;
#1940 = ORIENTED_EDGE ( 'NONE', *, *, #4260, .T. ) ;
#1941 = CARTESIAN_POINT ( 'NONE',  ( 1.949999999999999512, 0.1499999999999999667, 0.1800000000000000211 ) ) ;
#1942 = LINE ( 'NONE', #3997, #1845 ) ;
#1943 = MANIFOLD_SOLID_BREP ( 'LPattern8[1]', #5039 ) ;
#1944 = AXIS2_PLACEMENT_3D ( 'NONE', #2826, #440, #1039 ) ;
#1945 = LINE ( 'NONE', #4173, #2201 ) ;
#1946 = CARTESIAN_POINT ( 'NONE',  ( 1.449999999999999512, 1.949999999999999956, -0.02000000000000000042 ) ) ;
#1947 = ORIENTED_EDGE ( 'NONE', *, *, #1329, .T. ) ;
#1948 = VECTOR ( 'NONE', #5002, 1000.000000000000000 ) ;
#1949 = SURFACE_STYLE_FILL_AREA ( #864 ) ;
#1950 = CARTESIAN_POINT ( 'NONE',  ( 2.469999999999998863, 2.500000000000000000, 0.7500000000000000000 ) ) ;
#1951 = CARTESIAN_POINT ( 'NONE',  ( -0.1499999999999999667, 2.500000000000000000, 0.000000000000000000 ) ) ;
#1952 = DIRECTION ( 'NONE',  ( -1.000000000000000000, -3.942553354492742545E-16, 0.000000000000000000 ) ) ;
#1953 = ORIENTED_EDGE ( 'NONE', *, *, #3647, .T. ) ;
#1954 = PLANE ( 'NONE',  #5958 ) ;
#1955 = ORIENTED_EDGE ( 'NONE', *, *, #1650, .T. ) ;
#1956 = CARTESIAN_POINT ( 'NONE',  ( -1.449999999999999956, 2.500000000000000000, 0.1800000000000000211 ) ) ;
#1957 = ORIENTED_EDGE ( 'NONE', *, *, #3992, .T. ) ;
#1958 = FACE_OUTER_BOUND ( 'NONE', #1994, .T. ) ;
#1959 = DIRECTION ( 'NONE',  ( 1.000000000000000000, 3.942553354492742545E-16, 0.000000000000000000 ) ) ;
#1960 = VECTOR ( 'NONE', #1959, 1000.000000000000000 ) ;
#1961 = VECTOR ( 'NONE', #1479, 1000.000000000000000 ) ;
#1962 = ORIENTED_EDGE ( 'NONE', *, *, #3528, .F. ) ;
#1963 = EDGE_CURVE ( 'NONE', #1651, #875, #2192, .T. ) ;
#1964 = EDGE_CURVE ( 'NONE', #1778, #6834, #644, .T. ) ;
#1965 = MANIFOLD_SOLID_BREP ( 'LPattern8[5]', #865 ) ;
#1966 = VECTOR ( 'NONE', #4351, 1000.000000000000000 ) ;
#1967 = VECTOR ( 'NONE', #3987, 1000.000000000000000 ) ;
#1968 = LINE ( 'NONE', #2609, #1168 ) ;
#1969 = ORIENTED_EDGE ( 'NONE', *, *, #5205, .F. ) ;
#1970 = CARTESIAN_POINT ( 'NONE',  ( -0.7999999999999999334, 2.500000000000000000, 0.1800000000000000211 ) ) ;
#1972 = VECTOR ( 'NONE', #6618, 1000.000000000000000 ) ;
#1971 = CARTESIAN_POINT ( 'NONE',  ( 1.949999999999999512, 1.149999999999999911, -0.02000000000000000042 ) ) ;
#1973 = VECTOR ( 'NONE', #4890, 1000.000000000000000 ) ;
#1974 = STYLED_ITEM ( 'NONE', ( #547 ), #4234 ) ;
#1975 = PLANE ( 'NONE',  #3669 ) ;
#1976 = EDGE_CURVE ( 'NONE', #1307, #340, #5957, .T. ) ;
#1977 = EDGE_LOOP ( 'NONE', ( #5833, #1330, #3450, #1255 ) ) ;
#1978 = EDGE_LOOP ( 'NONE', ( #3627, #2888, #1797, #851 ) ) ;
#1979 = CARTESIAN_POINT ( 'NONE',  ( -2.500000000000000000, 1.450000000000000178, 0.1800000000000000211 ) ) ;
#1980 = ORIENTED_EDGE ( 'NONE', *, *, #2497, .F. ) ;
#1981 = LINE ( 'NONE', #6973, #4552 ) ;
#1982 = DIRECTION ( 'NONE',  ( 0.000000000000000000, 1.000000000000000000, 0.000000000000000000 ) ) ;
#1983 = CLOSED_SHELL ( 'NONE', ( #3961, #4729, #3750, #1368, #5094, #6336, #1482, #1843, #2000, #1927, #5459, #2117, #2446, #885, #2367, #2109, #4814, #1561, #6250, #3909, #2704, #1292, #198, #6205, #3503, #1336, #4611, #591, #4419, #2012, #5066, #5994, #5469, #158, #5649, #721, #6452, #1621, #5981, #3497, #6418, #6872, #1656, #5040, #4248, #6546, #331, #2880, #1705, #4491, #4649, #5125, #3918, #5239, #816, #583, #1657, #5135, #6696, #2420, #3214, #6032, #1573, #3049, #1620, #5027, #5516, #6894, #1400, #3267, #839, #1543, #4616, #2019, #5084, #3980, #5506, #729, #1337, #4209, #6688, #25, #761, #1029, #319, #5840, #551, #686, #6417, #3638, #886, #3731, #2456, #5004, #4386, #2579, #5659, #4834, #4166, #967, #6173, #2853, #6939, #4465, #4349, #4954, #118 ) ) ;
#1984 = CARTESIAN_POINT ( 'NONE',  ( -1.624999999999999778, -1.624999999999999334, -0.02000000000000000042 ) ) ;
#1985 = EDGE_CURVE ( 'NONE', #5907, #6969, #2232, .T. ) ;
#1986 = ORIENTED_EDGE ( 'NONE', *, *, #5615, .F. ) ;
#1987 = VECTOR ( 'NONE', #4147, 1000.000000000000000 ) ;
#1988 = UNCERTAINTY_MEASURE_WITH_UNIT (LENGTH_MEASURE( 1.000000000000000082E-05 ), #5309, 'distance_accuracy_value', 'NONE');
#1989 = PLANE ( 'NONE',  #1209 ) ;
#1990 = CARTESIAN_POINT ( 'NONE',  ( 2.469999999999998863, 2.469999999999999751, 0.7800000000000000266 ) ) ;
#1991 = CARTESIAN_POINT ( 'NONE',  ( 1.449999999999999956, -2.500000000000000000, 0.000000000000000000 ) ) ;
#1992 = DIRECTION ( 'NONE',  ( -1.000000000000000000, -3.942553354492739094E-16, 0.000000000000000000 ) ) ;
#1993 = DIRECTION ( 'NONE',  ( -0.000000000000000000, -0.000000000000000000, 1.000000000000000000 ) ) ;
#1994 = EDGE_LOOP ( 'NONE', ( #1890, #6321, #958, #6653 ) ) ;
#1995 = PLANE ( 'NONE',  #6407 ) ;
#1996 = ORIENTED_EDGE ( 'NONE', *, *, #1976, .F. ) ;
#1997 = PLANE ( 'NONE',  #5561 ) ;
#1998 = ORIENTED_EDGE ( 'NONE', *, *, #6986, .T. ) ;
#1999 = FACE_OUTER_BOUND ( 'NONE', #5857, .T. ) ;
#2000 = ADVANCED_FACE ( 'NONE', ( #5671 ), #5707, .F. ) ;
#2001 = LINE ( 'NONE', #5897, #1507 ) ;
#2002 = EDGE_CURVE ( 'NONE', #3577, #4622, #6229, .T. ) ;
#2003 = ORIENTED_EDGE ( 'NONE', *, *, #5692, .F. ) ;
#2004 = DIRECTION ( 'NONE',  ( 1.000000000000000000, 0.000000000000000000, -0.000000000000000000 ) ) ;
#2005 = ORIENTED_EDGE ( 'NONE', *, *, #3674, .T. ) ;
#2006 = DIRECTION ( 'NONE',  ( -1.000000000000000000, -0.000000000000000000, -0.000000000000000000 ) ) ;
#2007 = EDGE_CURVE ( 'NONE', #5590, #2633, #4064, .T. ) ;
#2008 = EDGE_CURVE ( 'NONE', #4202, #5095, #3931, .T. ) ;
#2009 = EDGE_CURVE ( 'NONE', #3577, #3624, #5171, .T. ) ;
#2010 = DIRECTION ( 'NONE',  ( -3.942553354492742545E-16, 1.000000000000000000, 0.000000000000000000 ) ) ;
#2011 = PLANE ( 'NONE',  #267 ) ;
#2012 = ADVANCED_FACE ( 'NONE', ( #3959 ), #3017, .F. ) ;
#2013 = CARTESIAN_POINT ( 'NONE',  ( 1.949999999999999512, 0.7999999999999999334, 0.1800000000002910383 ) ) ;
#2014 = ORIENTED_EDGE ( 'NONE', *, *, #1874, .T. ) ;
#2015 = EDGE_LOOP ( 'NONE', ( #3590, #3635, #749, #6404 ) ) ;
#2016 = CARTESIAN_POINT ( 'NONE',  ( 1.449999999999999512, -1.949999999999999956, -0.02000000000000000042 ) ) ;
#2017 = VERTEX_POINT ( 'NONE', #2301 ) ;
#2018 = DIRECTION ( 'NONE',  ( -0.000000000000000000, -0.000000000000000000, 1.000000000000000000 ) ) ;
#2019 = ADVANCED_FACE ( 'NONE', ( #5555 ), #1907, .F. ) ;
#2020 = LINE ( 'NONE', #5810, #4311 ) ;
#2021 = DIRECTION ( 'NONE',  ( 0.000000000000000000, -0.000000000000000000, 1.000000000000000000 ) ) ;
#2022 = ORIENTED_EDGE ( 'NONE', *, *, #3545, .T. ) ;
#2023 = PLANE ( 'NONE',  #5426 ) ;
#2024 = DIRECTION ( 'NONE',  ( 0.000000000000000000, 0.000000000000000000, -1.000000000000000000 ) ) ;
#2025 = DIRECTION ( 'NONE',  ( 1.000000000000000000, -7.885106708985478187E-16, -0.000000000000000000 ) ) ;
#2026 = CARTESIAN_POINT ( 'NONE',  ( -0.5000000000000000000, 2.500000000000000000, 0.1800000000000000488 ) ) ;
#2027 = CARTESIAN_POINT ( 'NONE',  ( 2.500000000000000000, 1.150000000000000133, -0.02000000000000000042 ) ) ;
#2028 = ORIENTED_EDGE ( 'NONE', *, *, #774, .F. ) ;
#2029 = AXIS2_PLACEMENT_3D ( 'NONE', #5226, #3152, #3045 ) ;
#2030 = CARTESIAN_POINT ( 'NONE',  ( -0.7999999999999999334, 1.949999999999999956, 0.1800000000000000211 ) ) ;
#2031 = ORIENTED_EDGE ( 'NONE', *, *, #2263, .F. ) ;
#2032 = CARTESIAN_POINT ( 'NONE',  ( 2.500000000000000000, -0.7999999999999997113, -0.02000000000000000042 ) ) ;
#2033 = ORIENTED_EDGE ( 'NONE', *, *, #406, .F. ) ;
#2034 = SURFACE_STYLE_USAGE ( .BOTH. , #4154 ) ;
#2035 = LINE ( 'NONE', #6320, #5709 ) ;
#2036 = ORIENTED_EDGE ( 'NONE', *, *, #4859, .F. ) ;
#2037 = CARTESIAN_POINT ( 'NONE',  ( -0.7999999999999999334, 2.500000000000000000, -0.02000000000000000042 ) ) ;
#2038 = ORIENTED_EDGE ( 'NONE', *, *, #6652, .T. ) ;
#2039 = LINE ( 'NONE', #5844, #610 ) ;
#2040 = CARTESIAN_POINT ( 'NONE',  ( -1.949999999999999956, -1.149999999999999467, 0.1800000000000000211 ) ) ;
#2041 = DIRECTION ( 'NONE',  ( -0.000000000000000000, -0.000000000000000000, 1.000000000000000000 ) ) ;
#2042 = MECHANICAL_DESIGN_GEOMETRIC_PRESENTATION_REPRESENTATION (  '', ( #238 ), #2600 ) ;
#2043 = ORIENTED_EDGE ( 'NONE', *, *, #1744, .T. ) ;
#2044 = EDGE_LOOP ( 'NONE', ( #321, #4883, #278, #5842 ) ) ;
#2045 = LINE ( 'NONE', #4201, #6893 ) ;
#2046 = DIRECTION ( 'NONE',  ( -1.000000000000000000, 7.885106708985479173E-16, 0.000000000000000000 ) ) ;
#2047 = LINE ( 'NONE', #345, #744 ) ;
#2048 =( LENGTH_UNIT ( ) NAMED_UNIT ( * ) SI_UNIT ( .MILLI., .METRE. ) );
#2049 = CARTESIAN_POINT ( 'NONE',  ( -0.1499999999999999667, 1.949999999999999956, 0.1800000000000000488 ) ) ;
#2050 = EDGE_CURVE ( 'NONE', #6834, #5442, #282, .T. ) ;
#2051 = EDGE_CURVE ( 'NONE', #1422, #484, #1875, .T. ) ;
#2052 = ORIENTED_EDGE ( 'NONE', *, *, #2401, .F. ) ;
#2053 = LINE ( 'NONE', #4744, #3733 ) ;
#2054 = UNCERTAINTY_MEASURE_WITH_UNIT (LENGTH_MEASURE( 1.000000000000000082E-05 ), #691, 'distance_accuracy_value', 'NONE');
#2055 = DIRECTION ( 'NONE',  ( 0.000000000000000000, 0.000000000000000000, 1.000000000000000000 ) ) ;
#2056 = DIRECTION ( 'NONE',  ( -1.000000000000000000, -3.942553354492739094E-16, 0.000000000000000000 ) ) ;
#2057 = DIRECTION ( 'NONE',  ( 0.000000000000000000, 0.000000000000000000, 1.000000000000000000 ) ) ;
#2058 =( NAMED_UNIT ( * ) PLANE_ANGLE_UNIT ( ) SI_UNIT ( $, .RADIAN. ) );
#2059 = VECTOR ( 'NONE', #178, 1000.000000000000000 ) ;
#2060 = AXIS2_PLACEMENT_3D ( 'NONE', #4841, #7001, #4305 ) ;
#2061 = EDGE_CURVE ( 'NONE', #1598, #5308, #3404, .T. ) ;
#2062 = FACE_OUTER_BOUND ( 'NONE', #6317, .T. ) ;
#2063 = CARTESIAN_POINT ( 'NONE',  ( 0.1499999999999999667, -2.500000000000000000, -0.02000000000000000042 ) ) ;
#2064 = ORIENTED_EDGE ( 'NONE', *, *, #918, .T. ) ;
#2065 = MECHANICAL_DESIGN_GEOMETRIC_PRESENTATION_REPRESENTATION (  '', ( #6141 ), #5449 ) ;
#2066 = LINE ( 'NONE', #2496, #1288 ) ;
#2067 = ORIENTED_EDGE ( 'NONE', *, *, #2960, .F. ) ;
#2068 = VECTOR ( 'NONE', #720, 1000.000000000000000 ) ;
#2069 = ORIENTED_EDGE ( 'NONE', *, *, #4373, .F. ) ;
#2070 = LINE ( 'NONE', #4228, #5710 ) ;
#2071 = ORIENTED_EDGE ( 'NONE', *, *, #234, .F. ) ;
#2072 = AXIS2_PLACEMENT_3D ( 'NONE', #5373, #3739, #2181 ) ;
#2073 = CARTESIAN_POINT ( 'NONE',  ( 1.949999999999999512, -0.5000000000000000000, 0.1800000001139778760 ) ) ;
#2074 = DIRECTION ( 'NONE',  ( 1.577021341797097018E-15, 1.000000000000000000, 0.000000000000000000 ) ) ;
#2075 = FACE_OUTER_BOUND ( 'NONE', #1868, .T. ) ;
#2076 = AXIS2_PLACEMENT_3D ( 'NONE', #6531, #656, #51 ) ;
#2077 = VECTOR ( 'NONE', #6895, 1000.000000000000000 ) ;
#2078 = AXIS2_PLACEMENT_3D ( 'NONE', #1970, #4127, #5764 ) ;
#2079 = VERTEX_POINT ( 'NONE', #2376 ) ;
#2080 = ORIENTED_EDGE ( 'NONE', *, *, #4040, .T. ) ;
#2081 = DIRECTION ( 'NONE',  ( 0.000000000000000000, 1.000000000000000000, 0.000000000000000000 ) ) ;
#2082 = VECTOR ( 'NONE', #2041, 1000.000000000000000 ) ;
#2083 = ORIENTED_EDGE ( 'NONE', *, *, #6904, .T. ) ;
#2084 = DIRECTION ( 'NONE',  ( 1.000000000000000000, 3.942553354492742545E-16, 0.000000000000000000 ) ) ;
#2085 = AXIS2_PLACEMENT_3D ( 'NONE', #2561, #1486, #919 ) ;
#2086 = STYLED_ITEM ( 'NONE', ( #5287 ), #4211 ) ;
#2087 = CARTESIAN_POINT ( 'NONE',  ( -0.5000000000000000000, 2.500000000000000000, 0.1800000000000000211 ) ) ;
#2088 = DIRECTION ( 'NONE',  ( -1.000000000000000000, 3.942553354492743038E-16, 0.000000000000000000 ) ) ;
#2089 = CARTESIAN_POINT ( 'NONE',  ( -1.949999999999999956, -0.1499999999999999667, -0.02000000000000000042 ) ) ;
#2090 = VECTOR ( 'NONE', #5542, 1000.000000000000000 ) ;
#2091 = EDGE_CURVE ( 'NONE', #2111, #5777, #5599, .T. ) ;
#2092 = ORIENTED_EDGE ( 'NONE', *, *, #4038, .F. ) ;
#2093 = VECTOR ( 'NONE', #3266, 1000.000000000000000 ) ;
#2094 = DIRECTION ( 'NONE',  ( 0.000000000000000000, 0.000000000000000000, -1.000000000000000000 ) ) ;
#2095 = DIRECTION ( 'NONE',  ( 1.000000000000000000, 0.000000000000000000, 0.000000000000000000 ) ) ;
#2096 = ADVANCED_FACE ( 'NONE', ( #3509 ), #3539, .T. ) ;
#2097 = CARTESIAN_POINT ( 'NONE',  ( 2.500000000000000000, 0.5000000000000002220, 0.1800000000000000211 ) ) ;
#2098 = DIRECTION ( 'NONE',  ( -1.000000000000000000, 0.000000000000000000, 0.000000000000000000 ) ) ;
#2099 = VERTEX_POINT ( 'NONE', #2345 ) ;
#2100 = VECTOR ( 'NONE', #392, 1000.000000000000000 ) ;
#2101 = PLANE ( 'NONE',  #4933 ) ;
#2102 = AXIS2_PLACEMENT_3D ( 'NONE', #6103, #3273, #2841 ) ;
#2103 = ORIENTED_EDGE ( 'NONE', *, *, #2233, .T. ) ;
#2104 = LINE ( 'NONE', #1241, #3323 ) ;
#2105 = CARTESIAN_POINT ( 'NONE',  ( 0.000000000000000000, 0.6500000000000000222, -0.02000000000000000042 ) ) ;
#2106 = ORIENTED_EDGE ( 'NONE', *, *, #1062, .F. ) ;
#2107 = SURFACE_STYLE_USAGE ( .BOTH. , #2206 ) ;
#2108 = DIRECTION ( 'NONE',  ( 0.000000000000000000, 0.000000000000000000, -1.000000000000000000 ) ) ;
#2109 = ADVANCED_FACE ( 'NONE', ( #1346 ), #6773, .F. ) ;
#2110 = PLANE ( 'NONE',  #926 ) ;
#2111 = VERTEX_POINT ( 'NONE', #1271 ) ;
#2112 = ORIENTED_EDGE ( 'NONE', *, *, #1533, .F. ) ;
#2113 = DIRECTION ( 'NONE',  ( 0.000000000000000000, -0.000000000000000000, 1.000000000000000000 ) ) ;
#2114 = VECTOR ( 'NONE', #2255, 1000.000000000000000 ) ;
#2115 = ORIENTED_EDGE ( 'NONE', *, *, #4710, .T. ) ;
#2116 = CARTESIAN_POINT ( 'NONE',  ( 0.4999999999999970024, -2.500000000000000000, -0.02000000000000000042 ) ) ;
#2117 = ADVANCED_FACE ( 'NONE', ( #3439 ), #248, .F. ) ;
#2118 = VERTEX_POINT ( 'NONE', #6703 ) ;
#2119 = VERTEX_POINT ( 'NONE', #1830 ) ;
#2120 = LINE ( 'NONE', #3771, #825 ) ;
#2121 = ORIENTED_EDGE ( 'NONE', *, *, #4216, .F. ) ;
#2122 = LINE ( 'NONE', #882, #1612 ) ;
#2123 = DIRECTION ( 'NONE',  ( 0.000000000000000000, -0.000000000000000000, 1.000000000000000000 ) ) ;
#2124 = FACE_OUTER_BOUND ( 'NONE', #4608, .T. ) ;
#2125 = VERTEX_POINT ( 'NONE', #3996 ) ;
#2126 = FILL_AREA_STYLE ('',( #2517 ) ) ;
#2127 = UNCERTAINTY_MEASURE_WITH_UNIT (LENGTH_MEASURE( 1.000000000000000082E-05 ), #5491, 'distance_accuracy_value', 'NONE');
#2128 = EDGE_CURVE ( 'NONE', #903, #619, #1314, .T. ) ;
#2129 = LINE ( 'NONE', #1583, #160 ) ;
#2130 = DIRECTION ( 'NONE',  ( -0.000000000000000000, 1.000000000000000000, -0.000000000000000000 ) ) ;
#2131 = DIRECTION ( 'NONE',  ( -1.000000000000000000, -0.000000000000000000, -0.000000000000000000 ) ) ;
#2132 = DIRECTION ( 'NONE',  ( 0.000000000000000000, -0.000000000000000000, 1.000000000000000000 ) ) ;
#2133 = DIRECTION ( 'NONE',  ( -1.000000000000000000, 0.000000000000000000, 0.000000000000000000 ) ) ;
#2134 = EDGE_LOOP ( 'NONE', ( #1509, #4075, #6286, #974 ) ) ;
#2135 = PRESENTATION_STYLE_ASSIGNMENT (( #3276 ) ) ;
#2136 = PLANE ( 'NONE',  #165 ) ;
#2137 = CARTESIAN_POINT ( 'NONE',  ( 0.000000000000000000, 0.6500000000000000222, 0.1800000000000000211 ) ) ;
#2138 = VECTOR ( 'NONE', #2408, 1000.000000000000000 ) ;
#2139 = ORIENTED_EDGE ( 'NONE', *, *, #1874, .F. ) ;
#2140 = EDGE_CURVE ( 'NONE', #4851, #5480, #1550, .T. ) ;
#2141 = LINE ( 'NONE', #2703, #3294 ) ;
#2142 = ORIENTED_EDGE ( 'NONE', *, *, #4591, .F. ) ;
#2143 = DIRECTION ( 'NONE',  ( 0.000000000000000000, -1.000000000000000000, 0.000000000000000000 ) ) ;
#2144 = DIRECTION ( 'NONE',  ( 7.885106708985485090E-16, 1.000000000000000000, 0.000000000000000000 ) ) ;
#2145 = EDGE_CURVE ( 'NONE', #3219, #3809, #4632, .T. ) ;
#2146 = CARTESIAN_POINT ( 'NONE',  ( 1.949999999999999512, -0.1499999999999999667, 0.1800000000000000211 ) ) ;
#2147 = EDGE_LOOP ( 'NONE', ( #6689, #2551, #5705, #3547 ) ) ;
#2148 = CARTESIAN_POINT ( 'NONE',  ( 2.500000000000000000, -0.7999999999999997113, 0.1800000001139778760 ) ) ;
#2149 = VERTEX_POINT ( 'NONE', #5741 ) ;
#2150 = PLANE ( 'NONE',  #40 ) ;
#2151 = DIRECTION ( 'NONE',  ( 0.000000000000000000, 1.000000000000000000, 0.000000000000000000 ) ) ;
#2152 = CARTESIAN_POINT ( 'NONE',  ( 2.500000000000000000, -0.5000000000000004441, 0.1800000000000000211 ) ) ;
#2153 = ORIENTED_EDGE ( 'NONE', *, *, #2627, .F. ) ;
#2154 = ORIENTED_EDGE ( 'NONE', *, *, #4916, .T. ) ;
#2155 = CARTESIAN_POINT ( 'NONE',  ( 0.000000000000000000, 1.300000000000000044, 0.1800000000000000211 ) ) ;
#2156 = LINE ( 'NONE', #2236, #3664 ) ;
#2157 = CARTESIAN_POINT ( 'NONE',  ( -2.500000000000000000, 0.8000000000000001554, -0.02000000000000000042 ) ) ;
#2158 = CARTESIAN_POINT ( 'NONE',  ( -1.949999999999999956, -1.449999999999999956, 0.1800000000000000211 ) ) ;
#2159 = CARTESIAN_POINT ( 'NONE',  ( 1.149999999999999911, 2.500000000000000000, -0.02000000000000000042 ) ) ;
#2160 = ORIENTED_EDGE ( 'NONE', *, *, #358, .F. ) ;
#2161 = VECTOR ( 'NONE', #4058, 1000.000000000000000 ) ;
#2162 = FILL_AREA_STYLE ('',( #5967 ) ) ;
#2163 = PLANE ( 'NONE',  #6612 ) ;
#2164 = DIRECTION ( 'NONE',  ( -0.000000000000000000, -0.000000000000000000, 1.000000000000000000 ) ) ;
#2165 = VECTOR ( 'NONE', #3123, 1000.000000000000000 ) ;
#2166 = ORIENTED_EDGE ( 'NONE', *, *, #2627, .T. ) ;
#2167 = ORIENTED_EDGE ( 'NONE', *, *, #1444, .F. ) ;
#2168 = ORIENTED_EDGE ( 'NONE', *, *, #5457, .F. ) ;
#2169 = FACE_OUTER_BOUND ( 'NONE', #1060, .T. ) ;
#2170 = ORIENTED_EDGE ( 'NONE', *, *, #711, .T. ) ;
#2171 = CARTESIAN_POINT ( 'NONE',  ( 2.500000000000000000, 1.449999999999999512, -0.02000000000000000042 ) ) ;
#2172 = CARTESIAN_POINT ( 'NONE',  ( -1.449999999999999956, 1.949999999999999956, 0.000000000000000000 ) ) ;
#2173 = DIRECTION ( 'NONE',  ( 1.000000000000000000, -7.885106708985480159E-16, 0.000000000000000000 ) ) ;
#2174 = EDGE_CURVE ( 'NONE', #5321, #4830, #3576, .T. ) ;
#2175 = EDGE_CURVE ( 'NONE', #6116, #1109, #3710, .T. ) ;
#2176 = CARTESIAN_POINT ( 'NONE',  ( 2.500000000000000000, -0.5000000000000004441, 0.1800000000000000211 ) ) ;
#2177 = EDGE_LOOP ( 'NONE', ( #4063, #733, #3800, #3948 ) ) ;
#2178 = VECTOR ( 'NONE', #5788, 1000.000000000000000 ) ;
#2179 = PLANE ( 'NONE',  #3636 ) ;
#2180 = ORIENTED_EDGE ( 'NONE', *, *, #6669, .T. ) ;
#2181 = DIRECTION ( 'NONE',  ( -1.000000000000000000, 0.000000000000000000, -0.000000000000000000 ) ) ;
#2182 = PRODUCT_DEFINITION_FORMATION_WITH_SPECIFIED_SOURCE ( 'ANY', '', #4621, .NOT_KNOWN. ) ;
#2183 = LINE ( 'NONE', #4343, #2971 ) ;
#2184 = EDGE_CURVE ( 'NONE', #875, #2328, #1477, .T. ) ;
#2185 = VECTOR ( 'NONE', #4197, 1000.000000000000000 ) ;
#2186 = VECTOR ( 'NONE', #2214, 1000.000000000000000 ) ;
#2188 = AXIS2_PLACEMENT_3D ( 'NONE', #2171, #5365, #3316 ) ;
#2187 =( NAMED_UNIT ( * ) SI_UNIT ( $, .STERADIAN. ) SOLID_ANGLE_UNIT ( ) );
#2189 = DIRECTION ( 'NONE',  ( 1.000000000000000000, 0.000000000000000000, -0.000000000000000000 ) ) ;
#2190 = ORIENTED_EDGE ( 'NONE', *, *, #4997, .T. ) ;
#2191 = ORIENTED_EDGE ( 'NONE', *, *, #4628, .T. ) ;
#2192 = LINE ( 'NONE', #77, #113 ) ;
#2193 = CIRCLE ( 'NONE', #5029, 0.2000000000000003164 ) ;
#2194 = COLOUR_RGB ( '',0.8039215686274510109, 0.8039215686274510109, 0.8039215686274510109 ) ;
#2195 = LINE ( 'NONE', #1662, #1748 ) ;
#2196 = CARTESIAN_POINT ( 'NONE',  ( -1.949999999999999956, -0.1499999999999999667, 0.1800000000002910383 ) ) ;
#2197 = VECTOR ( 'NONE', #311, 1000.000000000000000 ) ;
#2198 = CARTESIAN_POINT ( 'NONE',  ( -1.449999999999999956, 1.949999999999999956, -0.02000000000000000042 ) ) ;
#2199 = DIRECTION ( 'NONE',  ( -1.000000000000000000, -3.942553354492739094E-16, 0.000000000000000000 ) ) ;
#2200 = EDGE_LOOP ( 'NONE', ( #214, #4899, #4053, #6109 ) ) ;
#2201 = VECTOR ( 'NONE', #1982, 1000.000000000000000 ) ;
#2202 = VECTOR ( 'NONE', #6388, 1000.000000000000000 ) ;
#2203 = DIRECTION ( 'NONE',  ( 0.000000000000000000, 0.000000000000000000, -1.000000000000000000 ) ) ;
#2204 = CARTESIAN_POINT ( 'NONE',  ( 1.949999999999999512, -0.1499999999999999667, 0.1800000001139778760 ) ) ;
#2205 = ORIENTED_EDGE ( 'NONE', *, *, #758, .T. ) ;
#2206 = SURFACE_SIDE_STYLE ('',( #2495 ) ) ;
#2207 = LINE ( 'NONE', #3306, #6042 ) ;
#2208 = DIRECTION ( 'NONE',  ( -1.000000000000000000, -3.942553354492739094E-16, 0.000000000000000000 ) ) ;
#2209 = AXIS2_PLACEMENT_3D ( 'NONE', #4352, #3270, #1098 ) ;
#2210 = AXIS2_PLACEMENT_3D ( 'NONE', #4975, #97, #1680 ) ;
#2211 = VERTEX_POINT ( 'NONE', #2615 ) ;
#2212 = ORIENTED_EDGE ( 'NONE', *, *, #6082, .F. ) ;
#2213 = ORIENTED_EDGE ( 'NONE', *, *, #4949, .F. ) ;
#2214 = DIRECTION ( 'NONE',  ( -0.000000000000000000, -0.000000000000000000, 1.000000000000000000 ) ) ;
#2215 = EDGE_LOOP ( 'NONE', ( #4727, #5415, #6427, #2610 ) ) ;
#2216 = DIRECTION ( 'NONE',  ( 0.000000000000000000, 1.000000000000000000, -0.000000000000000000 ) ) ;
#2217 = FACE_OUTER_BOUND ( 'NONE', #3836, .T. ) ;
#2218 = FACE_OUTER_BOUND ( 'NONE', #5047, .T. ) ;
#2219 = CARTESIAN_POINT ( 'NONE',  ( -0.7999999999999999334, 1.949999999999999956, 0.000000000000000000 ) ) ;
#2220 = AXIS2_PLACEMENT_3D ( 'NONE', #1790, #3949, #1262 ) ;
#2221 = VERTEX_POINT ( 'NONE', #880 ) ;
#2222 = DIRECTION ( 'NONE',  ( 1.000000000000000000, 0.000000000000000000, 0.000000000000000000 ) ) ;
#2223 = EDGE_CURVE ( 'NONE', #6576, #1141, #2479, .T. ) ;
#2224 = ORIENTED_EDGE ( 'NONE', *, *, #1269, .F. ) ;
#2225 = LINE ( 'NONE', #4370, #3556 ) ;
#2226 = PLANE ( 'NONE',  #827 ) ;
#2227 = CARTESIAN_POINT ( 'NONE',  ( -0.5000000000000000000, 2.500000000000000000, 0.1800000000000000211 ) ) ;
#2228 = CARTESIAN_POINT ( 'NONE',  ( -0.7999999999999999334, 2.500000000000000000, -0.02000000000000000042 ) ) ;
#2229 = CARTESIAN_POINT ( 'NONE',  ( -0.7999999999999999334, 1.949999999999999956, -0.02000000000000000042 ) ) ;
#2230 = ORIENTED_EDGE ( 'NONE', *, *, #6817, .F. ) ;
#2231 = ORIENTED_EDGE ( 'NONE', *, *, #370, .F. ) ;
#2232 = LINE ( 'NONE', #4377, #1013 ) ;
#2233 = EDGE_CURVE ( 'NONE', #4828, #1778, #3120, .T. ) ;
#2234 = CARTESIAN_POINT ( 'NONE',  ( -1.624999999999999778, -1.624999999999999334, 0.01000000000000000021 ) ) ;
#2235 = FACE_OUTER_BOUND ( 'NONE', #3655, .T. ) ;
#2236 = CARTESIAN_POINT ( 'NONE',  ( -0.5000000000000000000, -2.500000000000000000, 0.1800000000000000211 ) ) ;
#2237 = LINE ( 'NONE', #4383, #5249 ) ;
#2238 = PLANE ( 'NONE',  #2333 ) ;
#2239 = DIRECTION ( 'NONE',  ( 0.000000000000000000, 0.000000000000000000, -1.000000000000000000 ) ) ;
#2240 = CARTESIAN_POINT ( 'NONE',  ( 2.500000000000000000, 0.5000000000000002220, 0.1800000000000000211 ) ) ;
#2241 = LINE ( 'NONE', #2730, #2895 ) ;
#2242 = ORIENTED_EDGE ( 'NONE', *, *, #3097, .F. ) ;
#2243 =( NAMED_UNIT ( * ) PLANE_ANGLE_UNIT ( ) SI_UNIT ( $, .RADIAN. ) );
#2244 = PLANE ( 'NONE',  #1070 ) ;
#2245 = ORIENTED_EDGE ( 'NONE', *, *, #4004, .F. ) ;
#2246 = ORIENTED_EDGE ( 'NONE', *, *, #6878, .F. ) ;
#2247 = EDGE_LOOP ( 'NONE', ( #107, #5218, #416, #3208 ) ) ;
#2248 = LINE ( 'NONE', #1139, #2186 ) ;
#2249 = ORIENTED_EDGE ( 'NONE', *, *, #3701, .T. ) ;
#2250 = DIRECTION ( 'NONE',  ( -0.000000000000000000, -0.000000000000000000, -1.000000000000000000 ) ) ;
#2251 = FACE_OUTER_BOUND ( 'NONE', #433, .T. ) ;
#2252 = DIRECTION ( 'NONE',  ( 0.000000000000000000, -1.000000000000000000, 0.000000000000000000 ) ) ;
#2253 = LINE ( 'NONE', #1086, #3124 ) ;
#2254 = ORIENTED_EDGE ( 'NONE', *, *, #1650, .F. ) ;
#2255 = DIRECTION ( 'NONE',  ( -0.000000000000000000, -0.000000000000000000, -1.000000000000000000 ) ) ;
#2256 = MECHANICAL_DESIGN_GEOMETRIC_PRESENTATION_REPRESENTATION (  '', ( #2936 ), #1243 ) ;
#2257 = LINE ( 'NONE', #1718, #4541 ) ;
#2258 = ORIENTED_EDGE ( 'NONE', *, *, #1599, .F. ) ;
#2259 = CARTESIAN_POINT ( 'NONE',  ( -1.624999999999999778, 1.275000000000000133, 0.01000000000000000021 ) ) ;
#2260 = FACE_OUTER_BOUND ( 'NONE', #3461, .T. ) ;
#2261 = LINE ( 'NONE', #753, #3221 ) ;
#2262 = ORIENTED_EDGE ( 'NONE', *, *, #6390, .F. ) ;
#2263 = EDGE_CURVE ( 'NONE', #259, #5064, #4704, .T. ) ;
#2264 = ORIENTED_EDGE ( 'NONE', *, *, #3692, .T. ) ;
#2265 = LINE ( 'NONE', #4410, #6339 ) ;
#2266 = CARTESIAN_POINT ( 'NONE',  ( 0.7999999999999994893, -1.949999999999999956, 0.1800000000000000488 ) ) ;
#2267 = CARTESIAN_POINT ( 'NONE',  ( -0.7999999999999999334, 2.500000000000000000, 0.1800000000000000488 ) ) ;
#2268 = VECTOR ( 'NONE', #6338, 1000.000000000000000 ) ;
#2269 = DIRECTION ( 'NONE',  ( 7.885106708985486076E-16, -1.000000000000000000, -0.000000000000000000 ) ) ;
#2270 = DIRECTION ( 'NONE',  ( 1.000000000000000000, 0.000000000000000000, -0.000000000000000000 ) ) ;
#2271 = CARTESIAN_POINT ( 'NONE',  ( 0.5000000000000000000, 1.949999999999999956, -0.02000000000000000042 ) ) ;
#2272 = LINE ( 'NONE', #3271, #6601 ) ;
#2273 = EDGE_CURVE ( 'NONE', #2523, #1365, #5270, .T. ) ;
#2274 = ORIENTED_EDGE ( 'NONE', *, *, #2572, .T. ) ;
#2275 = EDGE_CURVE ( 'NONE', #1761, #3711, #418, .T. ) ;
#2276 = DIRECTION ( 'NONE',  ( 0.000000000000000000, -1.000000000000000000, 0.000000000000000000 ) ) ;
#2277 = CARTESIAN_POINT ( 'NONE',  ( 2.499999999999999556, -2.500000000000000000, 0.000000000000000000 ) ) ;
#2278 = CARTESIAN_POINT ( 'NONE',  ( -2.500000000000000000, -2.500000000000000000, 0.000000000000000000 ) ) ;
#2279 = LINE ( 'NONE', #1738, #5014 ) ;
#2280 = LINE ( 'NONE', #1741, #1948 ) ;
#2281 = EDGE_CURVE ( 'NONE', #2426, #471, #450, .T. ) ;
#2282 = ORIENTED_EDGE ( 'NONE', *, *, #1102, .T. ) ;
#2283 = ORIENTED_EDGE ( 'NONE', *, *, #5515, .F. ) ;
#2284 = CARTESIAN_POINT ( 'NONE',  ( -1.949999999999999956, -0.7999999999999999334, -0.02000000000000000042 ) ) ;
#2285 = ORIENTED_EDGE ( 'NONE', *, *, #6558, .F. ) ;
#2286 = VECTOR ( 'NONE', #2151, 1000.000000000000000 ) ;
#2287 = FACE_OUTER_BOUND ( 'NONE', #2485, .T. ) ;
#2288 = CARTESIAN_POINT ( 'NONE',  ( -1.949999999999999956, -0.7999999999999999334, -0.02000000000000000042 ) ) ;
#2289 = DIRECTION ( 'NONE',  ( -0.000000000000000000, -0.000000000000000000, -1.000000000000000000 ) ) ;
#2290 = ORIENTED_EDGE ( 'NONE', *, *, #1269, .T. ) ;
#2291 = DIRECTION ( 'NONE',  ( -0.000000000000000000, -0.000000000000000000, 1.000000000000000000 ) ) ;
#2292 = CARTESIAN_POINT ( 'NONE',  ( -0.1500000000000021316, -1.949999999999999956, 0.000000000000000000 ) ) ;
#2293 = EDGE_LOOP ( 'NONE', ( #2985, #2876, #3982, #459 ) ) ;
#2294 = DIRECTION ( 'NONE',  ( 1.000000000000000000, 0.000000000000000000, -0.000000000000000000 ) ) ;
#2295 = DIRECTION ( 'NONE',  ( 0.7071067811865474617, 0.7071067811865474617, 0.000000000000000000 ) ) ;
#2296 = PLANE ( 'NONE',  #6136 ) ;
#2297 = DIRECTION ( 'NONE',  ( -0.000000000000000000, -0.000000000000000000, 1.000000000000000000 ) ) ;
#2298 = ORIENTED_EDGE ( 'NONE', *, *, #4591, .T. ) ;
#2299 = VECTOR ( 'NONE', #4243, 1000.000000000000000 ) ;
#2300 = ORIENTED_EDGE ( 'NONE', *, *, #5801, .F. ) ;
#2301 = CARTESIAN_POINT ( 'NONE',  ( 2.500000000000000000, 0.1499999999999995226, 0.1800000000000000211 ) ) ;
#2302 = LINE ( 'NONE', #1534, #372 ) ;
#2303 = DIRECTION ( 'NONE',  ( 0.000000000000000000, 0.000000000000000000, -1.000000000000000000 ) ) ;
#2304 = VECTOR ( 'NONE', #6105, 1000.000000000000000 ) ;
#2305 = VECTOR ( 'NONE', #6672, 1000.000000000000000 ) ;
#2306 = PLANE ( 'NONE',  #3900 ) ;
#2307 = CARTESIAN_POINT ( 'NONE',  ( -0.7999999999999999334, 1.949999999999999956, 0.1800000000000000488 ) ) ;
#2308 = DIRECTION ( 'NONE',  ( 1.000000000000000000, -7.885106708985478187E-16, 0.000000000000000000 ) ) ;
#2309 = CARTESIAN_POINT ( 'NONE',  ( -1.149999999999999911, -2.500000000000000000, 0.1800000000000000211 ) ) ;
#2310 = AXIS2_PLACEMENT_3D ( 'NONE', #3725, #5869, #4258 ) ;
#2311 = AXIS2_PLACEMENT_3D ( 'NONE', #6355, #6927, #1546 ) ;
#2312 = CARTESIAN_POINT ( 'NONE',  ( -2.469999999999999751, 2.469999999999999751, 0.7500000000000000000 ) ) ;
#2313 = EDGE_CURVE ( 'NONE', #4318, #2079, #6403, .T. ) ;
#2314 = VECTOR ( 'NONE', #1267, 1000.000000000000000 ) ;
#2315 = ORIENTED_EDGE ( 'NONE', *, *, #6309, .F. ) ;
#2316 = DIRECTION ( 'NONE',  ( 1.000000000000000000, 0.000000000000000000, 0.000000000000000000 ) ) ;
#2317 = FACE_OUTER_BOUND ( 'NONE', #1186, .T. ) ;
#2318 = VECTOR ( 'NONE', #4932, 1000.000000000000000 ) ;
#2319 = EDGE_CURVE ( 'NONE', #2328, #6263, #2585, .T. ) ;
#2320 = STYLED_ITEM ( 'NONE', ( #3099 ), #4191 ) ;
#2321 = DIRECTION ( 'NONE',  ( -1.000000000000000000, 0.000000000000000000, -0.000000000000000000 ) ) ;
#2322 = ORIENTED_EDGE ( 'NONE', *, *, #3606, .F. ) ;
#2323 = EDGE_CURVE ( 'NONE', #985, #3881, #2374, .T. ) ;
#2324 = ORIENTED_EDGE ( 'NONE', *, *, #2524, .F. ) ;
#2325 = VECTOR ( 'NONE', #6673, 1000.000000000000000 ) ;
#2326 = DIRECTION ( 'NONE',  ( -0.000000000000000000, 0.000000000000000000, 1.000000000000000000 ) ) ;
#2327 = EDGE_CURVE ( 'NONE', #1222, #3230, #380, .T. ) ;
#2328 = VERTEX_POINT ( 'NONE', #2506 ) ;
#2329 = SURFACE_STYLE_USAGE ( .BOTH. , #1893 ) ;
#2330 = DIRECTION ( 'NONE',  ( 1.000000000000000000, -7.885106708985478187E-16, -0.000000000000000000 ) ) ;
#2331 = CLOSED_SHELL ( 'NONE', ( #1523, #766, #1390, #6864, #461, #4436 ) ) ;
#2332 = CARTESIAN_POINT ( 'NONE',  ( 1.149999999999997913, -1.949999999999999956, 0.000000000000000000 ) ) ;
#2333 = AXIS2_PLACEMENT_3D ( 'NONE', #6555, #1320, #1879 ) ;
#2334 = ADVANCED_BREP_SHAPE_REPRESENTATION ( 'MAX31865ATP+T', ( #1835, #4164, #6570, #6596, #6513, #4259, #6524, #6559, #1816, #6655, #6609, #4211, #6642, #1943, #1898, #1849, #4156, #6483, #4234, #1965, #4268, #4191, #6582, #4447 ), #5916 ) ;
#2335 = ORIENTED_EDGE ( 'NONE', *, *, #1042, .F. ) ;
#2336 = ORIENTED_EDGE ( 'NONE', *, *, #920, .T. ) ;
#2337 = CARTESIAN_POINT ( 'NONE',  ( -0.8000000000000020428, -1.949999999999999956, 0.1800000000000000211 ) ) ;
#2338 = LINE ( 'NONE', #6625, #5112 ) ;
#2339 = EDGE_CURVE ( 'NONE', #6940, #5608, #4664, .T. ) ;
#2340 = VERTEX_POINT ( 'NONE', #5300 ) ;
#2341 = CARTESIAN_POINT ( 'NONE',  ( 0.5000000000000000000, 1.949999999999999956, 0.000000000000000000 ) ) ;
#2342 = DIRECTION ( 'NONE',  ( 0.7071067811865475727, 0.7071067811865475727, -0.000000000000000000 ) ) ;
#2343 = DIRECTION ( 'NONE',  ( -1.000000000000000000, 0.000000000000000000, 0.000000000000000000 ) ) ;
#2344 = VERTEX_POINT ( 'NONE', #4134 ) ;
#2345 = CARTESIAN_POINT ( 'NONE',  ( 2.500000000000000000, 0.7999999999999994893, 0.1800000001139778760 ) ) ;
#2346 = LINE ( 'NONE', #820, #5017 ) ;
#2347 = FACE_OUTER_BOUND ( 'NONE', #2815, .T. ) ;
#2348 = DIRECTION ( 'NONE',  ( -2.891205793294681225E-14, 0.000000000000000000, -1.000000000000000000 ) ) ;
#2349 = LINE ( 'NONE', #3965, #4353 ) ;
#2350 = DIRECTION ( 'NONE',  ( -0.000000000000000000, 1.000000000000000000, -0.000000000000000000 ) ) ;
#2351 = ORIENTED_EDGE ( 'NONE', *, *, #6986, .F. ) ;
#2352 = CARTESIAN_POINT ( 'NONE',  ( 2.500000000000000000, 1.150000000000000133, -0.02000000000000000042 ) ) ;
#2353 = PLANE ( 'NONE',  #735 ) ;
#2354 = CARTESIAN_POINT ( 'NONE',  ( 1.949999999999999512, 0.7999999999999999334, 0.000000000000000000 ) ) ;
#2355 = EDGE_CURVE ( 'NONE', #5660, #903, #2045, .T. ) ;
#2356 = ORIENTED_EDGE ( 'NONE', *, *, #3320, .F. ) ;
#2357 = ORIENTED_EDGE ( 'NONE', *, *, #6180, .F. ) ;
#2358 = CARTESIAN_POINT ( 'NONE',  ( -1.949999999999999956, -0.4999999999999995559, 0.000000000000000000 ) ) ;
#2359 = EDGE_LOOP ( 'NONE', ( #2924, #6579, #5460, #371 ) ) ;
#2360 = CARTESIAN_POINT ( 'NONE',  ( -0.1500000000000021316, -1.949999999999999956, 0.1800000000000000211 ) ) ;
#2361 = CARTESIAN_POINT ( 'NONE',  ( 2.469999999999999751, 2.469999999999999751, 0.7500000000000000000 ) ) ;
#2362 = CARTESIAN_POINT ( 'NONE',  ( 0.1499999999999995226, -1.949999999999999956, 0.1800000000000000488 ) ) ;
#2363 = ADVANCED_FACE ( 'NONE', ( #6931 ), #1021, .F. ) ;
#2364 = ADVANCED_FACE ( 'NONE', ( #1445 ), #3676, .F. ) ;
#2365 = ORIENTED_EDGE ( 'NONE', *, *, #5690, .T. ) ;
#2366 = ORIENTED_EDGE ( 'NONE', *, *, #126, .T. ) ;
#2367 = ADVANCED_FACE ( 'NONE', ( #1196 ), #5978, .F. ) ;
#2368 = DIRECTION ( 'NONE',  ( -1.000000000000000000, 0.000000000000000000, 0.000000000000000000 ) ) ;
#2369 = ORIENTED_EDGE ( 'NONE', *, *, #5267, .T. ) ;
#2370 = DIRECTION ( 'NONE',  ( -0.000000000000000000, -0.000000000000000000, 1.000000000000000000 ) ) ;
#2371 = CARTESIAN_POINT ( 'NONE',  ( 0.7999999999999994893, 1.949999999999999956, 0.1800000000000000488 ) ) ;
#2372 = DIRECTION ( 'NONE',  ( -1.000000000000000000, -7.885106708985487062E-16, 0.000000000000000000 ) ) ;
#2373 = EDGE_CURVE ( 'NONE', #5423, #1452, #5908, .T. ) ;
#2374 = CIRCLE ( 'NONE', #2029, 0.02999999999999997113 ) ;
#2375 = ORIENTED_EDGE ( 'NONE', *, *, #3179, .T. ) ;
#2376 = CARTESIAN_POINT ( 'NONE',  ( -1.949999999999999956, -0.4999999999999995559, 0.000000000000000000 ) ) ;
#2377 = LINE ( 'NONE', #5673, #1058 ) ;
#2378 = DIRECTION ( 'NONE',  ( 0.000000000000000000, 0.000000000000000000, -1.000000000000000000 ) ) ;
#2379 = DIRECTION ( 'NONE',  ( 7.885106708985479173E-16, 1.000000000000000000, -0.000000000000000000 ) ) ;
#2380 = DIRECTION ( 'NONE',  ( 1.000000000000000000, 0.000000000000000000, 0.000000000000000000 ) ) ;
#2381 = CARTESIAN_POINT ( 'NONE',  ( -1.949999999999999956, 0.1500000000000003830, 0.000000000000000000 ) ) ;
#2382 = ORIENTED_EDGE ( 'NONE', *, *, #742, .F. ) ;
#2383 = CARTESIAN_POINT ( 'NONE',  ( 1.449999999999999956, 2.500000000000000000, 0.1800000000000000488 ) ) ;
#2384 = VERTEX_POINT ( 'NONE', #561 ) ;
#2385 = CARTESIAN_POINT ( 'NONE',  ( -2.500000000000000000, 1.450000000000000178, -0.02000000000000000042 ) ) ;
#2386 =( GEOMETRIC_REPRESENTATION_CONTEXT ( 3 ) GLOBAL_UNCERTAINTY_ASSIGNED_CONTEXT ( ( #3191 ) ) GLOBAL_UNIT_ASSIGNED_CONTEXT ( ( #994, #3717, #1424 ) ) REPRESENTATION_CONTEXT ( 'NONE', 'WORKASPACE' ) );
#2387 = EDGE_LOOP ( 'NONE', ( #908, #2264, #6182, #2167 ) ) ;
#2388 = ORIENTED_EDGE ( 'NONE', *, *, #3268, .F. ) ;
#2389 = LINE ( 'NONE', #4021, #5430 ) ;
#2390 = ORIENTED_EDGE ( 'NONE', *, *, #679, .F. ) ;
#2391 = DIRECTION ( 'NONE',  ( 1.000000000000000000, 0.000000000000000000, 0.000000000000000000 ) ) ;
#2392 = EDGE_CURVE ( 'NONE', #5963, #3929, #6578, .T. ) ;
#2393 = DIRECTION ( 'NONE',  ( 1.577021341797097018E-15, 1.000000000000000000, 0.000000000000000000 ) ) ;
#2394 = FACE_OUTER_BOUND ( 'NONE', #6115, .T. ) ;
#2395 = EDGE_CURVE ( 'NONE', #6142, #1363, #1605, .T. ) ;
#2396 = VERTEX_POINT ( 'NONE', #1682 ) ;
#2397 = ORIENTED_EDGE ( 'NONE', *, *, #3303, .F. ) ;
#2398 = DIRECTION ( 'NONE',  ( -1.000000000000000000, 3.942553354492742545E-16, 0.000000000000000000 ) ) ;
#2399 = ORIENTED_EDGE ( 'NONE', *, *, #2739, .F. ) ;
#2400 = DIRECTION ( 'NONE',  ( 1.577021341797097412E-15, 1.000000000000000000, 0.000000000000000000 ) ) ;
#2401 = EDGE_CURVE ( 'NONE', #1677, #4035, #4302, .T. ) ;
#2402 = EDGE_CURVE ( 'NONE', #4310, #6690, #2257, .T. ) ;
#2403 = CARTESIAN_POINT ( 'NONE',  ( -2.500000000000000000, -0.4999999999999997780, -0.02000000000000000042 ) ) ;
#2404 = CARTESIAN_POINT ( 'NONE',  ( -1.274999999999999689, 1.625000000000000222, -0.02000000000000000042 ) ) ;
#2405 = VECTOR ( 'NONE', #2716, 1000.000000000000000 ) ;
#2406 = VERTEX_POINT ( 'NONE', #6971 ) ;
#2407 = ORIENTED_EDGE ( 'NONE', *, *, #3823, .F. ) ;
#2408 = DIRECTION ( 'NONE',  ( -1.000000000000000000, -0.000000000000000000, -0.000000000000000000 ) ) ;
#2409 = DIRECTION ( 'NONE',  ( 1.000000000000000000, 0.000000000000000000, 0.000000000000000000 ) ) ;
#2410 = VECTOR ( 'NONE', #1887, 1000.000000000000000 ) ;
#2411 = EDGE_CURVE ( 'NONE', #1587, #102, #2120, .T. ) ;
#2412 = CARTESIAN_POINT ( 'NONE',  ( 0.5000000000000000000, 2.500000000000000000, -0.02000000000000000042 ) ) ;
#2413 = LINE ( 'NONE', #4562, #1863 ) ;
#2414 = LINE ( 'NONE', #6709, #2748 ) ;
#2415 = VECTOR ( 'NONE', #220, 1000.000000000000000 ) ;
#2416 = ORIENTED_EDGE ( 'NONE', *, *, #6448, .T. ) ;
#2417 = ADVANCED_FACE ( 'NONE', ( #3879 ), #1147, .F. ) ;
#2418 = DIRECTION ( 'NONE',  ( 1.577021341797097412E-15, 1.000000000000000000, 0.000000000000000000 ) ) ;
#2419 = VECTOR ( 'NONE', #216, 1000.000000000000000 ) ;
#2420 = ADVANCED_FACE ( 'NONE', ( #5473 ), #4272, .F. ) ;
#2421 = VERTEX_POINT ( 'NONE', #1088 ) ;
#2422 = CARTESIAN_POINT ( 'NONE',  ( 2.500000000000000000, 1.449999999999999512, 0.1800000000000000211 ) ) ;
#2423 = DIRECTION ( 'NONE',  ( 1.000000000000000000, 0.000000000000000000, 0.000000000000000000 ) ) ;
#2424 = VECTOR ( 'NONE', #3511, 1000.000000000000000 ) ;
#2425 = AXIS2_PLACEMENT_3D ( 'NONE', #3668, #3705, #5875 ) ;
#2426 = VERTEX_POINT ( 'NONE', #5402 ) ;
#2427 = CLOSED_SHELL ( 'NONE', ( #6328, #1051, #592, #6941, #171, #4792 ) ) ;
#2428 = ORIENTED_EDGE ( 'NONE', *, *, #1006, .T. ) ;
#2429 = CARTESIAN_POINT ( 'NONE',  ( -0.5000000000000000000, -2.500000000000000000, 0.1800000000000000211 ) ) ;
#2430 = VECTOR ( 'NONE', #4825, 1000.000000000000000 ) ;
#2431 = ORIENTED_EDGE ( 'NONE', *, *, #3823, .T. ) ;
#2432 = CARTESIAN_POINT ( 'NONE',  ( 1.300000000000000044, 0.000000000000000000, 0.1800000000000000211 ) ) ;
#2433 = CARTESIAN_POINT ( 'NONE',  ( 2.500000000000000000, -0.5000000000000004441, 0.1800000000000000211 ) ) ;
#2434 = CARTESIAN_POINT ( 'NONE',  ( 2.500000000000000000, 0.7999999999999994893, 0.1800000000000000211 ) ) ;
#2435 = VECTOR ( 'NONE', #5669, 1000.000000000000000 ) ;
#2436 = VECTOR ( 'NONE', #5524, 1000.000000000000000 ) ;
#2437 = ORIENTED_EDGE ( 'NONE', *, *, #909, .F. ) ;
#2438 = PLANE ( 'NONE',  #3197 ) ;
#2439 = ORIENTED_EDGE ( 'NONE', *, *, #2802, .T. ) ;
#2440 = DIRECTION ( 'NONE',  ( 1.000000000000000000, -1.577021341797097412E-15, 0.000000000000000000 ) ) ;
#2441 = CARTESIAN_POINT ( 'NONE',  ( -1.949999999999999956, 1.450000000000000400, -0.02000000000000000042 ) ) ;
#2442 = LINE ( 'NONE', #2935, #1736 ) ;
#2443 = VECTOR ( 'NONE', #3898, 1000.000000000000000 ) ;
#2444 = VECTOR ( 'NONE', #559, 1000.000000000000000 ) ;
#2445 = EDGE_CURVE ( 'NONE', #6940, #6523, #2712, .T. ) ;
#2446 = ADVANCED_FACE ( 'NONE', ( #4868 ), #594, .F. ) ;
#2447 = EDGE_CURVE ( 'NONE', #4345, #642, #29, .T. ) ;
#2448 = ORIENTED_EDGE ( 'NONE', *, *, #2589, .T. ) ;
#2449 = ORIENTED_EDGE ( 'NONE', *, *, #5943, .F. ) ;
#2450 = CARTESIAN_POINT ( 'NONE',  ( -0.1499999999999999667, 2.500000000000000000, -0.02000000000000000042 ) ) ;
#2451 = LINE ( 'NONE', #5708, #604 ) ;
#2452 = AXIS2_PLACEMENT_3D ( 'NONE', #2810, #577, #3827 ) ;
#2453 = DIRECTION ( 'NONE',  ( 0.000000000000000000, 0.000000000000000000, 1.000000000000000000 ) ) ;
#2454 = DIRECTION ( 'NONE',  ( -0.000000000000000000, -0.000000000000000000, 1.000000000000000000 ) ) ;
#2455 = CARTESIAN_POINT ( 'NONE',  ( -1.150000000000000355, 1.949999999999999956, 0.000000000000000000 ) ) ;
#2456 = ADVANCED_FACE ( 'NONE', ( #3288 ), #2179, .F. ) ;
#2457 = EDGE_CURVE ( 'NONE', #1687, #1467, #3324, .T. ) ;
#2458 = VERTEX_POINT ( 'NONE', #2148 ) ;
#2459 = PLANE ( 'NONE',  #129 ) ;
#2460 = ORIENTED_EDGE ( 'NONE', *, *, #4340, .F. ) ;
#2461 = DIRECTION ( 'NONE',  ( -0.000000000000000000, -0.000000000000000000, -1.000000000000000000 ) ) ;
#2462 = CARTESIAN_POINT ( 'NONE',  ( -1.949999999999999956, 1.450000000000000400, 0.1800000001139778760 ) ) ;
#2463 =( NAMED_UNIT ( * ) SI_UNIT ( $, .STERADIAN. ) SOLID_ANGLE_UNIT ( ) );
#2464 = ORIENTED_EDGE ( 'NONE', *, *, #4945, .T. ) ;
#2465 = PLANE ( 'NONE',  #534 ) ;
#2466 = ORIENTED_EDGE ( 'NONE', *, *, #2323, .T. ) ;
#2467 = DIRECTION ( 'NONE',  ( 0.000000000000000000, -0.000000000000000000, -1.000000000000000000 ) ) ;
#2468 = ORIENTED_EDGE ( 'NONE', *, *, #4168, .T. ) ;
#2469 = CARTESIAN_POINT ( 'NONE',  ( 0.000000000000000000, 2.600000000000000089, -0.02000000000000000042 ) ) ;
#2470 = CARTESIAN_POINT ( 'NONE',  ( -0.8000000000000029310, -2.500000000000000000, 0.1800000000000000211 ) ) ;
#2471 = ORIENTED_EDGE ( 'NONE', *, *, #810, .F. ) ;
#2472 = CARTESIAN_POINT ( 'NONE',  ( -1.949999999999999956, -0.7999999999999999334, 0.000000000000000000 ) ) ;
#2473 = EDGE_LOOP ( 'NONE', ( #3385, #3183, #2606, #417 ) ) ;
#2474 = DIRECTION ( 'NONE',  ( 1.000000000000000000, 7.885106708985485090E-16, -0.000000000000000000 ) ) ;
#2475 = LINE ( 'NONE', #5668, #255 ) ;
#2476 = DIRECTION ( 'NONE',  ( -1.000000000000000000, 0.000000000000000000, -0.000000000000000000 ) ) ;
#2477 = ORIENTED_EDGE ( 'NONE', *, *, #3009, .F. ) ;
#2478 = VERTEX_POINT ( 'NONE', #6507 ) ;
#2479 = LINE ( 'NONE', #2016, #4734 ) ;
#2480 = VERTEX_POINT ( 'NONE', #1649 ) ;
#2481 = DIRECTION ( 'NONE',  ( -0.000000000000000000, -0.000000000000000000, -1.000000000000000000 ) ) ;
#2482 = CARTESIAN_POINT ( 'NONE',  ( 2.500000000000000000, 0.1499999999999995226, 0.000000000000000000 ) ) ;
#2483 = VECTOR ( 'NONE', #1416, 1000.000000000000000 ) ;
#2484 = PLANE ( 'NONE',  #1840 ) ;
#2485 = EDGE_LOOP ( 'NONE', ( #1788, #6503, #6466, #5693 ) ) ;
#2486 = CARTESIAN_POINT ( 'NONE',  ( -0.8000000000000029310, -2.500000000000000000, -0.02000000000000000042 ) ) ;
#2487 = DIRECTION ( 'NONE',  ( -0.000000000000000000, -0.000000000000000000, 1.000000000000000000 ) ) ;
#2488 = CARTESIAN_POINT ( 'NONE',  ( 1.949999999999999512, 1.149999999999999911, -0.02000000000000000042 ) ) ;
#2489 = EDGE_CURVE ( 'NONE', #4828, #2754, #2753, .T. ) ;
#2490 = ORIENTED_EDGE ( 'NONE', *, *, #3495, .F. ) ;
#2491 = DIRECTION ( 'NONE',  ( 1.000000000000000000, 0.000000000000000000, 0.000000000000000000 ) ) ;
#2492 = EDGE_LOOP ( 'NONE', ( #2014, #3943, #5932, #2154 ) ) ;
#2493 = DIRECTION ( 'NONE',  ( -0.000000000000000000, 1.000000000000000000, -0.000000000000000000 ) ) ;
#2494 = VERTEX_POINT ( 'NONE', #2898 ) ;
#2495 = SURFACE_STYLE_FILL_AREA ( #836 ) ;
#2496 = CARTESIAN_POINT ( 'NONE',  ( -1.949999999999999956, 0.1500000000000003830, 0.1800000000000000211 ) ) ;
#2497 = EDGE_CURVE ( 'NONE', #4291, #3595, #2823, .T. ) ;
#2498 = VERTEX_POINT ( 'NONE', #2964 ) ;
#2499 = DIRECTION ( 'NONE',  ( 0.000000000000000000, -1.000000000000000000, 0.000000000000000000 ) ) ;
#2500 = ORIENTED_EDGE ( 'NONE', *, *, #5385, .F. ) ;
#2501 = FACE_OUTER_BOUND ( 'NONE', #818, .T. ) ;
#2502 = DIRECTION ( 'NONE',  ( -0.000000000000000000, 0.000000000000000000, 1.000000000000000000 ) ) ;
#2503 = CARTESIAN_POINT ( 'NONE',  ( 2.499999999999999556, -2.500000000000000000, 0.000000000000000000 ) ) ;
#2504 = EDGE_LOOP ( 'NONE', ( #4428, #3419, #3256, #2603 ) ) ;
#2505 = ORIENTED_EDGE ( 'NONE', *, *, #1822, .T. ) ;
#2506 = CARTESIAN_POINT ( 'NONE',  ( -2.500000000000000000, -2.469999999999999751, 0.000000000000000000 ) ) ;
#2507 = EDGE_LOOP ( 'NONE', ( #5915, #3289, #6983, #6563 ) ) ;
#2508 = AXIS2_PLACEMENT_3D ( 'NONE', #1050, #5948, #3220 ) ;
#2509 = CARTESIAN_POINT ( 'NONE',  ( -1.450000000000002842, -2.500000000000000000, 0.1800000000000000211 ) ) ;
#2510 = AXIS2_PLACEMENT_3D ( 'NONE', #1449, #3603, #4708 ) ;
#2511 = PLANE ( 'NONE',  #388 ) ;
#2512 = LINE ( 'NONE', #6408, #3988 ) ;
#2513 = EDGE_CURVE ( 'NONE', #4711, #6770, #1819, .T. ) ;
#2514 = EDGE_LOOP ( 'NONE', ( #3246, #5672, #366, #4937 ) ) ;
#2515 = EDGE_CURVE ( 'NONE', #1565, #3295, #2338, .T. ) ;
#2516 = VECTOR ( 'NONE', #3615, 1000.000000000000000 ) ;
#2517 = FILL_AREA_STYLE_COLOUR ( '', #4643 ) ;
#2518 = CARTESIAN_POINT ( 'NONE',  ( -0.1500000000000021316, -1.949999999999999956, 0.1800000000000000211 ) ) ;
#2519 = CARTESIAN_POINT ( 'NONE',  ( -1.949999999999999956, 0.8000000000000003775, 0.1800000000000000211 ) ) ;
#2520 = DIRECTION ( 'NONE',  ( 0.000000000000000000, 1.000000000000000000, 0.000000000000000000 ) ) ;
#2521 = FACE_OUTER_BOUND ( 'NONE', #6819, .T. ) ;
#2522 = VECTOR ( 'NONE', #4741, 1000.000000000000000 ) ;
#2523 = VERTEX_POINT ( 'NONE', #4545 ) ;
#2524 = EDGE_CURVE ( 'NONE', #3470, #771, #5120, .T. ) ;
#2525 = EDGE_CURVE ( 'NONE', #5554, #4711, #4979, .T. ) ;
#2526 = CARTESIAN_POINT ( 'NONE',  ( -2.500000000000000000, -0.7999999999999997113, 0.000000000000000000 ) ) ;
#2527 = ORIENTED_EDGE ( 'NONE', *, *, #361, .F. ) ;
#2528 = DIRECTION ( 'NONE',  ( 1.000000000000000000, -0.000000000000000000, 0.000000000000000000 ) ) ;
#2529 = EDGE_LOOP ( 'NONE', ( #4586, #6300, #4702, #4472 ) ) ;
#2530 = CARTESIAN_POINT ( 'NONE',  ( 0.7999999999999999334, -2.500000000000000000, 0.1800000000000000211 ) ) ;
#2531 = CARTESIAN_POINT ( 'NONE',  ( -0.8000000000000020428, -1.949999999999999956, 0.000000000000000000 ) ) ;
#2532 = VECTOR ( 'NONE', #6617, 1000.000000000000000 ) ;
#2533 = VECTOR ( 'NONE', #4405, 1000.000000000000000 ) ;
#2534 = EDGE_CURVE ( 'NONE', #586, #1377, #5665, .T. ) ;
#2535 = EDGE_CURVE ( 'NONE', #2599, #5590, #270, .T. ) ;
#2536 = VECTOR ( 'NONE', #6554, 1000.000000000000000 ) ;
#2537 = VECTOR ( 'NONE', #5903, 1000.000000000000000 ) ;
#2538 = DIRECTION ( 'NONE',  ( -0.000000000000000000, -0.000000000000000000, -1.000000000000000000 ) ) ;
#2539 = VERTEX_POINT ( 'NONE', #1339 ) ;
#2540 = CARTESIAN_POINT ( 'NONE',  ( 1.949999999999999512, 0.5000000000000000000, -0.02000000000000000042 ) ) ;
#2542 = VECTOR ( 'NONE', #877, 1000.000000000000000 ) ;
#2541 = LINE ( 'NONE', #1971, #2785 ) ;
#2543 = AXIS2_PLACEMENT_3D ( 'NONE', #5069, #5102, #2270 ) ;
#2544 = PRESENTATION_LAYER_ASSIGNMENT (  '', '', ( #1859 ) ) ;
#2545 = LINE ( 'NONE', #1375, #6948 ) ;
#2546 = ADVANCED_FACE ( 'NONE', ( #4587 ), #2438, .T. ) ;
#2547 = EDGE_LOOP ( 'NONE', ( #2719, #3454, #2548, #5946 ) ) ;
#2548 = ORIENTED_EDGE ( 'NONE', *, *, #2392, .F. ) ;
#2549 = CARTESIAN_POINT ( 'NONE',  ( 0.1499999999999995226, 1.949999999999999956, 0.1800000000000000211 ) ) ;
#2550 = VECTOR ( 'NONE', #4640, 1000.000000000000000 ) ;
#2551 = ORIENTED_EDGE ( 'NONE', *, *, #235, .T. ) ;
#2552 = FACE_OUTER_BOUND ( 'NONE', #2614, .T. ) ;
#2553 = FACE_OUTER_BOUND ( 'NONE', #6803, .T. ) ;
#2554 = CLOSED_SHELL ( 'NONE', ( #4055, #1459, #1917, #5831, #6644, #1353 ) ) ;
#2555 = DIRECTION ( 'NONE',  ( -7.885106708985485090E-16, 1.000000000000000000, 0.000000000000000000 ) ) ;
#2556 = VECTOR ( 'NONE', #6597, 1000.000000000000000 ) ;
#2557 = ORIENTED_EDGE ( 'NONE', *, *, #521, .T. ) ;
#2558 = VECTOR ( 'NONE', #6868, 1000.000000000000000 ) ;
#2559 = AXIS2_PLACEMENT_3D ( 'NONE', #905, #2502, #6829 ) ;
#2560 = LINE ( 'NONE', #5749, #3549 ) ;
#2561 = CARTESIAN_POINT ( 'NONE',  ( 0.000000000000000000, 2.600000000000000089, 0.1800000000000000211 ) ) ;
#2562 = CARTESIAN_POINT ( 'NONE',  ( -2.500000000000000000, -0.1499999999999997446, 0.1800000000000000211 ) ) ;
#2563 = PRESENTATION_STYLE_ASSIGNMENT (( #4148 ) ) ;
#2564 = ORIENTED_EDGE ( 'NONE', *, *, #5276, .F. ) ;
#2565 = ORIENTED_EDGE ( 'NONE', *, *, #2654, .T. ) ;
#2566 = PLANE ( 'NONE',  #5854 ) ;
#2567 = ORIENTED_EDGE ( 'NONE', *, *, #3107, .T. ) ;
#2568 = DIRECTION ( 'NONE',  ( -1.000000000000000000, 3.942553354492742545E-16, -0.000000000000000000 ) ) ;
#2569 = ORIENTED_EDGE ( 'NONE', *, *, #2920, .F. ) ;
#2570 = FILL_AREA_STYLE ('',( #3064 ) ) ;
#2571 = CARTESIAN_POINT ( 'NONE',  ( 1.625000000000000222, -1.624999999999999334, 0.01000000000000000021 ) ) ;
#2572 = EDGE_CURVE ( 'NONE', #3780, #2458, #6219, .T. ) ;
#2573 = ORIENTED_EDGE ( 'NONE', *, *, #4307, .T. ) ;
#2574 = ADVANCED_FACE ( 'NONE', ( #6191 ), #5589, .F. ) ;
#2575 = CARTESIAN_POINT ( 'NONE',  ( 0.000000000000000000, 1.949999999999999956, 0.1800000000000000211 ) ) ;
#2576 = ORIENTED_EDGE ( 'NONE', *, *, #4425, .F. ) ;
#2577 = LINE ( 'NONE', #1406, #5931 ) ;
#2578 = DIRECTION ( 'NONE',  ( 1.000000000000000000, -7.885106708985485090E-16, 0.000000000000000000 ) ) ;
#2579 = ADVANCED_FACE ( 'NONE', ( #3396 ), #6086, .F. ) ;
#2580 = EDGE_CURVE ( 'NONE', #1467, #5440, #1306, .T. ) ;
#2581 = CARTESIAN_POINT ( 'NONE',  ( -2.270000000000000018, 2.069999999999999840, 0.7699999999999999067 ) ) ;
#2582 = EDGE_CURVE ( 'NONE', #1167, #4176, #2857, .T. ) ;
#2583 = CARTESIAN_POINT ( 'NONE',  ( -1.149999999999999911, -2.500000000000000000, 0.1800000000000000211 ) ) ;
#2584 = VERTEX_POINT ( 'NONE', #1791 ) ;
#2585 = LINE ( 'NONE', #6331, #4279 ) ;
#2586 = ORIENTED_EDGE ( 'NONE', *, *, #3102, .T. ) ;
#2587 = DIRECTION ( 'NONE',  ( 1.000000000000000000, 0.000000000000000000, 0.000000000000000000 ) ) ;
#2588 = CARTESIAN_POINT ( 'NONE',  ( 0.1499999999999995226, 1.949999999999999956, -0.02000000000000000042 ) ) ;
#2589 = EDGE_CURVE ( 'NONE', #3073, #985, #3950, .T. ) ;
#2590 = EDGE_CURVE ( 'NONE', #3652, #5321, #3431, .T. ) ;
#2591 = LINE ( 'NONE', #991, #1047 ) ;
#2592 = LINE ( 'NONE', #2089, #956 ) ;
#2593 = ORIENTED_EDGE ( 'NONE', *, *, #918, .F. ) ;
#2594 =( NAMED_UNIT ( * ) PLANE_ANGLE_UNIT ( ) SI_UNIT ( $, .RADIAN. ) );
#2595 = EDGE_CURVE ( 'NONE', #4429, #5442, #5058, .T. ) ;
#2596 = CARTESIAN_POINT ( 'NONE',  ( 0.5000000000000000000, 1.949999999999999956, 0.1800000000000000211 ) ) ;
#2597 = LINE ( 'NONE', #1991, #4007 ) ;
#2598 = CARTESIAN_POINT ( 'NONE',  ( 1.449999999999999956, -2.500000000000000000, 0.000000000000000000 ) ) ;
#2599 = VERTEX_POINT ( 'NONE', #3471 ) ;
#2600 =( GEOMETRIC_REPRESENTATION_CONTEXT ( 3 ) GLOBAL_UNCERTAINTY_ASSIGNED_CONTEXT ( ( #3128 ) ) GLOBAL_UNIT_ASSIGNED_CONTEXT ( ( #1616, #1689, #4877 ) ) REPRESENTATION_CONTEXT ( 'NONE', 'WORKASPACE' ) );
#2601 = LINE ( 'NONE', #2526, #2907 ) ;
#2602 = DIRECTION ( 'NONE',  ( 1.000000000000000000, -7.885106708985478187E-16, -0.000000000000000000 ) ) ;
#2603 = ORIENTED_EDGE ( 'NONE', *, *, #5341, .T. ) ;
#2604 = CARTESIAN_POINT ( 'NONE',  ( 1.149999999999997025, -2.500000000000000000, 0.1800000000000000211 ) ) ;
#2605 = FILL_AREA_STYLE_COLOUR ( '', #6711 ) ;
#2606 = ORIENTED_EDGE ( 'NONE', *, *, #1409, .T. ) ;
#2607 = EDGE_CURVE ( 'NONE', #6993, #5423, #2931, .T. ) ;
#2608 = ORIENTED_EDGE ( 'NONE', *, *, #3016, .F. ) ;
#2609 = CARTESIAN_POINT ( 'NONE',  ( -1.949999999999999956, 0.8000000000000003775, -0.02000000000000000042 ) ) ;
#2610 = ORIENTED_EDGE ( 'NONE', *, *, #3178, .T. ) ;
#2611 = DIRECTION ( 'NONE',  ( 0.000000000000000000, 1.000000000000000000, 0.000000000000000000 ) ) ;
#2612 = DIRECTION ( 'NONE',  ( 1.000000000000000000, 0.000000000000000000, -0.000000000000000000 ) ) ;
#2613 = ORIENTED_EDGE ( 'NONE', *, *, #4525, .F. ) ;
#2614 = EDGE_LOOP ( 'NONE', ( #1615, #6646, #2477, #5119 ) ) ;
#2615 = CARTESIAN_POINT ( 'NONE',  ( 2.500000000000000000, -0.5000000000000004441, -0.02000000000000000042 ) ) ;
#2616 = VERTEX_POINT ( 'NONE', #4158 ) ;
#2617 = CARTESIAN_POINT ( 'NONE',  ( -1.949999999999999956, -0.1499999999999999667, -0.02000000000000000042 ) ) ;
#2618 = PLANE ( 'NONE',  #4767 ) ;
#2619 = DIRECTION ( 'NONE',  ( -1.000000000000000000, -3.942553354492739094E-16, 0.000000000000000000 ) ) ;
#2620 = DIRECTION ( 'NONE',  ( -1.000000000000000000, -0.000000000000000000, -0.000000000000000000 ) ) ;
#2621 = ORIENTED_EDGE ( 'NONE', *, *, #3262, .F. ) ;
#2622 = DIRECTION ( 'NONE',  ( 1.000000000000000000, -0.000000000000000000, 0.000000000000000000 ) ) ;
#2623 = EDGE_CURVE ( 'NONE', #6143, #6754, #3666, .T. ) ;
#2624 = UNCERTAINTY_MEASURE_WITH_UNIT (LENGTH_MEASURE( 1.000000000000000082E-05 ), #5318, 'distance_accuracy_value', 'NONE');
#2625 = LINE ( 'NONE', #867, #4678 ) ;
#2626 = LINE ( 'NONE', #4778, #5609 ) ;
#2627 = EDGE_CURVE ( 'NONE', #327, #5664, #5259, .T. ) ;
#2628 = ORIENTED_EDGE ( 'NONE', *, *, #1100, .F. ) ;
#2629 = AXIS2_PLACEMENT_3D ( 'NONE', #6194, #3327, #5478 ) ;
#2630 = FACE_OUTER_BOUND ( 'NONE', #1333, .T. ) ;
#2631 = EDGE_CURVE ( 'NONE', #5110, #3529, #1968, .T. ) ;
#2632 = DIRECTION ( 'NONE',  ( -1.000000000000000000, 0.000000000000000000, -0.000000000000000000 ) ) ;
#2633 = VERTEX_POINT ( 'NONE', #1438 ) ;
#2634 = DIRECTION ( 'NONE',  ( -0.000000000000000000, -0.000000000000000000, 1.000000000000000000 ) ) ;
#2635 = FILL_AREA_STYLE_COLOUR ( '', #5328 ) ;
#2636 = ADVANCED_FACE ( 'NONE', ( #4654 ), #5163, .F. ) ;
#2637 = VERTEX_POINT ( 'NONE', #4726 ) ;
#2638 = VECTOR ( 'NONE', #1382, 1000.000000000000000 ) ;
#2639 = DIRECTION ( 'NONE',  ( 1.000000000000000000, 0.000000000000000000, 0.000000000000000000 ) ) ;
#2640 = VERTEX_POINT ( 'NONE', #2472 ) ;
#2641 = VECTOR ( 'NONE', #2602, 1000.000000000000000 ) ;
#2642 = LINE ( 'NONE', #6458, #4900 ) ;
#2643 = DIRECTION ( 'NONE',  ( 0.000000000000000000, -0.000000000000000000, -1.000000000000000000 ) ) ;
#2644 = AXIS2_PLACEMENT_3D ( 'NONE', #1397, #170, #5662 ) ;
#2645 = ORIENTED_EDGE ( 'NONE', *, *, #4872, .T. ) ;
#2646 = EDGE_LOOP ( 'NONE', ( #4544, #1338, #5970 ) ) ;
#2647 = DIRECTION ( 'NONE',  ( -0.000000000000000000, -0.000000000000000000, 1.000000000000000000 ) ) ;
#2648 = AXIS2_PLACEMENT_3D ( 'NONE', #6968, #5846, #4761 ) ;
#2649 = ORIENTED_EDGE ( 'NONE', *, *, #5267, .F. ) ;
#2650 = LINE ( 'NONE', #6837, #5129 ) ;
#2651 = VECTOR ( 'NONE', #6277, 1000.000000000000000 ) ;
#2652 = VECTOR ( 'NONE', #1037, 1000.000000000000000 ) ;
#2653 = CARTESIAN_POINT ( 'NONE',  ( -2.500000000000000000, -2.469999999999999751, 0.7500000000000000000 ) ) ;
#2654 = EDGE_CURVE ( 'NONE', #6863, #1750, #1468, .T. ) ;
#2655 = CARTESIAN_POINT ( 'NONE',  ( 1.625000000000000222, -1.624999999999999334, 0.01000000000000000021 ) ) ;
#2656 = VERTEX_POINT ( 'NONE', #976 ) ;
#2657 = AXIS2_PLACEMENT_3D ( 'NONE', #648, #2378, #2834 ) ;
#2658 = LINE ( 'NONE', #995, #4466 ) ;
#2659 = PLANE ( 'NONE',  #6735 ) ;
#2660 = CARTESIAN_POINT ( 'NONE',  ( 0.7999999999999994893, 1.949999999999999956, 0.1800000000000000211 ) ) ;
#2661 = CARTESIAN_POINT ( 'NONE',  ( 1.625000000000000222, 1.625000000000000222, 0.000000000000000000 ) ) ;
#2662 = ORIENTED_EDGE ( 'NONE', *, *, #5692, .T. ) ;
#2663 = EDGE_CURVE ( 'NONE', #1687, #1219, #5795, .T. ) ;
#2664 = DIRECTION ( 'NONE',  ( 0.000000000000000000, 0.000000000000000000, 1.000000000000000000 ) ) ;
#2665 = CARTESIAN_POINT ( 'NONE',  ( 2.500000000000000000, 0.7999999999999994893, 0.000000000000000000 ) ) ;
#2666 = ORIENTED_EDGE ( 'NONE', *, *, #5417, .T. ) ;
#2667 = PLANE ( 'NONE',  #2076 ) ;
#2668 = PRESENTATION_STYLE_ASSIGNMENT (( #4261 ) ) ;
#2669 = EDGE_CURVE ( 'NONE', #4392, #471, #307, .T. ) ;
#2670 = ORIENTED_EDGE ( 'NONE', *, *, #495, .F. ) ;
#2671 = ORIENTED_EDGE ( 'NONE', *, *, #359, .T. ) ;
#2672 = DIRECTION ( 'NONE',  ( 1.000000000000000000, -0.000000000000000000, -0.000000000000000000 ) ) ;
#2673 = EDGE_LOOP ( 'NONE', ( #353, #693, #2245, #5190 ) ) ;
#2674 = CARTESIAN_POINT ( 'NONE',  ( -1.949999999999999956, -1.149999999999999467, -0.02000000000000000042 ) ) ;
#2675 = CARTESIAN_POINT ( 'NONE',  ( 1.949999999999999512, -1.449999999999999956, 0.1800000001139778760 ) ) ;
#2676 = ORIENTED_EDGE ( 'NONE', *, *, #711, .F. ) ;
#2677 = DIRECTION ( 'NONE',  ( -0.000000000000000000, -0.000000000000000000, 1.000000000000000000 ) ) ;
#2678 = VERTEX_POINT ( 'NONE', #4623 ) ;
#2679 = CARTESIAN_POINT ( 'NONE',  ( -0.5000000000000004441, 1.949999999999999956, 0.1800000000000000488 ) ) ;
#2680 = CARTESIAN_POINT ( 'NONE',  ( 1.949999999999999512, -1.449999999999999956, -0.02000000000000000042 ) ) ;
#2681 = FACE_OUTER_BOUND ( 'NONE', #4229, .T. ) ;
#2682 = ORIENTED_EDGE ( 'NONE', *, *, #856, .T. ) ;
#2683 = ORIENTED_EDGE ( 'NONE', *, *, #2878, .T. ) ;
#2684 = PRESENTATION_STYLE_ASSIGNMENT (( #2799 ) ) ;
#2685 = UNCERTAINTY_MEASURE_WITH_UNIT (LENGTH_MEASURE( 1.000000000000000082E-05 ), #5623, 'distance_accuracy_value', 'NONE');
#2686 = EDGE_CURVE ( 'NONE', #6284, #1632, #2070, .T. ) ;
#2687 = LINE ( 'NONE', #4350, #2093 ) ;
#2688 = CARTESIAN_POINT ( 'NONE',  ( -1.624999999999999778, 1.275000000000000133, 0.01000000000000000021 ) ) ;
#2689 = CARTESIAN_POINT ( 'NONE',  ( -1.150000000000000355, -1.949999999999999956, -0.02000000000000000042 ) ) ;
#2690 = PLANE ( 'NONE',  #4320 ) ;
#2691 = EDGE_LOOP ( 'NONE', ( #2249, #2904, #3075, #3381 ) ) ;
#2692 = ORIENTED_EDGE ( 'NONE', *, *, #4183, .F. ) ;
#2693 = AXIS2_PLACEMENT_3D ( 'NONE', #2956, #262, #4394 ) ;
#2694 = CYLINDRICAL_SURFACE ( 'NONE', #3243, 0.02999999999999997113 ) ;
#2695 = EDGE_CURVE ( 'NONE', #281, #1281, #6798, .T. ) ;
#2696 = EDGE_CURVE ( 'NONE', #1434, #5096, #6865, .T. ) ;
#2697 = ORIENTED_EDGE ( 'NONE', *, *, #2223, .T. ) ;
#2698 =( NAMED_UNIT ( * ) PLANE_ANGLE_UNIT ( ) SI_UNIT ( $, .RADIAN. ) );
#2699 = FACE_OUTER_BOUND ( 'NONE', #6196, .T. ) ;
#2700 = FILL_AREA_STYLE_COLOUR ( '', #4430 ) ;
#2701 = ORIENTED_EDGE ( 'NONE', *, *, #4532, .F. ) ;
#2702 = ORIENTED_EDGE ( 'NONE', *, *, #156, .T. ) ;
#2703 = CARTESIAN_POINT ( 'NONE',  ( -1.949999999999999956, 1.450000000000000400, 0.1800000000002910383 ) ) ;
#2704 = ADVANCED_FACE ( 'NONE', ( #3144 ), #6353, .F. ) ;
#2705 = VERTEX_POINT ( 'NONE', #4124 ) ;
#2706 = FACE_OUTER_BOUND ( 'NONE', #2247, .T. ) ;
#2707 = DIRECTION ( 'NONE',  ( -7.885106708985480159E-16, -1.000000000000000000, 0.000000000000000000 ) ) ;
#2708 = CARTESIAN_POINT ( 'NONE',  ( 1.949999999999999512, 0.1499999999999999667, 0.1800000000002910383 ) ) ;
#2709 = ADVANCED_FACE ( 'NONE', ( #3108 ), #5217, .T. ) ;
#2710 = CARTESIAN_POINT ( 'NONE',  ( 1.149999999999997469, -2.500000000000000000, 0.000000000000000000 ) ) ;
#2711 = ORIENTED_EDGE ( 'NONE', *, *, #5041, .T. ) ;
#2712 = LINE ( 'NONE', #3841, #5441 ) ;
#2713 = EDGE_CURVE ( 'NONE', #411, #642, #6291, .T. ) ;
#2714 = ORIENTED_EDGE ( 'NONE', *, *, #18, .T. ) ;
#2715 = DIRECTION ( 'NONE',  ( 0.000000000000000000, -1.000000000000000000, 0.000000000000000000 ) ) ;
#2716 = DIRECTION ( 'NONE',  ( -0.000000000000000000, -0.000000000000000000, 1.000000000000000000 ) ) ;
#2717 = LINE ( 'NONE', #458, #1530 ) ;
#2718 = ORIENTED_EDGE ( 'NONE', *, *, #3438, .T. ) ;
#2719 = ORIENTED_EDGE ( 'NONE', *, *, #5205, .T. ) ;
#2720 = SURFACE_SIDE_STYLE ('',( #4988 ) ) ;
#2721 = VECTOR ( 'NONE', #6712, 1000.000000000000000 ) ;
#2722 = FACE_OUTER_BOUND ( 'NONE', #6607, .T. ) ;
#2723 = CARTESIAN_POINT ( 'NONE',  ( -0.5000000000000000000, -2.500000000000000000, 0.1800000000000000488 ) ) ;
#2724 = DIRECTION ( 'NONE',  ( 0.000000000000000000, -0.000000000000000000, -1.000000000000000000 ) ) ;
#2725 = CARTESIAN_POINT ( 'NONE',  ( 0.4999999999999978351, -1.949999999999999956, 0.1800000000000000211 ) ) ;
#2726 = ORIENTED_EDGE ( 'NONE', *, *, #4004, .T. ) ;
#2727 = EDGE_CURVE ( 'NONE', #1193, #3809, #4694, .T. ) ;
#2728 = CARTESIAN_POINT ( 'NONE',  ( 0.7999999999999999334, 2.500000000000000000, -0.02000000000000000042 ) ) ;
#2729 = EDGE_CURVE ( 'NONE', #6126, #1049, #3036, .T. ) ;
#2730 = CARTESIAN_POINT ( 'NONE',  ( 1.149999999999999911, 2.500000000000000000, 0.000000000000000000 ) ) ;
#2731 = ORIENTED_EDGE ( 'NONE', *, *, #2525, .F. ) ;
#2732 = VECTOR ( 'NONE', #5631, 1000.000000000000000 ) ;
#2733 = CARTESIAN_POINT ( 'NONE',  ( 1.449999999999999512, 1.949999999999999956, -0.02000000000000000042 ) ) ;
#2734 = DIRECTION ( 'NONE',  ( 1.577021341797097412E-15, 1.000000000000000000, 0.000000000000000000 ) ) ;
#2735 = FACE_OUTER_BOUND ( 'NONE', #4732, .T. ) ;
#2736 = VECTOR ( 'NONE', #6424, 1000.000000000000000 ) ;
#2737 = ORIENTED_EDGE ( 'NONE', *, *, #3310, .F. ) ;
#2738 = EDGE_CURVE ( 'NONE', #1112, #1707, #874, .T. ) ;
#2739 = EDGE_CURVE ( 'NONE', #3295, #1571, #5189, .T. ) ;
#2740 = VERTEX_POINT ( 'NONE', #4796 ) ;
#2741 = EDGE_CURVE ( 'NONE', #2125, #2099, #2248, .T. ) ;
#2742 = VECTOR ( 'NONE', #5313, 1000.000000000000000 ) ;
#2743 = CARTESIAN_POINT ( 'NONE',  ( -1.949999999999999956, 1.450000000000000400, 0.000000000000000000 ) ) ;
#2744 = VERTEX_POINT ( 'NONE', #6963 ) ;
#2745 = CARTESIAN_POINT ( 'NONE',  ( -2.500000000000000000, 0.8000000000000001554, 0.1800000001139778760 ) ) ;
#2746 = CARTESIAN_POINT ( 'NONE',  ( -1.624999999999999778, 1.275000000000000133, -0.02000000000000000042 ) ) ;
#2747 = LINE ( 'NONE', #2708, #5827 ) ;
#2748 = VECTOR ( 'NONE', #1912, 1000.000000000000000 ) ;
#2749 = EDGE_CURVE ( 'NONE', #6859, #279, #6394, .T. ) ;
#2750 = CARTESIAN_POINT ( 'NONE',  ( -0.7999999999999999334, 1.949999999999999956, 0.1800000000000000488 ) ) ;
#2751 = VERTEX_POINT ( 'NONE', #3249 ) ;
#2752 = AXIS2_PLACEMENT_3D ( 'NONE', #3169, #3696, #5316 ) ;
#2753 = LINE ( 'NONE', #3502, #705 ) ;
#2754 = VERTEX_POINT ( 'NONE', #21 ) ;
#2755 = CARTESIAN_POINT ( 'NONE',  ( -2.500000000000000000, 2.500000000000000000, 0.000000000000000000 ) ) ;
#2756 = EDGE_CURVE ( 'NONE', #1281, #6723, #5424, .T. ) ;
#2757 = DIRECTION ( 'NONE',  ( -1.000000000000000000, 0.000000000000000000, 0.000000000000000000 ) ) ;
#2758 = VECTOR ( 'NONE', #6350, 1000.000000000000000 ) ;
#2759 = VECTOR ( 'NONE', #6322, 1000.000000000000000 ) ;
#2760 = FILL_AREA_STYLE ('',( #640 ) ) ;
#2761 = CARTESIAN_POINT ( 'NONE',  ( -0.5000000000000004441, 1.949999999999999956, 0.1800000000000000211 ) ) ;
#2762 = EDGE_CURVE ( 'NONE', #6759, #2885, #1570, .T. ) ;
#2763 = ORIENTED_EDGE ( 'NONE', *, *, #3241, .T. ) ;
#2764 = AXIS2_PLACEMENT_3D ( 'NONE', #6045, #1192, #4866 ) ;
#2765 = VERTEX_POINT ( 'NONE', #585 ) ;
#2766 = AXIS2_PLACEMENT_3D ( 'NONE', #1126, #5891, #606 ) ;
#2767 = PLANE ( 'NONE',  #516 ) ;
#2768 = DIRECTION ( 'NONE',  ( -1.000000000000000000, 3.942553354492743038E-16, 0.000000000000000000 ) ) ;
#2769 = LINE ( 'NONE', #6099, #3453 ) ;
#2770 = CIRCLE ( 'NONE', #6741, 0.02999999999999997113 ) ;
#2771 = FACE_OUTER_BOUND ( 'NONE', #6026, .T. ) ;
#2772 = VERTEX_POINT ( 'NONE', #5323 ) ;
#2773 = EDGE_CURVE ( 'NONE', #1778, #4429, #478, .T. ) ;
#2774 = AXIS2_PLACEMENT_3D ( 'NONE', #4280, #5988, #3718 ) ;
#2775 = CARTESIAN_POINT ( 'NONE',  ( -1.949999999999999956, -1.149999999999999467, 0.1800000000000000211 ) ) ;
#2776 = ORIENTED_EDGE ( 'NONE', *, *, #2756, .F. ) ;
#2777 = CARTESIAN_POINT ( 'NONE',  ( -0.1500000000000029921, -2.500000000000000000, -0.02000000000000000042 ) ) ;
#2778 = VECTOR ( 'NONE', #3261, 1000.000000000000000 ) ;
#2779 = ORIENTED_EDGE ( 'NONE', *, *, #4139, .T. ) ;
#2780 = ORIENTED_EDGE ( 'NONE', *, *, #4690, .F. ) ;
#2781 = CARTESIAN_POINT ( 'NONE',  ( 2.600000000000000089, 0.000000000000000000, 0.1800000000000000211 ) ) ;
#2782 = VERTEX_POINT ( 'NONE', #2743 ) ;
#2783 = DIRECTION ( 'NONE',  ( -0.000000000000000000, -0.000000000000000000, 1.000000000000000000 ) ) ;
#2784 = CARTESIAN_POINT ( 'NONE',  ( 0.1499999999999995226, 1.949999999999999956, -0.02000000000000000042 ) ) ;
#2785 = VECTOR ( 'NONE', #4128, 1000.000000000000000 ) ;
#2786 = CARTESIAN_POINT ( 'NONE',  ( -2.500000000000000000, 0.8000000000000001554, 0.000000000000000000 ) ) ;
#2787 = CARTESIAN_POINT ( 'NONE',  ( 1.949999999999999956, 0.000000000000000000, 0.1800000000000000211 ) ) ;
#2788 = VERTEX_POINT ( 'NONE', #1597 ) ;
#2789 = DIRECTION ( 'NONE',  ( 1.000000000000000000, 0.000000000000000000, -0.000000000000000000 ) ) ;
#2790 = ORIENTED_EDGE ( 'NONE', *, *, #6220, .F. ) ;
#2791 = FACE_OUTER_BOUND ( 'NONE', #3347, .T. ) ;
#2792 = ADVANCED_FACE ( 'NONE', ( #4361 ), #3727, .T. ) ;
#2793 = EDGE_CURVE ( 'NONE', #340, #1061, #3282, .T. ) ;
#2794 = CARTESIAN_POINT ( 'NONE',  ( -1.949999999999999956, 0.1500000000000003830, -0.02000000000000000042 ) ) ;
#2795 = APPLICATION_PROTOCOL_DEFINITION ( 'draft international standard', 'automotive_design', 1998, #1851 ) ;
#2796 = DIRECTION ( 'NONE',  ( 1.000000000000000000, 0.000000000000000000, 0.000000000000000000 ) ) ;
#2797 = ORIENTED_EDGE ( 'NONE', *, *, #984, .T. ) ;
#2798 = ORIENTED_EDGE ( 'NONE', *, *, #6995, .T. ) ;
#2799 = SURFACE_STYLE_USAGE ( .BOTH. , #2720 ) ;
#2800 = DIRECTION ( 'NONE',  ( -0.000000000000000000, -0.000000000000000000, 1.000000000000000000 ) ) ;
#2801 = DIRECTION ( 'NONE',  ( -1.000000000000000000, 0.000000000000000000, -0.000000000000000000 ) ) ;
#2802 = EDGE_CURVE ( 'NONE', #903, #2788, #3760, .T. ) ;
#2803 = LINE ( 'NONE', #4495, #5149 ) ;
#2804 = CARTESIAN_POINT ( 'NONE',  ( -2.270000000000000018, 2.069999999999999840, 0.7699999999999999067 ) ) ;
#2805 = LINE ( 'NONE', #2198, #187 ) ;
#2806 = VECTOR ( 'NONE', #2493, 1000.000000000000000 ) ;
#2807 = CARTESIAN_POINT ( 'NONE',  ( 1.149999999999999911, 1.949999999999999956, 0.1800000000000000488 ) ) ;
#2808 = VECTOR ( 'NONE', #3033, 1000.000000000000000 ) ;
#2809 = DIRECTION ( 'NONE',  ( 0.000000000000000000, 0.000000000000000000, 1.000000000000000000 ) ) ;
#2810 = CARTESIAN_POINT ( 'NONE',  ( 1.449999999999999512, -1.949999999999999956, -0.02000000000000000042 ) ) ;
#2811 = LINE ( 'NONE', #1737, #4799 ) ;
#2812 = FACE_OUTER_BOUND ( 'NONE', #3616, .T. ) ;
#2813 = SURFACE_SIDE_STYLE ('',( #657 ) ) ;
#2814 = VERTEX_POINT ( 'NONE', #1676 ) ;
#2815 = EDGE_LOOP ( 'NONE', ( #138, #1627, #745, #3866 ) ) ;
#2816 = CARTESIAN_POINT ( 'NONE',  ( 1.625000000000000222, -1.624999999999999334, -0.02000000000000000042 ) ) ;
#2817 = EDGE_LOOP ( 'NONE', ( #6929, #3814, #4445, #2697 ) ) ;
#2818 = DIRECTION ( 'NONE',  ( 1.000000000000000000, -0.000000000000000000, 0.000000000000000000 ) ) ;
#2819 = LINE ( 'NONE', #2288, #6954 ) ;
#2820 = DIRECTION ( 'NONE',  ( 1.000000000000000000, -0.000000000000000000, -0.000000000000000000 ) ) ;
#2821 = EDGE_LOOP ( 'NONE', ( #6887, #442, #3281, #1767 ) ) ;
#2822 = DIRECTION ( 'NONE',  ( -0.000000000000000000, -0.000000000000000000, 1.000000000000000000 ) ) ;
#2823 = LINE ( 'NONE', #137, #6463 ) ;
#2824 = ORIENTED_EDGE ( 'NONE', *, *, #5663, .F. ) ;
#2825 = DIRECTION ( 'NONE',  ( -1.000000000000000000, 1.577021341797097018E-15, 0.000000000000000000 ) ) ;
#2826 = CARTESIAN_POINT ( 'NONE',  ( 1.949999999999999512, 0.7999999999999999334, 0.1800000000000000211 ) ) ;
#2827 = FACE_OUTER_BOUND ( 'NONE', #1719, .T. ) ;
#2828 = EDGE_CURVE ( 'NONE', #3072, #4359, #553, .T. ) ;
#2829 = ORIENTED_EDGE ( 'NONE', *, *, #156, .F. ) ;
#2830 = VERTEX_POINT ( 'NONE', #5395 ) ;
#2831 = FACE_OUTER_BOUND ( 'NONE', #4782, .T. ) ;
#2832 = PLANE ( 'NONE',  #5350 ) ;
#2833 = FACE_OUTER_BOUND ( 'NONE', #4630, .T. ) ;
#2834 = DIRECTION ( 'NONE',  ( -1.000000000000000000, 0.000000000000000000, -0.000000000000000000 ) ) ;
#2835 = FACE_OUTER_BOUND ( 'NONE', #2817, .T. ) ;
#2836 = DIRECTION ( 'NONE',  ( 0.000000000000000000, 0.000000000000000000, 1.000000000000000000 ) ) ;
#2837 = PLANE ( 'NONE',  #1279 ) ;
#2838 = EDGE_CURVE ( 'NONE', #2633, #2740, #624, .T. ) ;
#2839 = EDGE_CURVE ( 'NONE', #3595, #3721, #1699, .T. ) ;
#2840 =( GEOMETRIC_REPRESENTATION_CONTEXT ( 3 ) GLOBAL_UNCERTAINTY_ASSIGNED_CONTEXT ( ( #6943 ) ) GLOBAL_UNIT_ASSIGNED_CONTEXT ( ( #1249, #222, #290 ) ) REPRESENTATION_CONTEXT ( 'NONE', 'WORKASPACE' ) );
#2841 = DIRECTION ( 'NONE',  ( 1.000000000000000000, 3.942553354492743531E-16, 0.000000000000000000 ) ) ;
#2842 = CARTESIAN_POINT ( 'NONE',  ( 2.500000000000000000, 0.5000000000000002220, 0.1800000000000000211 ) ) ;
#2843 = DIRECTION ( 'NONE',  ( -0.000000000000000000, -0.000000000000000000, 1.000000000000000000 ) ) ;
#2844 = EDGE_LOOP ( 'NONE', ( #1093, #4844, #1725, #2645 ) ) ;
#2845 = VERTEX_POINT ( 'NONE', #5936 ) ;
#2846 = DIRECTION ( 'NONE',  ( -0.000000000000000000, -0.000000000000000000, 1.000000000000000000 ) ) ;
#2847 = ORIENTED_EDGE ( 'NONE', *, *, #857, .F. ) ;
#2848 = CARTESIAN_POINT ( 'NONE',  ( 0.1499999999999999667, 2.500000000000000000, 0.000000000000000000 ) ) ;
#2849 = VECTOR ( 'NONE', #181, 1000.000000000000000 ) ;
#2850 = LINE ( 'NONE', #4434, #3761 ) ;
#2851 = EDGE_CURVE ( 'NONE', #5596, #1804, #2141, .T. ) ;
#2852 = LINE ( 'NONE', #1189, #4348 ) ;
#2853 = ADVANCED_FACE ( 'NONE', ( #92 ), #6428, .F. ) ;
#2854 = VERTEX_POINT ( 'NONE', #3703 ) ;
#2855 = ORIENTED_EDGE ( 'NONE', *, *, #1963, .T. ) ;
#2856 = FACE_OUTER_BOUND ( 'NONE', #3621, .T. ) ;
#2857 = LINE ( 'NONE', #6119, #4875 ) ;
#2858 = ORIENTED_EDGE ( 'NONE', *, *, #1446, .T. ) ;
#2859 = FACE_OUTER_BOUND ( 'NONE', #5927, .T. ) ;
#2860 = MECHANICAL_DESIGN_GEOMETRIC_PRESENTATION_REPRESENTATION (  '', ( #6257 ), #6251 ) ;
#2861 = DIRECTION ( 'NONE',  ( 1.000000000000000000, 0.000000000000000000, -0.000000000000000000 ) ) ;
#2862 = LINE ( 'NONE', #4407, #4570 ) ;
#2863 = ORIENTED_EDGE ( 'NONE', *, *, #3701, .F. ) ;
#2864 = DIRECTION ( 'NONE',  ( 1.577021341797097018E-15, 1.000000000000000000, 0.000000000000000000 ) ) ;
#2865 = DIRECTION ( 'NONE',  ( 0.000000000000000000, 0.000000000000000000, -1.000000000000000000 ) ) ;
#2866 = VECTOR ( 'NONE', #6325, 1000.000000000000000 ) ;
#2867 = AXIS2_PLACEMENT_3D ( 'NONE', #5852, #344, #1513 ) ;
#2868 = CARTESIAN_POINT ( 'NONE',  ( -1.150000000000000355, 1.949999999999999956, 0.1800000000000000211 ) ) ;
#2869 = DIRECTION ( 'NONE',  ( -0.000000000000000000, -0.000000000000000000, 1.000000000000000000 ) ) ;
#2870 = DIRECTION ( 'NONE',  ( 7.885106708985479173E-16, 1.000000000000000000, -0.000000000000000000 ) ) ;
#2871 = CARTESIAN_POINT ( 'NONE',  ( 0.6500000000000000222, 0.000000000000000000, 0.1800000000000000211 ) ) ;
#2872 = CARTESIAN_POINT ( 'NONE',  ( 2.500000000000000000, -0.7999999999999997113, 0.1800000000000000211 ) ) ;
#2873 = VECTOR ( 'NONE', #2025, 1000.000000000000000 ) ;
#2874 = VECTOR ( 'NONE', #3810, 1000.000000000000000 ) ;
#2875 = VECTOR ( 'NONE', #4437, 1000.000000000000000 ) ;
#2876 = ORIENTED_EDGE ( 'NONE', *, *, #6011, .T. ) ;
#2877 = DIRECTION ( 'NONE',  ( -0.000000000000000000, 0.000000000000000000, -1.000000000000000000 ) ) ;
#2878 = EDGE_CURVE ( 'NONE', #1434, #281, #5873, .T. ) ;
#2879 = DIRECTION ( 'NONE',  ( 1.000000000000000000, 3.942553354492742545E-16, 0.000000000000000000 ) ) ;
#2880 = ADVANCED_FACE ( 'NONE', ( #2169 ), #4326, .T. ) ;
#2881 = VECTOR ( 'NONE', #6064, 1000.000000000000000 ) ;
#2882 = AXIS2_PLACEMENT_3D ( 'NONE', #2469, #4081, #363 ) ;
#2883 = CARTESIAN_POINT ( 'NONE',  ( 1.449999999999999512, -1.949999999999999956, -0.02000000000000000042 ) ) ;
#2884 = ORIENTED_EDGE ( 'NONE', *, *, #1533, .T. ) ;
#2885 = VERTEX_POINT ( 'NONE', #3974 ) ;
#2886 = AXIS2_PLACEMENT_3D ( 'NONE', #5721, #6812, #866 ) ;
#2887 = DIRECTION ( 'NONE',  ( -0.000000000000000000, -0.000000000000000000, 1.000000000000000000 ) ) ;
#2888 = ORIENTED_EDGE ( 'NONE', *, *, #6796, .T. ) ;
#2889 = FACE_OUTER_BOUND ( 'NONE', #5619, .T. ) ;
#2890 = LINE ( 'NONE', #777, #1063 ) ;
#2891 = VECTOR ( 'NONE', #6314, 1000.000000000000000 ) ;
#2892 = EDGE_CURVE ( 'NONE', #2616, #6244, #5048, .T. ) ;
#2893 = DIRECTION ( 'NONE',  ( 0.000000000000000000, 0.000000000000000000, 1.000000000000000000 ) ) ;
#2894 = CYLINDRICAL_SURFACE ( 'NONE', #4231, 0.02999999999999997113 ) ;
#2895 = VECTOR ( 'NONE', #6562, 1000.000000000000000 ) ;
#2896 = ORIENTED_EDGE ( 'NONE', *, *, #6214, .T. ) ;
#2897 = EDGE_LOOP ( 'NONE', ( #4088, #508, #2649, #3508 ) ) ;
#2898 = CARTESIAN_POINT ( 'NONE',  ( 0.7999999999999999334, -2.500000000000000000, -0.02000000000000000042 ) ) ;
#2899 = VERTEX_POINT ( 'NONE', #3868 ) ;
#2900 = DIRECTION ( 'NONE',  ( -7.885106708985485090E-16, 1.000000000000000000, 0.000000000000000000 ) ) ;
#2901 = PLANE ( 'NONE',  #3639 ) ;
#2902 = LINE ( 'NONE', #1655, #4683 ) ;
#2903 = VECTOR ( 'NONE', #3558, 1000.000000000000000 ) ;
#2904 = ORIENTED_EDGE ( 'NONE', *, *, #6558, .T. ) ;
#2905 = DIRECTION ( 'NONE',  ( -3.942553354492742545E-16, -1.000000000000000000, 0.000000000000000000 ) ) ;
#2906 = DIRECTION ( 'NONE',  ( 1.000000000000000000, 0.000000000000000000, 0.000000000000000000 ) ) ;
#2907 = VECTOR ( 'NONE', #4682, 1000.000000000000000 ) ;
#2908 = DIRECTION ( 'NONE',  ( 0.000000000000000000, 1.000000000000000000, 0.000000000000000000 ) ) ;
#2909 = DIRECTION ( 'NONE',  ( 1.577021341797097018E-15, 1.000000000000000000, 0.000000000000000000 ) ) ;
#2910 = CARTESIAN_POINT ( 'NONE',  ( 1.449999999999999956, -2.500000000000000000, -0.02000000000000000042 ) ) ;
#2911 = CARTESIAN_POINT ( 'NONE',  ( 0.5000000000000000000, 1.949999999999999956, -0.02000000000000000042 ) ) ;
#2912 = VERTEX_POINT ( 'NONE', #5503 ) ;
#2913 = CARTESIAN_POINT ( 'NONE',  ( -1.149999999999999911, -2.500000000000000000, -0.02000000000000000042 ) ) ;
#2914 = EDGE_CURVE ( 'NONE', #2498, #928, #694, .T. ) ;
#2915 = VERTEX_POINT ( 'NONE', #1256 ) ;
#2916 = CARTESIAN_POINT ( 'NONE',  ( 1.149999999999997025, -2.500000000000000000, -0.02000000000000000042 ) ) ;
#2917 = DIRECTION ( 'NONE',  ( -0.000000000000000000, -0.000000000000000000, -1.000000000000000000 ) ) ;
#2918 =( LENGTH_UNIT ( ) NAMED_UNIT ( * ) SI_UNIT ( .MILLI., .METRE. ) );
#2919 = VERTEX_POINT ( 'NONE', #3386 ) ;
#2920 = EDGE_CURVE ( 'NONE', #3072, #5358, #660, .T. ) ;
#2921 = EDGE_CURVE ( 'NONE', #1383, #6754, #6110, .T. ) ;
#2922 = ORIENTED_EDGE ( 'NONE', *, *, #3660, .T. ) ;
#2923 = DIRECTION ( 'NONE',  ( 0.000000000000000000, -1.000000000000000000, 0.000000000000000000 ) ) ;
#2924 = ORIENTED_EDGE ( 'NONE', *, *, #6204, .T. ) ;
#2925 = DIRECTION ( 'NONE',  ( 0.000000000000000000, -0.000000000000000000, -1.000000000000000000 ) ) ;
#2926 = FACE_OUTER_BOUND ( 'NONE', #6033, .T. ) ;
#2927 = LINE ( 'NONE', #2362, #2875 ) ;
#2928 = EDGE_CURVE ( 'NONE', #537, #2854, #773, .T. ) ;
#2929 = ORIENTED_EDGE ( 'NONE', *, *, #6698, .T. ) ;
#2930 = ORIENTED_EDGE ( 'NONE', *, *, #3564, .F. ) ;
#2931 = LINE ( 'NONE', #5088, #4450 ) ;
#2932 = ORIENTED_EDGE ( 'NONE', *, *, #3222, .T. ) ;
#2933 = DIRECTION ( 'NONE',  ( -0.000000000000000000, -0.000000000000000000, -1.000000000000000000 ) ) ;
#2934 = DIRECTION ( 'NONE',  ( 1.000000000000000000, -0.000000000000000000, 0.000000000000000000 ) ) ;
#2935 = CARTESIAN_POINT ( 'NONE',  ( -0.5000000000000004441, 1.949999999999999956, -0.02000000000000000042 ) ) ;
#2936 = STYLED_ITEM ( 'NONE', ( #5443 ), #1965 ) ;
#2937 = EDGE_CURVE ( 'NONE', #2079, #2640, #1332, .T. ) ;
#2938 = ORIENTED_EDGE ( 'NONE', *, *, #5556, .T. ) ;
#2939 = EDGE_LOOP ( 'NONE', ( #1658, #4078, #4167, #2565 ) ) ;
#2940 = DIRECTION ( 'NONE',  ( -3.942553354492742545E-16, -1.000000000000000000, 0.000000000000000000 ) ) ;
#2941 = ORIENTED_EDGE ( 'NONE', *, *, #3633, .T. ) ;
#2942 = LINE ( 'NONE', #791, #1728 ) ;
#2943 = CARTESIAN_POINT ( 'NONE',  ( -2.069999999999999840, 2.069999999999999840, 0.7699999999999999067 ) ) ;
#2944 = LINE ( 'NONE', #2307, #2881 ) ;
#2945 = DIRECTION ( 'NONE',  ( -1.000000000000000000, -0.000000000000000000, -0.000000000000000000 ) ) ;
#2946 = PLANE ( 'NONE',  #833 ) ;
#2947 = ORIENTED_EDGE ( 'NONE', *, *, #3390, .T. ) ;
#2948 = DIRECTION ( 'NONE',  ( 0.000000000000000000, -0.000000000000000000, 1.000000000000000000 ) ) ;
#2949 = ORIENTED_EDGE ( 'NONE', *, *, #18, .F. ) ;
#2950 = CARTESIAN_POINT ( 'NONE',  ( -2.469999999999999751, 2.469999999999999751, 0.7800000000000000266 ) ) ;
#2951 = LINE ( 'NONE', #5652, #5244 ) ;
#2952 = SURFACE_SIDE_STYLE ('',( #3492 ) ) ;
#2953 = EDGE_CURVE ( 'NONE', #6874, #6661, #803, .T. ) ;
#2954 = VERTEX_POINT ( 'NONE', #1856 ) ;
#2955 = ORIENTED_EDGE ( 'NONE', *, *, #2355, .T. ) ;
#2956 = CARTESIAN_POINT ( 'NONE',  ( -0.5000000000000004441, 1.949999999999999956, -0.02000000000000000042 ) ) ;
#2957 = ORIENTED_EDGE ( 'NONE', *, *, #4121, .T. ) ;
#2958 = CARTESIAN_POINT ( 'NONE',  ( -1.450000000000002842, -2.500000000000000000, -0.02000000000000000042 ) ) ;
#2959 = LINE ( 'NONE', #2434, #5168 ) ;
#2960 = EDGE_CURVE ( 'NONE', #6237, #437, #2389, .T. ) ;
#2961 = ADVANCED_FACE ( 'NONE', ( #5537 ), #6183, .F. ) ;
#2962 = EDGE_CURVE ( 'NONE', #928, #3975, #128, .T. ) ;
#2963 = EDGE_LOOP ( 'NONE', ( #3248, #1817, #1528, #6614 ) ) ;
#2964 = CARTESIAN_POINT ( 'NONE',  ( -0.5000000000000000000, 2.500000000000000000, -0.02000000000000000042 ) ) ;
#2965 = ORIENTED_EDGE ( 'NONE', *, *, #5203, .T. ) ;
#2966 = LINE ( 'NONE', #5549, #5023 ) ;
#2967 = ADVANCED_FACE ( 'NONE', ( #1294 ), #3462, .T. ) ;
#2968 = CARTESIAN_POINT ( 'NONE',  ( -1.149999999999999911, -2.500000000000000000, 0.1800000000000000211 ) ) ;
#2969 = EDGE_CURVE ( 'NONE', #6921, #703, #5621, .T. ) ;
#2970 = FACE_OUTER_BOUND ( 'NONE', #602, .T. ) ;
#2971 = VECTOR ( 'NONE', #6512, 1000.000000000000000 ) ;
#2972 = EDGE_LOOP ( 'NONE', ( #4441, #5807, #1083, #6330 ) ) ;
#2973 = ORIENTED_EDGE ( 'NONE', *, *, #4628, .F. ) ;
#2974 = DIRECTION ( 'NONE',  ( 7.885106708985485090E-16, 1.000000000000000000, 0.000000000000000000 ) ) ;
#2975 = DIRECTION ( 'NONE',  ( -0.000000000000000000, -0.000000000000000000, -1.000000000000000000 ) ) ;
#2976 = COLOUR_RGB ( '',0.2862745098039215508, 0.2862745098039215508, 0.2862745098039215508 ) ;
#2977 = CARTESIAN_POINT ( 'NONE',  ( -2.500000000000000000, -1.149999999999999689, 0.1800000000000000211 ) ) ;
#2978 = CARTESIAN_POINT ( 'NONE',  ( 2.500000000000000000, -0.1499999999999997446, -0.02000000000000000042 ) ) ;
#2979 = EDGE_CURVE ( 'NONE', #3046, #6126, #3496, .T. ) ;
#2980 = PLANE ( 'NONE',  #3204 ) ;
#2981 = VECTOR ( 'NONE', #2350, 1000.000000000000000 ) ;
#2982 = ORIENTED_EDGE ( 'NONE', *, *, #3993, .T. ) ;
#2983 = FACE_OUTER_BOUND ( 'NONE', #1977, .T. ) ;
#2984 = VECTOR ( 'NONE', #6704, 1000.000000000000000 ) ;
#2985 = ORIENTED_EDGE ( 'NONE', *, *, #557, .T. ) ;
#2986 = DIRECTION ( 'NONE',  ( 0.000000000000000000, 0.000000000000000000, 1.000000000000000000 ) ) ;
#2987 = LINE ( 'NONE', #3971, #6620 ) ;
#2988 = SURFACE_STYLE_USAGE ( .BOTH. , #2952 ) ;
#2989 = VECTOR ( 'NONE', #6762, 1000.000000000000000 ) ;
#2990 = AXIS2_PLACEMENT_3D ( 'NONE', #2037, #5291, #4087 ) ;
#2991 = VECTOR ( 'NONE', #3146, 1000.000000000000000 ) ;
#2992 = VERTEX_POINT ( 'NONE', #2284 ) ;
#2993 = FACE_OUTER_BOUND ( 'NONE', #2844, .T. ) ;
#2994 = VECTOR ( 'NONE', #4985, 1000.000000000000000 ) ;
#2995 = VERTEX_POINT ( 'NONE', #5579 ) ;
#2996 = LINE ( 'NONE', #5154, #6460 ) ;
#2997 = VECTOR ( 'NONE', #2843, 1000.000000000000000 ) ;
#2998 = ORIENTED_EDGE ( 'NONE', *, *, #1489, .F. ) ;
#2999 =( GEOMETRIC_REPRESENTATION_CONTEXT ( 3 ) GLOBAL_UNCERTAINTY_ASSIGNED_CONTEXT ( ( #2624 ) ) GLOBAL_UNIT_ASSIGNED_CONTEXT ( ( #5318, #4319, #6530 ) ) REPRESENTATION_CONTEXT ( 'NONE', 'WORKASPACE' ) );
#3000 = CARTESIAN_POINT ( 'NONE',  ( 2.500000000000000000, 1.449999999999999512, 0.1800000000000000211 ) ) ;
#3001 = VECTOR ( 'NONE', #1815, 1000.000000000000000 ) ;
#3002 = ORIENTED_EDGE ( 'NONE', *, *, #6473, .F. ) ;
#3003 = VECTOR ( 'NONE', #4674, 1000.000000000000000 ) ;
#3004 = ORIENTED_EDGE ( 'NONE', *, *, #6739, .T. ) ;
#3005 = DIRECTION ( 'NONE',  ( -0.000000000000000000, 0.000000000000000000, -1.000000000000000000 ) ) ;
#3006 = ORIENTED_EDGE ( 'NONE', *, *, #1490, .T. ) ;
#3007 = VECTOR ( 'NONE', #779, 1000.000000000000000 ) ;
#3008 = DIRECTION ( 'NONE',  ( -0.000000000000000000, -0.000000000000000000, 1.000000000000000000 ) ) ;
#3009 = EDGE_CURVE ( 'NONE', #2992, #2845, #5079, .T. ) ;
#3010 =( NAMED_UNIT ( * ) SI_UNIT ( $, .STERADIAN. ) SOLID_ANGLE_UNIT ( ) );
#3011 = LINE ( 'NONE', #4659, #2197 ) ;
#3012 = CLOSED_SHELL ( 'NONE', ( #1787, #399, #1107, #1248, #5998, #2792 ) ) ;
#3013 = EDGE_LOOP ( 'NONE', ( #3592, #4553, #6252, #5598 ) ) ;
#3014 = VERTEX_POINT ( 'NONE', #6722 ) ;
#3015 = ADVANCED_FACE ( 'NONE', ( #5658 ), #3913, .F. ) ;
#3016 = EDGE_CURVE ( 'NONE', #1452, #343, #1185, .T. ) ;
#3017 = PLANE ( 'NONE',  #1007 ) ;
#3018 = EDGE_CURVE ( 'NONE', #332, #2584, #6075, .T. ) ;
#3019 = ORIENTED_EDGE ( 'NONE', *, *, #5801, .T. ) ;
#3020 = CYLINDRICAL_SURFACE ( 'NONE', #265, 0.2000000000000003164 ) ;
#3021 = DIRECTION ( 'NONE',  ( 0.000000000000000000, 0.000000000000000000, -1.000000000000000000 ) ) ;
#3022 = CARTESIAN_POINT ( 'NONE',  ( 1.949999999999999512, 1.149999999999999911, 0.1800000000002910383 ) ) ;
#3023 = CARTESIAN_POINT ( 'NONE',  ( -2.500000000000000000, 1.150000000000000133, -0.02000000000000000042 ) ) ;
#3024 = ORIENTED_EDGE ( 'NONE', *, *, #5943, .T. ) ;
#3025 = SURFACE_SIDE_STYLE ('',( #1949 ) ) ;
#3026 = EDGE_CURVE ( 'NONE', #1205, #4202, #4685, .T. ) ;
#3027 = FACE_OUTER_BOUND ( 'NONE', #5078, .T. ) ;
#3028 = DIRECTION ( 'NONE',  ( -1.000000000000000000, -3.942553354492739094E-16, 0.000000000000000000 ) ) ;
#3029 =( NAMED_UNIT ( * ) PLANE_ANGLE_UNIT ( ) SI_UNIT ( $, .RADIAN. ) );
#3030 = ORIENTED_EDGE ( 'NONE', *, *, #2373, .F. ) ;
#3031 = CARTESIAN_POINT ( 'NONE',  ( -1.274999999999999689, 1.625000000000000222, 0.000000000000000000 ) ) ;
#3032 = VERTEX_POINT ( 'NONE', #3137 ) ;
#3033 = DIRECTION ( 'NONE',  ( -0.000000000000000000, 1.000000000000000000, -0.000000000000000000 ) ) ;
#3034 = EDGE_LOOP ( 'NONE', ( #4972, #1919, #3498, #4908 ) ) ;
#3035 = DIRECTION ( 'NONE',  ( 0.000000000000000000, 0.000000000000000000, 1.000000000000000000 ) ) ;
#3036 = LINE ( 'NONE', #3594, #3442 ) ;
#3037 = VERTEX_POINT ( 'NONE', #4648 ) ;
#3038 = CARTESIAN_POINT ( 'NONE',  ( 0.7999999999999994893, 1.949999999999999956, 0.000000000000000000 ) ) ;
#3039 =( NAMED_UNIT ( * ) PLANE_ANGLE_UNIT ( ) SI_UNIT ( $, .RADIAN. ) );
#3040 = CARTESIAN_POINT ( 'NONE',  ( 0.1499999999999999667, 2.500000000000000000, 0.1800000000000000211 ) ) ;
#3041 = DIRECTION ( 'NONE',  ( -1.000000000000000000, 0.000000000000000000, 0.000000000000000000 ) ) ;
#3042 = EDGE_CURVE ( 'NONE', #2344, #1112, #6858, .T. ) ;
#3043 = ORIENTED_EDGE ( 'NONE', *, *, #2749, .F. ) ;
#3044 = ORIENTED_EDGE ( 'NONE', *, *, #1410, .T. ) ;
#3045 = DIRECTION ( 'NONE',  ( 0.000000000000000000, 0.000000000000000000, 1.000000000000000000 ) ) ;
#3046 = VERTEX_POINT ( 'NONE', #1364 ) ;
#3047 = PLANE ( 'NONE',  #3092 ) ;
#3048 = PLANE ( 'NONE',  #5252 ) ;
#3049 = ADVANCED_FACE ( 'NONE', ( #360 ), #1997, .F. ) ;
#3050 = VECTOR ( 'NONE', #215, 1000.000000000000000 ) ;
#3051 = EDGE_CURVE ( 'NONE', #2995, #5015, #2996, .T. ) ;
#3052 = EDGE_LOOP ( 'NONE', ( #3325, #5195, #5937, #1415 ) ) ;
#3053 = CARTESIAN_POINT ( 'NONE',  ( -0.8000000000000029310, -2.500000000000000000, 0.1800000000000000211 ) ) ;
#3054 = DIRECTION ( 'NONE',  ( -7.885106708985480159E-16, -1.000000000000000000, 0.000000000000000000 ) ) ;
#3055 = CARTESIAN_POINT ( 'NONE',  ( 2.500000000000000000, -0.5000000000000004441, 0.1800000000000000211 ) ) ;
#3056 = LINE ( 'NONE', #1487, #1529 ) ;
#3057 =( NAMED_UNIT ( * ) SI_UNIT ( $, .STERADIAN. ) SOLID_ANGLE_UNIT ( ) );
#3058 = EDGE_CURVE ( 'NONE', #3780, #2678, #5728, .T. ) ;
#3059 = VERTEX_POINT ( 'NONE', #5285 ) ;
#3060 = CARTESIAN_POINT ( 'NONE',  ( -0.1500000000000029921, -2.500000000000000000, 0.1800000000000000211 ) ) ;
#3061 = ORIENTED_EDGE ( 'NONE', *, *, #5182, .F. ) ;
#3062 = CARTESIAN_POINT ( 'NONE',  ( -1.869999999999999440, 2.069999999999999840, 0.7699999999999999067 ) ) ;
#3063 = EDGE_LOOP ( 'NONE', ( #2557, #6932, #1536, #1980 ) ) ;
#3064 = FILL_AREA_STYLE_COLOUR ( '', #6381 ) ;
#3065 = DIRECTION ( 'NONE',  ( 7.885106708985486076E-16, -1.000000000000000000, -0.000000000000000000 ) ) ;
#3066 = ADVANCED_FACE ( 'NONE', ( #5685 ), #301, .F. ) ;
#3067 = EDGE_LOOP ( 'NONE', ( #5504, #5696, #162, #3563 ) ) ;
#3068 = CARTESIAN_POINT ( 'NONE',  ( -1.150000000000000355, -1.949999999999999956, 0.1800000000000000211 ) ) ;
#3069 = VERTEX_POINT ( 'NONE', #1463 ) ;
#3070 = LINE ( 'NONE', #373, #1619 ) ;
#3071 = DIRECTION ( 'NONE',  ( -3.942553354492742545E-16, -1.000000000000000000, 0.000000000000000000 ) ) ;
#3072 = VERTEX_POINT ( 'NONE', #896 ) ;
#3073 = VERTEX_POINT ( 'NONE', #3523 ) ;
#3074 = DIRECTION ( 'NONE',  ( -0.000000000000000000, -0.000000000000000000, -1.000000000000000000 ) ) ;
#3075 = ORIENTED_EDGE ( 'NONE', *, *, #4474, .F. ) ;
#3076 = VECTOR ( 'NONE', #6155, 1000.000000000000000 ) ;
#3077 = DIRECTION ( 'NONE',  ( 0.000000000000000000, 0.000000000000000000, -1.000000000000000000 ) ) ;
#3078 = VECTOR ( 'NONE', #4950, 1000.000000000000000 ) ;
#3079 = FACE_OUTER_BOUND ( 'NONE', #1520, .T. ) ;
#3080 = ORIENTED_EDGE ( 'NONE', *, *, #320, .F. ) ;
#3081 = STYLED_ITEM ( 'NONE', ( #2563 ), #6609 ) ;
#3082 = PLANE ( 'NONE',  #1474 ) ;
#3083 = EDGE_CURVE ( 'NONE', #6549, #2119, #5251, .T. ) ;
#3084 = EDGE_CURVE ( 'NONE', #6523, #6923, #4615, .T. ) ;
#3085 = CARTESIAN_POINT ( 'NONE',  ( 0.000000000000000000, 1.949999999999999956, 0.1800000000000000211 ) ) ;
#3086 = DIRECTION ( 'NONE',  ( 1.000000000000000000, 0.000000000000000000, 0.000000000000000000 ) ) ;
#3087 = EDGE_CURVE ( 'NONE', #574, #1422, #1433, .T. ) ;
#3088 = CARTESIAN_POINT ( 'NONE',  ( 1.949999999999999512, 0.5000000000000000000, -0.02000000000000000042 ) ) ;
#3089 =( NAMED_UNIT ( * ) PLANE_ANGLE_UNIT ( ) SI_UNIT ( $, .RADIAN. ) );
#3090 = PRESENTATION_LAYER_ASSIGNMENT (  '', '', ( #6257 ) ) ;
#3091 = ORIENTED_EDGE ( 'NONE', *, *, #2445, .T. ) ;
#3092 = AXIS2_PLACEMENT_3D ( 'NONE', #6906, #487, #2046 ) ;
#3093 = DIRECTION ( 'NONE',  ( 0.000000000000000000, -1.000000000000000000, 0.000000000000000000 ) ) ;
#3094 = VERTEX_POINT ( 'NONE', #5830 ) ;
#3095 = ADVANCED_FACE ( 'NONE', ( #4187 ), #6760, .F. ) ;
#3096 = CARTESIAN_POINT ( 'NONE',  ( -0.5000000000000000000, 2.500000000000000000, 0.1800000000000000211 ) ) ;
#3097 = EDGE_CURVE ( 'NONE', #925, #2539, #4079, .T. ) ;
#3098 = VERTEX_POINT ( 'NONE', #4722 ) ;
#3099 = PRESENTATION_STYLE_ASSIGNMENT (( #2034 ) ) ;
#3100 = CARTESIAN_POINT ( 'NONE',  ( 1.949999999999999512, 0.1499999999999999667, -0.02000000000000000042 ) ) ;
#3101 = VECTOR ( 'NONE', #24, 1000.000000000000000 ) ;
#3102 = EDGE_CURVE ( 'NONE', #2494, #2772, #3620, .T. ) ;
#3103 = VECTOR ( 'NONE', #1187, 1000.000000000000000 ) ;
#3104 = ORIENTED_EDGE ( 'NONE', *, *, #4997, .F. ) ;
#3105 = AXIS2_PLACEMENT_3D ( 'NONE', #2777, #89, #2734 ) ;
#3106 = VECTOR ( 'NONE', #3203, 1000.000000000000000 ) ;
#3107 = EDGE_CURVE ( 'NONE', #2765, #3469, #6245, .T. ) ;
#3108 = FACE_OUTER_BOUND ( 'NONE', #4670, .T. ) ;
#3109 = EDGE_CURVE ( 'NONE', #4165, #6662, #4116, .T. ) ;
#3110 = EDGE_CURVE ( 'NONE', #6244, #5440, #6285, .T. ) ;
#3111 = EDGE_LOOP ( 'NONE', ( #2468, #1460, #2863, #6211 ) ) ;
#3112 = FACE_OUTER_BOUND ( 'NONE', #2044, .T. ) ;
#3113 = CARTESIAN_POINT ( 'NONE',  ( -2.500000000000000000, 0.1500000000000001887, 0.1800000000000000211 ) ) ;
#3114 = PLANE ( 'NONE',  #6151 ) ;
#3115 = VECTOR ( 'NONE', #1772, 1000.000000000000000 ) ;
#3116 = AXIS2_PLACEMENT_3D ( 'NONE', #726, #5531, #2877 ) ;
#3117 = CARTESIAN_POINT ( 'NONE',  ( -0.1500000000000021316, -1.949999999999999956, -0.02000000000000000042 ) ) ;
#3118 = ORIENTED_EDGE ( 'NONE', *, *, #6869, .T. ) ;
#3119 = ORIENTED_EDGE ( 'NONE', *, *, #3058, .T. ) ;
#3120 = LINE ( 'NONE', #6805, #4846 ) ;
#3121 = VERTEX_POINT ( 'NONE', #1495 ) ;
#3122 = PLANE ( 'NONE',  #6367 ) ;
#3123 = DIRECTION ( 'NONE',  ( -1.000000000000000000, -3.942553354492739094E-16, 0.000000000000000000 ) ) ;
#3124 = VECTOR ( 'NONE', #4400, 1000.000000000000000 ) ;
#3125 = LINE ( 'NONE', #4709, #6721 ) ;
#3126 = CARTESIAN_POINT ( 'NONE',  ( -1.624999999999999778, -1.624999999999999334, 0.01000000000000000021 ) ) ;
#3127 = ORIENTED_EDGE ( 'NONE', *, *, #3954, .F. ) ;
#3128 = UNCERTAINTY_MEASURE_WITH_UNIT (LENGTH_MEASURE( 1.000000000000000082E-05 ), #1616, 'distance_accuracy_value', 'NONE');
#3129 = LINE ( 'NONE', #5279, #2550 ) ;
#3130 = LINE ( 'NONE', #351, #848 ) ;
#3131 = DIRECTION ( 'NONE',  ( -0.000000000000000000, -0.000000000000000000, -1.000000000000000000 ) ) ;
#3132 = CARTESIAN_POINT ( 'NONE',  ( -1.449999999999999956, 1.949999999999999956, 0.1800000000000000211 ) ) ;
#3133 = ORIENTED_EDGE ( 'NONE', *, *, #5655, .T. ) ;
#3134 = EDGE_CURVE ( 'NONE', #6584, #4617, #3656, .T. ) ;
#3135 = VECTOR ( 'NONE', #3168, 1000.000000000000000 ) ;
#3136 = FACE_OUTER_BOUND ( 'NONE', #901, .T. ) ;
#3137 = CARTESIAN_POINT ( 'NONE',  ( 1.625000000000000222, -1.624999999999999334, -0.000000000000000000 ) ) ;
#3138 = ORIENTED_EDGE ( 'NONE', *, *, #3187, .F. ) ;
#3139 = PLANE ( 'NONE',  #2882 ) ;
#3140 = DIRECTION ( 'NONE',  ( 0.000000000000000000, -1.000000000000000000, 0.000000000000000000 ) ) ;
#3141 = EDGE_LOOP ( 'NONE', ( #3190, #6127, #3994, #6156 ) ) ;
#3142 = EDGE_CURVE ( 'NONE', #6263, #6359, #2104, .T. ) ;
#3143 = ADVANCED_FACE ( 'NONE', ( #4752 ), #3850, .F. ) ;
#3144 = FACE_OUTER_BOUND ( 'NONE', #6599, .T. ) ;
#3145 = ORIENTED_EDGE ( 'NONE', *, *, #3405, .T. ) ;
#3146 = DIRECTION ( 'NONE',  ( -0.000000000000000000, -0.000000000000000000, -1.000000000000000000 ) ) ;
#3147 = CARTESIAN_POINT ( 'NONE',  ( 1.149999999999999911, 1.949999999999999956, -0.02000000000000000042 ) ) ;
#3148 = CARTESIAN_POINT ( 'NONE',  ( 1.449999999999999956, 2.500000000000000000, 0.1800000000000000211 ) ) ;
#3149 = EDGE_CURVE ( 'NONE', #1219, #4171, #1035, .T. ) ;
#3150 = ORIENTED_EDGE ( 'NONE', *, *, #3985, .F. ) ;
#3151 = ORIENTED_EDGE ( 'NONE', *, *, #3459, .T. ) ;
#3152 = DIRECTION ( 'NONE',  ( -0.000000000000000000, -1.000000000000000000, -0.000000000000000000 ) ) ;
#3153 = VERTEX_POINT ( 'NONE', #2266 ) ;
#3154 = PLANE ( 'NONE',  #2867 ) ;
#3155 = CARTESIAN_POINT ( 'NONE',  ( 0.4999999999999973910, -2.500000000000000000, 0.000000000000000000 ) ) ;
#3156 = VECTOR ( 'NONE', #4476, 1000.000000000000000 ) ;
#3157 = DIRECTION ( 'NONE',  ( 0.000000000000000000, 1.000000000000000000, 0.000000000000000000 ) ) ;
#3158 = PLANE ( 'NONE',  #3889 ) ;
#3159 = ADVANCED_FACE ( 'NONE', ( #680 ), #2832, .F. ) ;
#3160 = EDGE_LOOP ( 'NONE', ( #2166, #5785, #302, #3044 ) ) ;
#3161 = VECTOR ( 'NONE', #790, 1000.000000000000000 ) ;
#3162 = DIRECTION ( 'NONE',  ( 0.000000000000000000, -0.000000000000000000, -1.000000000000000000 ) ) ;
#3163 = LINE ( 'NONE', #4146, #509 ) ;
#3164 = LINE ( 'NONE', #5312, #1637 ) ;
#3165 = PRESENTATION_STYLE_ASSIGNMENT (( #6885 ) ) ;
#3166 = ADVANCED_FACE ( 'NONE', ( #6920 ), #4218, .F. ) ;
#3167 = ORIENTED_EDGE ( 'NONE', *, *, #6294, .F. ) ;
#3168 = DIRECTION ( 'NONE',  ( -0.000000000000000000, -0.000000000000000000, -1.000000000000000000 ) ) ;
#3169 = CARTESIAN_POINT ( 'NONE',  ( -2.069999999999999840, 2.069999999999999840, 0.7699999999999999067 ) ) ;
#3170 = ORIENTED_EDGE ( 'NONE', *, *, #2534, .T. ) ;
#3171 = FILL_AREA_STYLE_COLOUR ( '', #3336 ) ;
#3172 = CARTESIAN_POINT ( 'NONE',  ( 2.469999999999999751, -2.469999999999999751, 0.7500000000000000000 ) ) ;
#3173 = SURFACE_SIDE_STYLE ('',( #1408 ) ) ;
#3174 = VERTEX_POINT ( 'NONE', #111 ) ;
#3175 = DIRECTION ( 'NONE',  ( -1.577021341797097018E-15, -1.000000000000000000, 0.000000000000000000 ) ) ;
#3176 = EDGE_LOOP ( 'NONE', ( #1577, #5632, #2608, #3030 ) ) ;
#3177 = FACE_OUTER_BOUND ( 'NONE', #3013, .T. ) ;
#3178 = EDGE_CURVE ( 'NONE', #5107, #4303, #3932, .T. ) ;
#3179 = EDGE_CURVE ( 'NONE', #4647, #1925, #4459, .T. ) ;
#3180 = DIRECTION ( 'NONE',  ( -0.000000000000000000, -0.000000000000000000, 1.000000000000000000 ) ) ;
#3181 = PRESENTATION_LAYER_ASSIGNMENT (  '', '', ( #5207 ) ) ;
#3182 = ORIENTED_EDGE ( 'NONE', *, *, #4006, .F. ) ;
#3183 = ORIENTED_EDGE ( 'NONE', *, *, #4569, .T. ) ;
#3184 = CARTESIAN_POINT ( 'NONE',  ( -2.500000000000000000, 0.1500000000000001887, 0.1800000000000000211 ) ) ;
#3185 = ORIENTED_EDGE ( 'NONE', *, *, #1844, .F. ) ;
#3186 = DIRECTION ( 'NONE',  ( -0.000000000000000000, 0.000000000000000000, 1.000000000000000000 ) ) ;
#3187 = EDGE_CURVE ( 'NONE', #2744, #5074, #2302, .T. ) ;
#3188 = PLANE ( 'NONE',  #2060 ) ;
#3189 = CARTESIAN_POINT ( 'NONE',  ( -1.149999999999999911, 2.500000000000000000, -0.02000000000000000042 ) ) ;
#3190 = ORIENTED_EDGE ( 'NONE', *, *, #2061, .T. ) ;
#3191 = UNCERTAINTY_MEASURE_WITH_UNIT (LENGTH_MEASURE( 1.000000000000000082E-05 ), #994, 'distance_accuracy_value', 'NONE');
#3192 = VECTOR ( 'NONE', #3367, 1000.000000000000000 ) ;
#3193 = EDGE_CURVE ( 'NONE', #2584, #4527, #5231, .T. ) ;
#3194 = FACE_OUTER_BOUND ( 'NONE', #6209, .T. ) ;
#3195 = LINE ( 'NONE', #571, #3224 ) ;
#3196 = CARTESIAN_POINT ( 'NONE',  ( 2.499999999999999556, 2.469999999999999751, 0.7500000000000000000 ) ) ;
#3197 = AXIS2_PLACEMENT_3D ( 'NONE', #1900, #4029, #6766 ) ;
#3198 = VERTEX_POINT ( 'NONE', #5894 ) ;
#3199 = STYLED_ITEM ( 'NONE', ( #4074 ), #6582 ) ;
#3200 = PLANE ( 'NONE',  #3802 ) ;
#3201 = DIRECTION ( 'NONE',  ( 1.000000000000000000, 0.000000000000000000, 0.000000000000000000 ) ) ;
#3202 = ORIENTED_EDGE ( 'NONE', *, *, #4525, .T. ) ;
#3203 = DIRECTION ( 'NONE',  ( 7.885106708985485090E-16, -1.000000000000000000, -0.000000000000000000 ) ) ;
#3204 = AXIS2_PLACEMENT_3D ( 'NONE', #2911, #6233, #3966 ) ;
#3205 = CARTESIAN_POINT ( 'NONE',  ( -2.069999999999999840, 2.069999999999999840, 0.7699999999999999067 ) ) ;
#3206 = SURFACE_STYLE_FILL_AREA ( #5701 ) ;
#3207 = ORIENTED_EDGE ( 'NONE', *, *, #1111, .F. ) ;
#3208 = ORIENTED_EDGE ( 'NONE', *, *, #6869, .F. ) ;
#3209 = DIRECTION ( 'NONE',  ( -1.000000000000000000, 1.577021341797097018E-15, 0.000000000000000000 ) ) ;
#3210 = AXIS2_PLACEMENT_3D ( 'NONE', #5310, #4815, #463 ) ;
#3211 = ORIENTED_EDGE ( 'NONE', *, *, #3694, .T. ) ;
#3212 = AXIS2_PLACEMENT_3D ( 'NONE', #2063, #3894, #5867 ) ;
#3213 = CARTESIAN_POINT ( 'NONE',  ( 2.500000000000000000, 0.7999999999999994893, 0.1800000000000000211 ) ) ;
#3214 = ADVANCED_FACE ( 'NONE', ( #5482 ), #1208, .T. ) ;
#3215 = AXIS2_PLACEMENT_3D ( 'NONE', #1335, #5052, #837 ) ;
#3216 = AXIS2_PLACEMENT_3D ( 'NONE', #2575, #4758, #6925 ) ;
#3217 = AXIS2_PLACEMENT_3D ( 'NONE', #3223, #4870, #5404 ) ;
#3218 = DIRECTION ( 'NONE',  ( 0.000000000000000000, 0.000000000000000000, -1.000000000000000000 ) ) ;
#3219 = VERTEX_POINT ( 'NONE', #6636 ) ;
#3220 = DIRECTION ( 'NONE',  ( 0.000000000000000000, 0.000000000000000000, -1.000000000000000000 ) ) ;
#3221 = VECTOR ( 'NONE', #2796, 1000.000000000000000 ) ;
#3222 = EDGE_CURVE ( 'NONE', #5110, #6292, #6096, .T. ) ;
#3223 = CARTESIAN_POINT ( 'NONE',  ( -2.469999999999999751, 2.469999999999999751, 0.000000000000000000 ) ) ;
#3224 = VECTOR ( 'NONE', #4958, 1000.000000000000000 ) ;
#3225 = AXIS2_PLACEMENT_3D ( 'NONE', #2530, #3622, #3565 ) ;
#3226 = CARTESIAN_POINT ( 'NONE',  ( -0.1500000000000021316, -1.949999999999999956, -0.02000000000000000042 ) ) ;
#3227 = CARTESIAN_POINT ( 'NONE',  ( 2.500000000000000000, 0.5000000000000002220, 0.1800000000000000211 ) ) ;
#3228 = EDGE_CURVE ( 'NONE', #5358, #2830, #6420, .T. ) ;
#3229 = ADVANCED_FACE ( 'NONE', ( #514 ), #4822, .F. ) ;
#3230 = VERTEX_POINT ( 'NONE', #4786 ) ;
#3231 = DIRECTION ( 'NONE',  ( 1.000000000000000000, 0.000000000000000000, 0.000000000000000000 ) ) ;
#3232 = VECTOR ( 'NONE', #1426, 1000.000000000000000 ) ;
#3233 = ORIENTED_EDGE ( 'NONE', *, *, #4256, .F. ) ;
#3234 = SURFACE_STYLE_FILL_AREA ( #5917 ) ;
#3235 = CLOSED_SHELL ( 'NONE', ( #5093, #6025, #3584, #5304, #564, #3368 ) ) ;
#3236 = CARTESIAN_POINT ( 'NONE',  ( 2.500000000000000000, -1.449999999999999734, -0.02000000000000000042 ) ) ;
#3237 = DIRECTION ( 'NONE',  ( 0.000000000000000000, 0.000000000000000000, 1.000000000000000000 ) ) ;
#3238 = CARTESIAN_POINT ( 'NONE',  ( 0.1499999999999995226, -1.949999999999999956, -0.02000000000000000042 ) ) ;
#3239 = ORIENTED_EDGE ( 'NONE', *, *, #5691, .F. ) ;
#3240 = VECTOR ( 'NONE', #2945, 1000.000000000000000 ) ;
#3241 = EDGE_CURVE ( 'NONE', #207, #4186, #6955, .T. ) ;
#3242 = DIRECTION ( 'NONE',  ( -1.000000000000000000, 0.000000000000000000, 0.000000000000000000 ) ) ;
#3243 = AXIS2_PLACEMENT_3D ( 'NONE', #653, #3242, #2809 ) ;
#3244 = VERTEX_POINT ( 'NONE', #78 ) ;
#3245 = DIRECTION ( 'NONE',  ( 1.000000000000000000, 0.000000000000000000, -0.000000000000000000 ) ) ;
#3246 = ORIENTED_EDGE ( 'NONE', *, *, #6390, .T. ) ;
#3247 = ORIENTED_EDGE ( 'NONE', *, *, #1124, .T. ) ;
#3248 = ORIENTED_EDGE ( 'NONE', *, *, #5425, .T. ) ;
#3249 = CARTESIAN_POINT ( 'NONE',  ( -1.450000000000002176, -1.949999999999999956, 0.1800000000000000211 ) ) ;
#3250 = VECTOR ( 'NONE', #4113, 1000.000000000000000 ) ;
#3251 = VERTEX_POINT ( 'NONE', #2234 ) ;
#3252 = FACE_OUTER_BOUND ( 'NONE', #2359, .T. ) ;
#3253 = DIRECTION ( 'NONE',  ( 1.000000000000000000, -7.885106708985480159E-16, 0.000000000000000000 ) ) ;
#3254 = CARTESIAN_POINT ( 'NONE',  ( 1.949999999999999956, 0.000000000000000000, 0.1800000000000000211 ) ) ;
#3255 = FACE_OUTER_BOUND ( 'NONE', #5396, .T. ) ;
#3256 = ORIENTED_EDGE ( 'NONE', *, *, #2793, .T. ) ;
#3257 = DIRECTION ( 'NONE',  ( 0.000000000000000000, -1.000000000000000000, 0.000000000000000000 ) ) ;
#3258 = ORIENTED_EDGE ( 'NONE', *, *, #5774, .T. ) ;
#3259 = PLANE ( 'NONE',  #377 ) ;
#3260 = DIRECTION ( 'NONE',  ( 0.000000000000000000, 0.000000000000000000, -1.000000000000000000 ) ) ;
#3261 = DIRECTION ( 'NONE',  ( -7.885106708985485090E-16, -1.000000000000000000, 0.000000000000000000 ) ) ;
#3262 = EDGE_CURVE ( 'NONE', #1806, #4665, #4411, .T. ) ;
#3263 = ORIENTED_EDGE ( 'NONE', *, *, #6817, .T. ) ;
#3264 = ORIENTED_EDGE ( 'NONE', *, *, #5776, .T. ) ;
#3265 = CARTESIAN_POINT ( 'NONE',  ( -2.500000000000000000, -1.149999999999999689, -0.02000000000000000042 ) ) ;
#3266 = DIRECTION ( 'NONE',  ( -0.000000000000000000, -0.000000000000000000, 1.000000000000000000 ) ) ;
#3267 = ADVANCED_FACE ( 'NONE', ( #4494 ), #4037, .F. ) ;
#3268 = EDGE_CURVE ( 'NONE', #4362, #937, #2942, .T. ) ;
#3269 = FACE_OUTER_BOUND ( 'NONE', #4812, .T. ) ;
#3270 = DIRECTION ( 'NONE',  ( -0.000000000000000000, 0.000000000000000000, 1.000000000000000000 ) ) ;
#3271 = CARTESIAN_POINT ( 'NONE',  ( 2.500000000000000000, -0.1499999999999997446, 0.1800000000000000211 ) ) ;
#3272 = ADVANCED_FACE ( 'NONE', ( #4599 ), #3020, .T. ) ;
#3273 = DIRECTION ( 'NONE',  ( 3.942553354492743531E-16, -1.000000000000000000, 0.000000000000000000 ) ) ;
#3274 = FACE_OUTER_BOUND ( 'NONE', #2821, .T. ) ;
#3275 = EDGE_LOOP ( 'NONE', ( #5409, #5654, #3828, #4823 ) ) ;
#3276 = SURFACE_STYLE_USAGE ( .BOTH. , #4288 ) ;
#3277 = DIRECTION ( 'NONE',  ( 1.000000000000000000, 0.000000000000000000, 0.000000000000000000 ) ) ;
#3278 = EDGE_CURVE ( 'NONE', #3929, #4056, #1942, .T. ) ;
#3279 = VECTOR ( 'NONE', #4598, 1000.000000000000000 ) ;
#3280 = VERTEX_POINT ( 'NONE', #714 ) ;
#3281 = ORIENTED_EDGE ( 'NONE', *, *, #5576, .F. ) ;
#3282 = LINE ( 'NONE', #6535, #1131 ) ;
#3283 = ORIENTED_EDGE ( 'NONE', *, *, #5656, .T. ) ;
#3284 = DIRECTION ( 'NONE',  ( -0.000000000000000000, -0.000000000000000000, -1.000000000000000000 ) ) ;
#3285 = CARTESIAN_POINT ( 'NONE',  ( -1.949999999999999956, 1.149999999999999911, 0.000000000000000000 ) ) ;
#3286 = DIRECTION ( 'NONE',  ( 0.000000000000000000, 0.000000000000000000, -1.000000000000000000 ) ) ;
#3287 = VERTEX_POINT ( 'NONE', #315 ) ;
#3288 = FACE_OUTER_BOUND ( 'NONE', #3995, .T. ) ;
#3289 = ORIENTED_EDGE ( 'NONE', *, *, #862, .T. ) ;
#3290 = CARTESIAN_POINT ( 'NONE',  ( 2.500000000000000000, 1.449999999999999512, 0.000000000000000000 ) ) ;
#3291 = DIRECTION ( 'NONE',  ( 1.000000000000000000, -0.000000000000000000, 0.000000000000000000 ) ) ;
#3292 = AXIS2_PLACEMENT_3D ( 'NONE', #3, #3891, #3746 ) ;
#3293 = LINE ( 'NONE', #1236, #4793 ) ;
#3294 = VECTOR ( 'NONE', #4263, 1000.000000000000000 ) ;
#3295 = VERTEX_POINT ( 'NONE', #6807 ) ;
#3296 = EDGE_LOOP ( 'NONE', ( #6445, #3119, #723, #4703 ) ) ;
#3297 =( NAMED_UNIT ( * ) SI_UNIT ( $, .STERADIAN. ) SOLID_ANGLE_UNIT ( ) );
#3298 = CARTESIAN_POINT ( 'NONE',  ( -0.8000000000000029310, -2.500000000000000000, 0.1800000000000000211 ) ) ;
#3299 = FACE_OUTER_BOUND ( 'NONE', #6315, .T. ) ;
#3300 = CARTESIAN_POINT ( 'NONE',  ( -1.949999999999999956, -1.449999999999999956, -0.02000000000000000042 ) ) ;
#3301 = LINE ( 'NONE', #2689, #5375 ) ;
#3302 = LINE ( 'NONE', #2158, #6144 ) ;
#3303 = EDGE_CURVE ( 'NONE', #4429, #1117, #5172, .T. ) ;
#3304 = CARTESIAN_POINT ( 'NONE',  ( 2.500000000000000000, -0.7999999999999997113, -0.02000000000000000042 ) ) ;
#3305 = ORIENTED_EDGE ( 'NONE', *, *, #1696, .F. ) ;
#3306 = CARTESIAN_POINT ( 'NONE',  ( 2.500000000000000000, -1.449999999999999734, 0.000000000000000000 ) ) ;
#3307 = FILL_AREA_STYLE ('',( #1636 ) ) ;
#3308 = MECHANICAL_DESIGN_GEOMETRIC_PRESENTATION_REPRESENTATION (  '', ( #4537 ), #1593 ) ;
#3309 = ORIENTED_EDGE ( 'NONE', *, *, #3944, .F. ) ;
#3310 = EDGE_CURVE ( 'NONE', #3353, #5554, #1418, .T. ) ;
#3311 = EDGE_CURVE ( 'NONE', #6677, #6455, #757, .T. ) ;
#3312 = VERTEX_POINT ( 'NONE', #6746 ) ;
#3313 = MECHANICAL_DESIGN_GEOMETRIC_PRESENTATION_REPRESENTATION (  '', ( #3199 ), #6822 ) ;
#3314 = CARTESIAN_POINT ( 'NONE',  ( 0.5000000000000000000, 2.500000000000000000, 0.1800000000000000211 ) ) ;
#3315 = EDGE_LOOP ( 'NONE', ( #5170, #5949, #6509, #2067 ) ) ;
#3316 = DIRECTION ( 'NONE',  ( -0.000000000000000000, 0.000000000000000000, 1.000000000000000000 ) ) ;
#3317 = DIRECTION ( 'NONE',  ( 3.942553354492743531E-16, 1.000000000000000000, 0.000000000000000000 ) ) ;
#3318 = CARTESIAN_POINT ( 'NONE',  ( 0.1499999999999995226, 1.949999999999999956, 0.1800000000000000488 ) ) ;
#3319 = AXIS2_PLACEMENT_3D ( 'NONE', #6366, #3544, #5306 ) ;
#3320 = EDGE_CURVE ( 'NONE', #4176, #1049, #2346, .T. ) ;
#3321 = PLANE ( 'NONE',  #2764 ) ;
#3322 = ORIENTED_EDGE ( 'NONE', *, *, #557, .F. ) ;
#3323 = VECTOR ( 'NONE', #6385, 1000.000000000000000 ) ;
#3324 = LINE ( 'NONE', #6998, #6015 ) ;
#3325 = ORIENTED_EDGE ( 'NONE', *, *, #4532, .T. ) ;
#3326 = FACE_OUTER_BOUND ( 'NONE', #5640, .T. ) ;
#3327 = DIRECTION ( 'NONE',  ( -1.000000000000000000, 0.000000000000000000, 0.000000000000000000 ) ) ;
#3328 = AXIS2_PLACEMENT_3D ( 'NONE', #5398, #6538, #4864 ) ;
#3330 = VECTOR ( 'NONE', #4487, 1000.000000000000000 ) ;
#3329 =( NAMED_UNIT ( * ) PLANE_ANGLE_UNIT ( ) SI_UNIT ( $, .RADIAN. ) );
#3331 = CARTESIAN_POINT ( 'NONE',  ( 1.949999999999999512, 0.7999999999999999334, -0.02000000000000000042 ) ) ;
#3332 = ORIENTED_EDGE ( 'NONE', *, *, #5543, .F. ) ;
#3333 = VECTOR ( 'NONE', #3369, 1000.000000000000000 ) ;
#3334 = VERTEX_POINT ( 'NONE', #1379 ) ;
#3335 = VECTOR ( 'NONE', #2423, 1000.000000000000000 ) ;
#3336 = COLOUR_RGB ( '',0.8039215686274510109, 0.8039215686274510109, 0.8039215686274510109 ) ;
#3337 = DIRECTION ( 'NONE',  ( 0.000000000000000000, 0.000000000000000000, 1.000000000000000000 ) ) ;
#3338 = CARTESIAN_POINT ( 'NONE',  ( 1.949999999999999956, 0.000000000000000000, -0.02000000000000000042 ) ) ;
#3339 = LINE ( 'NONE', #5642, #3568 ) ;
#3340 = CARTESIAN_POINT ( 'NONE',  ( 2.500000000000000000, -1.150000000000000355, 0.000000000000000000 ) ) ;
#3341 = AXIS2_PLACEMENT_3D ( 'NONE', #4925, #2870, #82 ) ;
#3342 = DIRECTION ( 'NONE',  ( -0.000000000000000000, -0.000000000000000000, 1.000000000000000000 ) ) ;
#3343 = LINE ( 'NONE', #4927, #261 ) ;
#3344 = ORIENTED_EDGE ( 'NONE', *, *, #2741, .F. ) ;
#3345 = AXIS2_PLACEMENT_3D ( 'NONE', #6097, #5032, #4461 ) ;
#3346 = CARTESIAN_POINT ( 'NONE',  ( -1.150000000000000355, -1.949999999999999956, 0.000000000000000000 ) ) ;
#3347 = EDGE_LOOP ( 'NONE', ( #5743, #6068, #5153, #2121 ) ) ;
#3348 = DIRECTION ( 'NONE',  ( 7.885106708985485090E-16, -1.000000000000000000, -0.000000000000000000 ) ) ;
#3349 = DIRECTION ( 'NONE',  ( -1.000000000000000000, -3.942553354492739094E-16, 0.000000000000000000 ) ) ;
#3350 =( LENGTH_UNIT ( ) NAMED_UNIT ( * ) SI_UNIT ( .MILLI., .METRE. ) );
#3351 = AXIS2_PLACEMENT_3D ( 'NONE', #4306, #6474, #6439 ) ;
#3352 = EDGE_LOOP ( 'NONE', ( #210, #2399, #3903, #772 ) ) ;
#3353 = VERTEX_POINT ( 'NONE', #6774 ) ;
#3354 = VECTOR ( 'NONE', #1134, 1000.000000000000000 ) ;
#3355 = DIRECTION ( 'NONE',  ( 1.000000000000000000, 0.000000000000000000, 0.000000000000000000 ) ) ;
#3356 = ORIENTED_EDGE ( 'NONE', *, *, #5182, .T. ) ;
#3357 = CARTESIAN_POINT ( 'NONE',  ( -0.8000000000000029310, -2.500000000000000000, 0.1800000000000000488 ) ) ;
#3358 = DIRECTION ( 'NONE',  ( 0.000000000000000000, 0.000000000000000000, -1.000000000000000000 ) ) ;
#3359 = DIRECTION ( 'NONE',  ( 1.000000000000000000, 0.000000000000000000, 0.000000000000000000 ) ) ;
#3360 = ADVANCED_FACE ( 'NONE', ( #6198 ), #6230, .F. ) ;
#3361 = DIRECTION ( 'NONE',  ( 1.000000000000000000, 3.942553354492739587E-16, 0.000000000000000000 ) ) ;
#3362 = ORIENTED_EDGE ( 'NONE', *, *, #892, .T. ) ;
#3363 = LINE ( 'NONE', #177, #3250 ) ;
#3364 = CARTESIAN_POINT ( 'NONE',  ( 2.500000000000000000, -0.7999999999999997113, -0.02000000000000000042 ) ) ;
#3365 = ORIENTED_EDGE ( 'NONE', *, *, #5742, .F. ) ;
#3366 = LINE ( 'NONE', #5514, #3662 ) ;
#3367 = DIRECTION ( 'NONE',  ( -0.000000000000000000, 1.000000000000000000, -0.000000000000000000 ) ) ;
#3368 = ADVANCED_FACE ( 'NONE', ( #5641 ), #5557, .T. ) ;
#3369 = DIRECTION ( 'NONE',  ( -0.000000000000000000, -0.000000000000000000, 1.000000000000000000 ) ) ;
#3370 = ORIENTED_EDGE ( 'NONE', *, *, #2534, .F. ) ;
#3371 = CARTESIAN_POINT ( 'NONE',  ( 1.449999999999999956, -2.500000000000000000, 0.1800000000000000488 ) ) ;
#3372 = DIRECTION ( 'NONE',  ( -0.000000000000000000, 0.000000000000000000, 1.000000000000000000 ) ) ;
#3373 = FACE_OUTER_BOUND ( 'NONE', #4874, .T. ) ;
#3374 = ORIENTED_EDGE ( 'NONE', *, *, #2174, .T. ) ;
#3375 = LINE ( 'NONE', #3408, #2325 ) ;
#3376 = LINE ( 'NONE', #760, #1628 ) ;
#3377 = EDGE_CURVE ( 'NONE', #6192, #3652, #1799, .T. ) ;
#3378 = DIRECTION ( 'NONE',  ( 0.000000000000000000, -0.000000000000000000, -1.000000000000000000 ) ) ;
#3379 = CARTESIAN_POINT ( 'NONE',  ( -2.500000000000000000, -1.149999999999999689, -0.02000000000000000042 ) ) ;
#3380 = CARTESIAN_POINT ( 'NONE',  ( -1.274999999999999689, 1.625000000000000222, 0.01000000000000000021 ) ) ;
#3381 = ORIENTED_EDGE ( 'NONE', *, *, #4040, .F. ) ;
#3382 = DIRECTION ( 'NONE',  ( -0.000000000000000000, -0.000000000000000000, 1.000000000000000000 ) ) ;
#3383 = CARTESIAN_POINT ( 'NONE',  ( -2.500000000000000000, 0.8000000000000001554, 0.1800000000000000211 ) ) ;
#3384 = VERTEX_POINT ( 'NONE', #4558 ) ;
#3385 = ORIENTED_EDGE ( 'NONE', *, *, #2008, .T. ) ;
#3386 = CARTESIAN_POINT ( 'NONE',  ( 2.500000000000000000, -0.5000000000000004441, 0.000000000000000000 ) ) ;
#3387 = ORIENTED_EDGE ( 'NONE', *, *, #2513, .F. ) ;
#3388 = FACE_OUTER_BOUND ( 'NONE', #2529, .T. ) ;
#3389 = CARTESIAN_POINT ( 'NONE',  ( -2.500000000000000000, 0.5000000000000002220, 0.1800000001139778760 ) ) ;
#3390 = EDGE_CURVE ( 'NONE', #1716, #546, #2451, .T. ) ;
#3391 = VECTOR ( 'NONE', #6361, 1000.000000000000000 ) ;
#3392 = DIRECTION ( 'NONE',  ( 1.000000000000000000, 0.000000000000000000, -0.000000000000000000 ) ) ;
#3393 = VERTEX_POINT ( 'NONE', #3510 ) ;
#3394 = ORIENTED_EDGE ( 'NONE', *, *, #5625, .T. ) ;
#3395 = CARTESIAN_POINT ( 'NONE',  ( -1.150000000000000355, 1.949999999999999956, 0.1800000000000000211 ) ) ;
#3396 = FACE_OUTER_BOUND ( 'NONE', #2215, .T. ) ;
#3397 = EDGE_LOOP ( 'NONE', ( #972, #5725, #2052, #4612 ) ) ;
#3398 = DIRECTION ( 'NONE',  ( 1.000000000000000000, 0.000000000000000000, 0.000000000000000000 ) ) ;
#3399 = EDGE_CURVE ( 'NONE', #1569, #2421, #855, .T. ) ;
#3400 = PLANE ( 'NONE',  #590 ) ;
#3401 = DIRECTION ( 'NONE',  ( 1.000000000000000000, -7.885106708985478187E-16, 0.000000000000000000 ) ) ;
#3402 = VERTEX_POINT ( 'NONE', #3960 ) ;
#3403 = VERTEX_POINT ( 'NONE', #3440 ) ;
#3404 = LINE ( 'NONE', #2450, #3279 ) ;
#3405 = EDGE_CURVE ( 'NONE', #3711, #2017, #5601, .T. ) ;
#3406 = CARTESIAN_POINT ( 'NONE',  ( -1.450000000000002842, -2.500000000000000000, -0.02000000000000000042 ) ) ;
#3407 =( GEOMETRIC_REPRESENTATION_CONTEXT ( 3 ) GLOBAL_UNCERTAINTY_ASSIGNED_CONTEXT ( ( #1988 ) ) GLOBAL_UNIT_ASSIGNED_CONTEXT ( ( #5309, #2594, #1556 ) ) REPRESENTATION_CONTEXT ( 'NONE', 'WORKASPACE' ) );
#3408 = CARTESIAN_POINT ( 'NONE',  ( 1.149999999999997025, -2.500000000000000000, -0.02000000000000000042 ) ) ;
#3409 = LINE ( 'NONE', #1211, #4342 ) ;
#3410 = DIRECTION ( 'NONE',  ( 0.000000000000000000, 1.000000000000000000, 0.000000000000000000 ) ) ;
#3411 = DIRECTION ( 'NONE',  ( 0.000000000000000000, 1.000000000000000000, 0.000000000000000000 ) ) ;
#3412 = LINE ( 'NONE', #762, #2068 ) ;
#3413 = EDGE_CURVE ( 'NONE', #574, #2396, #2377, .T. ) ;
#3414 = EDGE_CURVE ( 'NONE', #4862, #1123, #5134, .T. ) ;
#3415 = EDGE_LOOP ( 'NONE', ( #2180, #85, #76, #1998 ) ) ;
#3416 = DIRECTION ( 'NONE',  ( -0.000000000000000000, -0.000000000000000000, 1.000000000000000000 ) ) ;
#3417 = DIRECTION ( 'NONE',  ( -7.885106708985485090E-16, -1.000000000000000000, 0.000000000000000000 ) ) ;
#3418 =( NAMED_UNIT ( * ) PLANE_ANGLE_UNIT ( ) SI_UNIT ( $, .RADIAN. ) );
#3419 = ORIENTED_EDGE ( 'NONE', *, *, #1976, .T. ) ;
#3420 = ORIENTED_EDGE ( 'NONE', *, *, #2921, .F. ) ;
#3421 = VECTOR ( 'NONE', #6664, 1000.000000000000000 ) ;
#3422 = CARTESIAN_POINT ( 'NONE',  ( 1.625000000000000222, 1.625000000000000222, 0.000000000000000000 ) ) ;
#3423 = ORIENTED_EDGE ( 'NONE', *, *, #2663, .F. ) ;
#3424 = CARTESIAN_POINT ( 'NONE',  ( 1.149999999999999911, 1.949999999999999956, 0.000000000000000000 ) ) ;
#3425 = DIRECTION ( 'NONE',  ( -1.000000000000000000, 7.885106708985487062E-16, 0.000000000000000000 ) ) ;
#3426 = CARTESIAN_POINT ( 'NONE',  ( -2.500000000000000000, 2.500000000000000000, 0.000000000000000000 ) ) ;
#3427 = VECTOR ( 'NONE', #4368, 1000.000000000000000 ) ;
#3428 = ORIENTED_EDGE ( 'NONE', *, *, #2327, .T. ) ;
#3429 = ORIENTED_EDGE ( 'NONE', *, *, #4681, .F. ) ;
#3430 = LINE ( 'NONE', #5209, #6188 ) ;
#3431 = LINE ( 'NONE', #748, #589 ) ;
#3432 = ORIENTED_EDGE ( 'NONE', *, *, #1489, .T. ) ;
#3433 = CARTESIAN_POINT ( 'NONE',  ( 1.949999999999999512, 0.1499999999999999667, 0.1800000000000000211 ) ) ;
#3434 = EDGE_CURVE ( 'NONE', #2788, #2494, #4203, .T. ) ;
#3435 = FACE_OUTER_BOUND ( 'NONE', #4876, .T. ) ;
#3436 = DIRECTION ( 'NONE',  ( 7.885106708985487062E-16, -1.000000000000000000, 0.000000000000000000 ) ) ;
#3437 = VERTEX_POINT ( 'NONE', #452 ) ;
#3438 = EDGE_CURVE ( 'NONE', #3402, #1651, #1981, .T. ) ;
#3439 = FACE_OUTER_BOUND ( 'NONE', #312, .T. ) ;
#3440 = CARTESIAN_POINT ( 'NONE',  ( 1.949999999999999512, 0.5000000000000000000, 0.1800000001139778760 ) ) ;
#3441 = AXIS2_PLACEMENT_3D ( 'NONE', #3465, #3035, #6724 ) ;
#3442 = VECTOR ( 'NONE', #5734, 1000.000000000000000 ) ;
#3443 = VECTOR ( 'NONE', #7000, 1000.000000000000000 ) ;
#3444 = CARTESIAN_POINT ( 'NONE',  ( 1.149999999999997913, -1.949999999999999956, -0.02000000000000000042 ) ) ;
#3445 = PLANE ( 'NONE',  #2543 ) ;
#3446 = DIRECTION ( 'NONE',  ( 3.942553354492743531E-16, 1.000000000000000000, 0.000000000000000000 ) ) ;
#3447 = ADVANCED_FACE ( 'NONE', ( #2552 ), #3122, .F. ) ;
#3448 = EDGE_CURVE ( 'NONE', #2498, #266, #2122, .T. ) ;
#3449 = VECTOR ( 'NONE', #1695, 1000.000000000000000 ) ;
#3450 = ORIENTED_EDGE ( 'NONE', *, *, #4414, .F. ) ;
#3451 = VECTOR ( 'NONE', #6038, 1000.000000000000000 ) ;
#3452 = FILL_AREA_STYLE_COLOUR ( '', #4984 ) ;
#3453 = VECTOR ( 'NONE', #3410, 1000.000000000000000 ) ;
#3454 = ORIENTED_EDGE ( 'NONE', *, *, #4083, .T. ) ;
#3455 = CARTESIAN_POINT ( 'NONE',  ( -1.869999999999999440, 2.069999999999999840, 0.7699999999999999067 ) ) ;
#3456 = LINE ( 'NONE', #5532, #6379 ) ;
#3457 = AXIS2_PLACEMENT_3D ( 'NONE', #6707, #2379, #3483 ) ;
#3458 = FILL_AREA_STYLE ('',( #3519 ) ) ;
#3459 = EDGE_CURVE ( 'NONE', #1841, #4687, #5808, .T. ) ;
#3460 = ORIENTED_EDGE ( 'NONE', *, *, #3536, .F. ) ;
#3461 = EDGE_LOOP ( 'NONE', ( #5814, #4369, #6568, #3080 ) ) ;
#3462 = PLANE ( 'NONE',  #4620 ) ;
#3463 = EDGE_LOOP ( 'NONE', ( #4068, #5420, #2998, #666 ) ) ;
#3464 =( NAMED_UNIT ( * ) PLANE_ANGLE_UNIT ( ) SI_UNIT ( $, .RADIAN. ) );
#3465 = CARTESIAN_POINT ( 'NONE',  ( 0.000000000000000000, 0.6500000000000000222, 0.1800000000000000211 ) ) ;
#3466 = CARTESIAN_POINT ( 'NONE',  ( 2.500000000000000000, -1.449999999999999734, -0.02000000000000000042 ) ) ;
#3467 = PLANE ( 'NONE',  #1081 ) ;
#3468 = ADVANCED_FACE ( 'NONE', ( #6436 ), #4666, .F. ) ;
#3469 = VERTEX_POINT ( 'NONE', #6363 ) ;
#3470 = VERTEX_POINT ( 'NONE', #6933 ) ;
#3471 = CARTESIAN_POINT ( 'NONE',  ( -1.149999999999999911, -2.500000000000000000, -0.02000000000000000042 ) ) ;
#3472 = ORIENTED_EDGE ( 'NONE', *, *, #521, .F. ) ;
#3473 = LINE ( 'NONE', #5633, #5356 ) ;
#3474 = PLANE ( 'NONE',  #1317 ) ;
#3475 = CARTESIAN_POINT ( 'NONE',  ( -1.274999999999999689, 1.625000000000000222, 0.000000000000000000 ) ) ;
#3476 = FACE_OUTER_BOUND ( 'NONE', #3642, .T. ) ;
#3477 = CIRCLE ( 'NONE', #5627, 0.03000000000000007869 ) ;
#3478 = ORIENTED_EDGE ( 'NONE', *, *, #5127, .F. ) ;
#3479 = CARTESIAN_POINT ( 'NONE',  ( 0.4999999999999978351, -1.949999999999999956, -0.02000000000000000042 ) ) ;
#3480 = ORIENTED_EDGE ( 'NONE', *, *, #3222, .F. ) ;
#3481 = DIRECTION ( 'NONE',  ( 1.000000000000000000, 3.942553354492742545E-16, 0.000000000000000000 ) ) ;
#3482 = FACE_OUTER_BOUND ( 'NONE', #2673, .T. ) ;
#3483 = DIRECTION ( 'NONE',  ( -1.000000000000000000, 7.885106708985479173E-16, 0.000000000000000000 ) ) ;
#3484 = DIRECTION ( 'NONE',  ( 0.000000000000000000, 0.000000000000000000, 1.000000000000000000 ) ) ;
#3485 = DIRECTION ( 'NONE',  ( 3.942553354492739587E-16, -1.000000000000000000, 0.000000000000000000 ) ) ;
#3486 = ORIENTED_EDGE ( 'NONE', *, *, #5912, .T. ) ;
#3487 = CARTESIAN_POINT ( 'NONE',  ( 1.949999999999999512, -0.5000000000000000000, 0.000000000000000000 ) ) ;
#3488 = ADVANCED_FACE ( 'NONE', ( #3578 ), #912, .F. ) ;
#3489 = EDGE_CURVE ( 'NONE', #4094, #6292, #4766, .T. ) ;
#3490 = ORIENTED_EDGE ( 'NONE', *, *, #1454, .F. ) ;
#3491 = CARTESIAN_POINT ( 'NONE',  ( -0.7999999999999999334, 1.949999999999999956, 0.1800000000000000211 ) ) ;
#3492 = SURFACE_STYLE_FILL_AREA ( #3458 ) ;
#3493 = ORIENTED_EDGE ( 'NONE', *, *, #5740, .F. ) ;
#3494 = ORIENTED_EDGE ( 'NONE', *, *, #1374, .F. ) ;
#3495 = EDGE_CURVE ( 'NONE', #4867, #6732, #951, .T. ) ;
#3496 = LINE ( 'NONE', #6654, #100 ) ;
#3497 = ADVANCED_FACE ( 'NONE', ( #4239 ), #3047, .F. ) ;
#3498 = ORIENTED_EDGE ( 'NONE', *, *, #3784, .F. ) ;
#3499 = LINE ( 'NONE', #4580, #6160 ) ;
#3500 = DIRECTION ( 'NONE',  ( -7.885106708985487062E-16, -1.000000000000000000, 0.000000000000000000 ) ) ;
#3501 = ORIENTED_EDGE ( 'NONE', *, *, #6950, .F. ) ;
#3502 = CARTESIAN_POINT ( 'NONE',  ( 0.5000000000000000000, 2.500000000000000000, -0.02000000000000000042 ) ) ;
#3503 = ADVANCED_FACE ( 'NONE', ( #1448 ), #3154, .F. ) ;
#3504 = VERTEX_POINT ( 'NONE', #3678 ) ;
#3505 = CARTESIAN_POINT ( 'NONE',  ( -2.469999999999999751, -2.500000000000000000, 0.7500000000000000000 ) ) ;
#3506 = CARTESIAN_POINT ( 'NONE',  ( 1.949999999999999512, 1.149999999999999911, 0.1800000001139778760 ) ) ;
#3507 = CARTESIAN_POINT ( 'NONE',  ( -2.469999999999999751, -2.500000000000000000, 0.000000000000000000 ) ) ;
#3508 = ORIENTED_EDGE ( 'NONE', *, *, #3311, .F. ) ;
#3509 = FACE_OUTER_BOUND ( 'NONE', #6323, .T. ) ;
#3510 = CARTESIAN_POINT ( 'NONE',  ( 1.949999999999999512, -1.149999999999999911, 0.1800000000000000211 ) ) ;
#3511 = DIRECTION ( 'NONE',  ( -0.000000000000000000, -0.000000000000000000, -1.000000000000000000 ) ) ;
#3512 = LINE ( 'NONE', #822, #6167 ) ;
#3513 = PLANE ( 'NONE',  #1155 ) ;
#3514 = EDGE_LOOP ( 'NONE', ( #6964, #337, #4235, #50 ) ) ;
#3515 = SURFACE_STYLE_FILL_AREA ( #4607 ) ;
#3516 = ORIENTED_EDGE ( 'NONE', *, *, #3187, .T. ) ;
#3517 = CARTESIAN_POINT ( 'NONE',  ( 1.149999999999999911, 2.500000000000000000, 0.1800000000000000488 ) ) ;
#3518 = DIRECTION ( 'NONE',  ( -1.000000000000000000, 0.000000000000000000, 0.000000000000000000 ) ) ;
#3519 = FILL_AREA_STYLE_COLOUR ( '', #1150 ) ;
#3520 = VERTEX_POINT ( 'NONE', #6405 ) ;
#3521 = VECTOR ( 'NONE', #3355, 1000.000000000000000 ) ;
#3522 = ORIENTED_EDGE ( 'NONE', *, *, #549, .T. ) ;
#3523 = CARTESIAN_POINT ( 'NONE',  ( 2.499999999999999556, 2.470000000000000195, 0.000000000000000000 ) ) ;
#3524 = ORIENTED_EDGE ( 'NONE', *, *, #4398, .F. ) ;
#3525 = SURFACE_STYLE_USAGE ( .BOTH. , #5661 ) ;
#3526 = CARTESIAN_POINT ( 'NONE',  ( -2.500000000000000000, -0.4999999999999997780, 0.1800000000000000211 ) ) ;
#3527 = EDGE_CURVE ( 'NONE', #2, #6421, #4172, .T. ) ;
#3528 = EDGE_CURVE ( 'NONE', #5739, #574, #2650, .T. ) ;
#3529 = VERTEX_POINT ( 'NONE', #3602 ) ;
#3530 = DIRECTION ( 'NONE',  ( 1.000000000000000000, 0.000000000000000000, 0.000000000000000000 ) ) ;
#3531 = ORIENTED_EDGE ( 'NONE', *, *, #4378, .T. ) ;
#3532 = DIRECTION ( 'NONE',  ( -1.000000000000000000, 0.000000000000000000, 0.000000000000000000 ) ) ;
#3533 = CARTESIAN_POINT ( 'NONE',  ( -2.500000000000000000, -0.4999999999999997780, 0.1800000000000000211 ) ) ;
#3534 = CARTESIAN_POINT ( 'NONE',  ( 2.469999999999998863, 2.500000000000000000, 0.7800000000000000266 ) ) ;
#3535 = VECTOR ( 'NONE', #5126, 1000.000000000000000 ) ;
#3536 = EDGE_CURVE ( 'NONE', #2426, #4647, #382, .T. ) ;
#3537 = ORIENTED_EDGE ( 'NONE', *, *, #2756, .T. ) ;
#3538 = ORIENTED_EDGE ( 'NONE', *, *, #2174, .F. ) ;
#3539 = PLANE ( 'NONE',  #4174 ) ;
#3540 = DIRECTION ( 'NONE',  ( 1.000000000000000000, -7.885106708985480159E-16, 0.000000000000000000 ) ) ;
#3541 = VECTOR ( 'NONE', #2321, 1000.000000000000000 ) ;
#3542 = CARTESIAN_POINT ( 'NONE',  ( 1.949999999999999512, -0.7999999999999999334, -0.02000000000000000042 ) ) ;
#3543 = LINE ( 'NONE', #5714, #72 ) ;
#3544 = DIRECTION ( 'NONE',  ( 0.000000000000000000, 1.000000000000000000, 0.000000000000000000 ) ) ;
#3545 = EDGE_CURVE ( 'NONE', #6723, #1434, #3637, .T. ) ;
#3546 =( GEOMETRIC_REPRESENTATION_CONTEXT ( 3 ) GLOBAL_UNCERTAINTY_ASSIGNED_CONTEXT ( ( #4813 ) ) GLOBAL_UNIT_ASSIGNED_CONTEXT ( ( #4642, #2058, #922 ) ) REPRESENTATION_CONTEXT ( 'NONE', 'WORKASPACE' ) );
#3547 = ORIENTED_EDGE ( 'NONE', *, *, #2838, .F. ) ;
#3548 = PLANE ( 'NONE',  #5898 ) ;
#3549 = VECTOR ( 'NONE', #5179, 1000.000000000000000 ) ;
#3550 = AXIS2_PLACEMENT_3D ( 'NONE', #6169, #4065, #1348 ) ;
#3551 = DIRECTION ( 'NONE',  ( 0.000000000000000000, 0.000000000000000000, -1.000000000000000000 ) ) ;
#3552 = CARTESIAN_POINT ( 'NONE',  ( 2.500000000000000000, 0.5000000000000002220, 0.1800000001139778760 ) ) ;
#3553 = SURFACE_STYLE_USAGE ( .BOTH. , #1388 ) ;
#3554 = VECTOR ( 'NONE', #5968, 1000.000000000000000 ) ;
#3555 = VECTOR ( 'NONE', #842, 1000.000000000000000 ) ;
#3556 = VECTOR ( 'NONE', #3008, 1000.000000000000000 ) ;
#3557 = ORIENTED_EDGE ( 'NONE', *, *, #5145, .T. ) ;
#3558 = DIRECTION ( 'NONE',  ( 1.000000000000000000, 0.000000000000000000, 0.000000000000000000 ) ) ;
#3559 = VECTOR ( 'NONE', #1115, 1000.000000000000000 ) ;
#3560 = ORIENTED_EDGE ( 'NONE', *, *, #370, .T. ) ;
#3561 = CARTESIAN_POINT ( 'NONE',  ( -0.1500000000000021316, -1.949999999999999956, 0.1800000000000000211 ) ) ;
#3562 = AXIS2_PLACEMENT_3D ( 'NONE', #1921, #6785, #4047 ) ;
#3563 = ORIENTED_EDGE ( 'NONE', *, *, #1327, .F. ) ;
#3564 = EDGE_CURVE ( 'NONE', #5544, #2995, #4737, .T. ) ;
#3565 = DIRECTION ( 'NONE',  ( -7.885106708985485090E-16, 1.000000000000000000, 0.000000000000000000 ) ) ;
#3566 = EDGE_CURVE ( 'NONE', #3975, #30, #139, .T. ) ;
#3567 = LINE ( 'NONE', #873, #2989 ) ;
#3568 = VECTOR ( 'NONE', #3851, 1000.000000000000000 ) ;
#3569 = CARTESIAN_POINT ( 'NONE',  ( -0.8000000000000029310, -2.500000000000000000, 0.000000000000000000 ) ) ;
#3570 = ORIENTED_EDGE ( 'NONE', *, *, #151, .T. ) ;
#3571 = DIRECTION ( 'NONE',  ( 1.000000000000000000, 3.942553354492742545E-16, 0.000000000000000000 ) ) ;
#3572 = SURFACE_STYLE_USAGE ( .BOTH. , #3173 ) ;
#3573 = CYLINDRICAL_SURFACE ( 'NONE', #5717, 0.03000000000000007869 ) ;
#3574 = ORIENTED_EDGE ( 'NONE', *, *, #2773, .T. ) ;
#3575 = ORIENTED_EDGE ( 'NONE', *, *, #2623, .F. ) ;
#3576 = LINE ( 'NONE', #314, #2483 ) ;
#3577 = VERTEX_POINT ( 'NONE', #2259 ) ;
#3578 = FACE_OUTER_BOUND ( 'NONE', #6515, .T. ) ;
#3579 = ADVANCED_FACE ( 'NONE', ( #2791 ), #69, .T. ) ;
#3580 = FACE_OUTER_BOUND ( 'NONE', #4644, .T. ) ;
#3581 = ORIENTED_EDGE ( 'NONE', *, *, #940, .T. ) ;
#3582 = CARTESIAN_POINT ( 'NONE',  ( 2.500000000000000000, 1.449999999999999512, 0.1800000000000000211 ) ) ;
#3583 = VECTOR ( 'NONE', #4077, 1000.000000000000000 ) ;
#3584 = ADVANCED_FACE ( 'NONE', ( #1578 ), #3259, .F. ) ;
#3585 = LINE ( 'NONE', #2596, #6279 ) ;
#3586 = DIRECTION ( 'NONE',  ( -1.000000000000000000, -3.942553354492739094E-16, 0.000000000000000000 ) ) ;
#3587 = LINE ( 'NONE', #4282, #2891 ) ;
#3588 = ORIENTED_EDGE ( 'NONE', *, *, #6288, .T. ) ;
#3589 = CARTESIAN_POINT ( 'NONE',  ( 0.7999999999999999334, 2.500000000000000000, 0.1800000000000000211 ) ) ;
#3590 = ORIENTED_EDGE ( 'NONE', *, *, #441, .F. ) ;
#3591 = DIRECTION ( 'NONE',  ( 1.000000000000000000, 0.000000000000000000, 0.000000000000000000 ) ) ;
#3592 = ORIENTED_EDGE ( 'NONE', *, *, #5655, .F. ) ;
#3593 = FACE_OUTER_BOUND ( 'NONE', #3063, .T. ) ;
#3594 = CARTESIAN_POINT ( 'NONE',  ( 0.4999999999999970024, -2.500000000000000000, 0.000000000000000000 ) ) ;
#3595 = VERTEX_POINT ( 'NONE', #4446 ) ;
#3596 = PLANE ( 'NONE',  #2311 ) ;
#3597 = CARTESIAN_POINT ( 'NONE',  ( 0.000000000000000000, 0.000000000000000000, -0.02000000000000000042 ) ) ;
#3598 = DIRECTION ( 'NONE',  ( 1.000000000000000000, 0.000000000000000000, 0.000000000000000000 ) ) ;
#3599 = ORIENTED_EDGE ( 'NONE', *, *, #1016, .T. ) ;
#3600 = CARTESIAN_POINT ( 'NONE',  ( -0.8000000000000020428, -1.949999999999999956, 0.1800000000000000211 ) ) ;
#3601 = ORIENTED_EDGE ( 'NONE', *, *, #6611, .F. ) ;
#3602 = CARTESIAN_POINT ( 'NONE',  ( -1.949999999999999956, 0.5000000000000000000, -0.02000000000000000042 ) ) ;
#3603 = DIRECTION ( 'NONE',  ( -3.942553354492740080E-16, 1.000000000000000000, 0.000000000000000000 ) ) ;
#3604 = FACE_OUTER_BOUND ( 'NONE', #5380, .T. ) ;
#3605 = PLANE ( 'NONE',  #292 ) ;
#3606 = EDGE_CURVE ( 'NONE', #22, #4022, #4840, .T. ) ;
#3607 = ADVANCED_FACE ( 'NONE', ( #6510 ), #2150, .F. ) ;
#3608 = EDGE_CURVE ( 'NONE', #3098, #1307, #6470, .T. ) ;
#3609 = EDGE_LOOP ( 'NONE', ( #6362, #6433, #1675, #5186 ) ) ;
#3610 = SURFACE_STYLE_USAGE ( .BOTH. , #6370 ) ;
#3611 = UNCERTAINTY_MEASURE_WITH_UNIT (LENGTH_MEASURE( 1.000000000000000082E-05 ), #4252, 'distance_accuracy_value', 'NONE');
#3612 = PLANE ( 'NONE',  #4016 ) ;
#3613 = CARTESIAN_POINT ( 'NONE',  ( 0.4999999999999978351, -1.949999999999999956, 0.000000000000000000 ) ) ;
#3614 = CARTESIAN_POINT ( 'NONE',  ( 1.449999999999999512, -1.949999999999999956, 0.1800000000000000488 ) ) ;
#3615 = DIRECTION ( 'NONE',  ( 7.885106708985485090E-16, -1.000000000000000000, -0.000000000000000000 ) ) ;
#3616 = EDGE_LOOP ( 'NONE', ( #3283, #3019, #2335, #6727 ) ) ;
#3617 = ADVANCED_FACE ( 'NONE', ( #1090 ), #1607, .T. ) ;
#3618 = DIRECTION ( 'NONE',  ( 1.000000000000000000, 3.942553354492739587E-16, 0.000000000000000000 ) ) ;
#3619 = ORIENTED_EDGE ( 'NONE', *, *, #5918, .T. ) ;
#3620 = LINE ( 'NONE', #6890, #5791 ) ;
#3621 = EDGE_LOOP ( 'NONE', ( #2038, #6347, #817, #6918 ) ) ;
#3622 = DIRECTION ( 'NONE',  ( 1.000000000000000000, 7.885106708985485090E-16, -0.000000000000000000 ) ) ;
#3623 = CARTESIAN_POINT ( 'NONE',  ( 2.500000000000000000, 1.449999999999999512, 0.000000000000000000 ) ) ;
#3624 = VERTEX_POINT ( 'NONE', #5950 ) ;
#3625 = MECHANICAL_DESIGN_GEOMETRIC_PRESENTATION_REPRESENTATION (  '', ( #4298 ), #1480 ) ;
#3626 = CARTESIAN_POINT ( 'NONE',  ( 1.949999999999999512, -1.149999999999999911, 0.1800000000002910383 ) ) ;
#3627 = ORIENTED_EDGE ( 'NONE', *, *, #123, .T. ) ;
#3628 = CARTESIAN_POINT ( 'NONE',  ( 2.500000000000000000, 1.150000000000000133, 0.000000000000000000 ) ) ;
#3629 = DIRECTION ( 'NONE',  ( -1.000000000000000000, 0.000000000000000000, -0.000000000000000000 ) ) ;
#3630 = PLANE ( 'NONE',  #2648 ) ;
#3631 = ORIENTED_EDGE ( 'NONE', *, *, #5912, .F. ) ;
#3632 = ORIENTED_EDGE ( 'NONE', *, *, #3674, .F. ) ;
#3633 = EDGE_CURVE ( 'NONE', #3312, #1569, #6051, .T. ) ;
#3634 = DIRECTION ( 'NONE',  ( -0.000000000000000000, -0.000000000000000000, -1.000000000000000000 ) ) ;
#3635 = ORIENTED_EDGE ( 'NONE', *, *, #6426, .F. ) ;
#3636 = AXIS2_PLACEMENT_3D ( 'NONE', #3808, #4944, #4336 ) ;
#3637 = LINE ( 'NONE', #420, #6261 ) ;
#3638 = ADVANCED_FACE ( 'NONE', ( #3326 ), #1053, .F. ) ;
#3639 = AXIS2_PLACEMENT_3D ( 'NONE', #2403, #4983, #4448 ) ;
#3640 = LINE ( 'NONE', #4066, #2165 ) ;
#3641 = DIRECTION ( 'NONE',  ( -1.000000000000000000, 0.000000000000000000, -0.000000000000000000 ) ) ;
#3642 = EDGE_LOOP ( 'NONE', ( #2191, #6290, #659, #246 ) ) ;
#3643 = STYLED_ITEM ( 'NONE', ( #3165 ), #6642 ) ;
#3644 = CARTESIAN_POINT ( 'NONE',  ( 1.949999999999999512, -1.449999999999999956, -0.02000000000000000042 ) ) ;
#3645 = EDGE_CURVE ( 'NONE', #437, #1315, #5476, .T. ) ;
#3646 = PLANE ( 'NONE',  #952 ) ;
#3647 = EDGE_CURVE ( 'NONE', #5338, #6142, #4443, .T. ) ;
#3648 = FACE_OUTER_BOUND ( 'NONE', #5729, .T. ) ;
#3649 = SURFACE_SIDE_STYLE ('',( #6343 ) ) ;
#3650 = VECTOR ( 'NONE', #191, 1000.000000000000000 ) ;
#3651 = EDGE_CURVE ( 'NONE', #6923, #5233, #1684, .T. ) ;
#3652 = VERTEX_POINT ( 'NONE', #1199 ) ;
#3653 = AXIS2_PLACEMENT_3D ( 'NONE', #4633, #1273, #2865 ) ;
#3654 = DIRECTION ( 'NONE',  ( 1.000000000000000000, 3.942553354492742545E-16, 0.000000000000000000 ) ) ;
#3655 = EDGE_LOOP ( 'NONE', ( #5472, #6896, #1818, #676 ) ) ;
#3656 = LINE ( 'NONE', #2665, #2641 ) ;
#3657 = ORIENTED_EDGE ( 'NONE', *, *, #2515, .T. ) ;
#3658 = LINE ( 'NONE', #6794, #849 ) ;
#3659 = DIRECTION ( 'NONE',  ( -0.000000000000000000, -0.000000000000000000, 1.000000000000000000 ) ) ;
#3660 = EDGE_CURVE ( 'NONE', #39, #4392, #3366, .T. ) ;
#3661 = VECTOR ( 'NONE', #4162, 1000.000000000000000 ) ;
#3662 = VECTOR ( 'NONE', #5980, 1000.000000000000000 ) ;
#3663 = VECTOR ( 'NONE', #6307, 1000.000000000000000 ) ;
#3664 = VECTOR ( 'NONE', #4382, 1000.000000000000000 ) ;
#3665 = AXIS2_PLACEMENT_3D ( 'NONE', #5835, #5156, #1929 ) ;
#3666 = LINE ( 'NONE', #6826, #2759 ) ;
#3667 = ORIENTED_EDGE ( 'NONE', *, *, #3310, .T. ) ;
#3668 = CARTESIAN_POINT ( 'NONE',  ( -2.469999999999999751, -2.469999999999999751, 0.7800000000000000266 ) ) ;
#3669 = AXIS2_PLACEMENT_3D ( 'NONE', #4130, #3071, #982 ) ;
#3670 = DIRECTION ( 'NONE',  ( 0.000000000000000000, 0.000000000000000000, -1.000000000000000000 ) ) ;
#3671 = AXIS2_PLACEMENT_3D ( 'NONE', #6206, #3054, #4178 ) ;
#3672 = DIRECTION ( 'NONE',  ( 1.000000000000000000, -7.885106708985480159E-16, 0.000000000000000000 ) ) ;
#3673 = ORIENTED_EDGE ( 'NONE', *, *, #4019, .F. ) ;
#3674 = EDGE_CURVE ( 'NONE', #6623, #1377, #1652, .T. ) ;
#3675 = ORIENTED_EDGE ( 'NONE', *, *, #3799, .F. ) ;
#3676 = PLANE ( 'NONE',  #6469 ) ;
#3677 = ORIENTED_EDGE ( 'NONE', *, *, #2695, .T. ) ;
#3678 = CARTESIAN_POINT ( 'NONE',  ( -2.270000000000000018, 2.069999999999999840, 0.7699999999999999067 ) ) ;
#3679 = CARTESIAN_POINT ( 'NONE',  ( -2.500000000000000000, -1.149999999999999689, 0.1800000001139778760 ) ) ;
#3680 = CARTESIAN_POINT ( 'NONE',  ( 1.300000000000000044, 0.000000000000000000, 0.1800000000000000211 ) ) ;
#3681 = FACE_OUTER_BOUND ( 'NONE', #2507, .T. ) ;
#3682 = ORIENTED_EDGE ( 'NONE', *, *, #4297, .F. ) ;
#3683 = CIRCLE ( 'NONE', #638, 0.2000000000000003164 ) ;
#3684 = PRESENTATION_STYLE_ASSIGNMENT (( #348 ) ) ;
#3685 = UNCERTAINTY_MEASURE_WITH_UNIT (LENGTH_MEASURE( 1.000000000000000082E-05 ), #2918, 'distance_accuracy_value', 'NONE');
#3686 = CARTESIAN_POINT ( 'NONE',  ( -2.270000000000000018, 2.069999999999999840, 0.7800000000000000266 ) ) ;
#3687 = LINE ( 'NONE', #5311, #4794 ) ;
#3688 = LINE ( 'NONE', #1526, #630 ) ;
#3689 = PLANE ( 'NONE',  #1602 ) ;
#3690 = VERTEX_POINT ( 'NONE', #1120 ) ;
#3691 = ORIENTED_EDGE ( 'NONE', *, *, #1535, .F. ) ;
#3692 = EDGE_CURVE ( 'NONE', #3334, #1782, #5437, .T. ) ;
#3693 = EDGE_CURVE ( 'NONE', #2149, #3697, #2225, .T. ) ;
#3694 = EDGE_CURVE ( 'NONE', #2830, #5317, #309, .T. ) ;
#3695 = CARTESIAN_POINT ( 'NONE',  ( -0.1500000000000021316, -1.949999999999999956, -0.02000000000000000042 ) ) ;
#3696 = DIRECTION ( 'NONE',  ( 0.000000000000000000, 0.000000000000000000, 1.000000000000000000 ) ) ;
#3697 = VERTEX_POINT ( 'NONE', #5090 ) ;
#3698 = DIRECTION ( 'NONE',  ( 1.000000000000000000, 0.000000000000000000, 0.000000000000000000 ) ) ;
#3699 = FILL_AREA_STYLE ('',( #2635 ) ) ;
#3700 = ORIENTED_EDGE ( 'NONE', *, *, #6669, .F. ) ;
#3701 = EDGE_CURVE ( 'NONE', #1182, #4952, #704, .T. ) ;
#3702 = ORIENTED_EDGE ( 'NONE', *, *, #774, .T. ) ;
#3703 = CARTESIAN_POINT ( 'NONE',  ( -1.450000000000002398, -2.500000000000000000, 0.000000000000000000 ) ) ;
#3704 = ORIENTED_EDGE ( 'NONE', *, *, #767, .F. ) ;
#3705 = DIRECTION ( 'NONE',  ( 0.000000000000000000, 0.000000000000000000, -1.000000000000000000 ) ) ;
#3706 = DIRECTION ( 'NONE',  ( -7.885106708985485090E-16, -1.000000000000000000, 0.000000000000000000 ) ) ;
#3707 = ADVANCED_FACE ( 'NONE', ( #4031 ), #1341, .F. ) ;
#3708 = ORIENTED_EDGE ( 'NONE', *, *, #2607, .T. ) ;
#3709 = ORIENTED_EDGE ( 'NONE', *, *, #6557, .T. ) ;
#3710 = LINE ( 'NONE', #1979, #4509 ) ;
#3711 = VERTEX_POINT ( 'NONE', #3433 ) ;
#3712 = CARTESIAN_POINT ( 'NONE',  ( -2.500000000000000000, 0.8000000000000001554, 0.1800000000000000211 ) ) ;
#3713 = DIRECTION ( 'NONE',  ( 1.000000000000000000, -3.942553354492742545E-16, 0.000000000000000000 ) ) ;
#3714 = SHAPE_DEFINITION_REPRESENTATION ( #6780, #2334 ) ;
#3715 = DIRECTION ( 'NONE',  ( 0.000000000000000000, 0.000000000000000000, 1.000000000000000000 ) ) ;
#3716 = ORIENTED_EDGE ( 'NONE', *, *, #5432, .F. ) ;
#3717 =( NAMED_UNIT ( * ) PLANE_ANGLE_UNIT ( ) SI_UNIT ( $, .RADIAN. ) );
#3718 = DIRECTION ( 'NONE',  ( 7.885106708985487062E-16, -1.000000000000000000, 0.000000000000000000 ) ) ;
#3719 = LINE ( 'NONE', #3819, #3767 ) ;
#3720 = DIRECTION ( 'NONE',  ( 0.000000000000000000, 0.000000000000000000, -1.000000000000000000 ) ) ;
#3721 = VERTEX_POINT ( 'NONE', #3505 ) ;
#3722 = CARTESIAN_POINT ( 'NONE',  ( -1.449999999999999956, 2.500000000000000000, 0.1800000000000000211 ) ) ;
#3723 = CARTESIAN_POINT ( 'NONE',  ( -0.1499999999999999667, 1.949999999999999956, 0.1800000000000000211 ) ) ;
#3724 = ORIENTED_EDGE ( 'NONE', *, *, #1922, .T. ) ;
#3725 = CARTESIAN_POINT ( 'NONE',  ( 1.949999999999999512, 0.7999999999999999334, -0.02000000000000000042 ) ) ;
#3726 = ORIENTED_EDGE ( 'NONE', *, *, #2695, .F. ) ;
#3727 = PLANE ( 'NONE',  #1852 ) ;
#3728 = VECTOR ( 'NONE', #5858, 1000.000000000000000 ) ;
#3729 = ORIENTED_EDGE ( 'NONE', *, *, #110, .T. ) ;
#3730 = DIRECTION ( 'NONE',  ( 0.000000000000000000, -1.000000000000000000, 0.000000000000000000 ) ) ;
#3731 = ADVANCED_FACE ( 'NONE', ( #750 ), #6768, .F. ) ;
#3732 = ADVANCED_FACE ( 'NONE', ( #6733 ), #4060, .F. ) ;
#3733 = VECTOR ( 'NONE', #1028, 1000.000000000000000 ) ;
#3734 = LINE ( 'NONE', #27, #4696 ) ;
#3735 = ORIENTED_EDGE ( 'NONE', *, *, #4906, .F. ) ;
#3736 = AXIS2_PLACEMENT_3D ( 'NONE', #6498, #1641, #5971 ) ;
#3737 = CARTESIAN_POINT ( 'NONE',  ( -1.949999999999999956, 1.450000000000000400, -0.02000000000000000042 ) ) ;
#3738 = EDGE_LOOP ( 'NONE', ( #3957, #1502, #2003, #6487 ) ) ;
#3739 = DIRECTION ( 'NONE',  ( 0.000000000000000000, 0.000000000000000000, -1.000000000000000000 ) ) ;
#3740 = CARTESIAN_POINT ( 'NONE',  ( 2.469999999999999751, -2.469999999999999751, 0.000000000000000000 ) ) ;
#3741 = ADVANCED_FACE ( 'NONE', ( #2859 ), #242, .F. ) ;
#3742 = SURFACE_STYLE_FILL_AREA ( #2760 ) ;
#3743 = DIRECTION ( 'NONE',  ( -0.000000000000000000, -0.000000000000000000, -1.000000000000000000 ) ) ;
#3744 = ORIENTED_EDGE ( 'NONE', *, *, #3824, .F. ) ;
#3745 = AXIS2_PLACEMENT_3D ( 'NONE', #5371, #67, #4403 ) ;
#3746 = DIRECTION ( 'NONE',  ( 1.000000000000000000, 3.942553354492739587E-16, 0.000000000000000000 ) ) ;
#3747 = UNCERTAINTY_MEASURE_WITH_UNIT (LENGTH_MEASURE( 1.000000000000000082E-05 ), #2048, 'distance_accuracy_value', 'NONE');
#3748 = PLANE ( 'NONE',  #6387 ) ;
#3749 = DIRECTION ( 'NONE',  ( 1.000000000000000000, -7.885106708985478187E-16, -0.000000000000000000 ) ) ;
#3750 = ADVANCED_FACE ( 'NONE', ( #5165 ), #4547, .F. ) ;
#3751 = CARTESIAN_POINT ( 'NONE',  ( 1.149999999999999911, 2.500000000000000000, 0.1800000000000000211 ) ) ;
#3752 = CARTESIAN_POINT ( 'NONE',  ( -1.449999999999999956, 2.500000000000000000, 0.1800000000000000488 ) ) ;
#3753 = AXIS2_PLACEMENT_3D ( 'NONE', #6048, #101, #2789 ) ;
#3754 =( GEOMETRIC_REPRESENTATION_CONTEXT ( 3 ) GLOBAL_UNCERTAINTY_ASSIGNED_CONTEXT ( ( #6372 ) ) GLOBAL_UNIT_ASSIGNED_CONTEXT ( ( #1360, #3418, #2463 ) ) REPRESENTATION_CONTEXT ( 'NONE', 'WORKASPACE' ) );
#3755 = PLANE ( 'NONE',  #6525 ) ;
#3756 = EDGE_LOOP ( 'NONE', ( #4567, #6468, #2613, #4717 ) ) ;
#3757 = CARTESIAN_POINT ( 'NONE',  ( -0.1499999999999999667, 2.500000000000000000, -0.02000000000000000042 ) ) ;
#3758 = EDGE_LOOP ( 'NONE', ( #2726, #6987, #3494, #4499 ) ) ;
#3759 = EDGE_CURVE ( 'NONE', #6754, #3032, #4589, .T. ) ;
#3760 = LINE ( 'NONE', #58, #4301 ) ;
#3761 = VECTOR ( 'NONE', #3805, 1000.000000000000000 ) ;
#3762 = ORIENTED_EDGE ( 'NONE', *, *, #1355, .T. ) ;
#3763 = VECTOR ( 'NONE', #470, 1000.000000000000000 ) ;
#3764 = LINE ( 'NONE', #1084, #6268 ) ;
#3765 = PLANE ( 'NONE',  #6942 ) ;
#3766 = EDGE_CURVE ( 'NONE', #2633, #3121, #6193, .T. ) ;
#3767 = VECTOR ( 'NONE', #4848, 1000.000000000000000 ) ;
#3768 = VECTOR ( 'NONE', #2250, 1000.000000000000000 ) ;
#3769 = CARTESIAN_POINT ( 'NONE',  ( 1.625000000000000222, -1.624999999999999334, 0.01000000000000000021 ) ) ;
#3770 = ORIENTED_EDGE ( 'NONE', *, *, #3919, .F. ) ;
#3771 = CARTESIAN_POINT ( 'NONE',  ( -0.7999999999999999334, 1.949999999999999956, 0.1800000000000000211 ) ) ;
#3772 = AXIS2_PLACEMENT_3D ( 'NONE', #5595, #4917, #4372 ) ;
#3773 = ORIENTED_EDGE ( 'NONE', *, *, #5572, .T. ) ;
#3774 = DIRECTION ( 'NONE',  ( 0.000000000000000000, 0.000000000000000000, 1.000000000000000000 ) ) ;
#3775 = AXIS2_PLACEMENT_3D ( 'NONE', #3897, #4993, #148 ) ;
#3776 = MECHANICAL_DESIGN_GEOMETRIC_PRESENTATION_REPRESENTATION (  '', ( #1974 ), #2999 ) ;
#3777 = LINE ( 'NONE', #3811, #2286 ) ;
#3778 = PRESENTATION_STYLE_ASSIGNMENT (( #34 ) ) ;
#3779 = DIRECTION ( 'NONE',  ( 0.000000000000000000, 0.000000000000000000, 1.000000000000000000 ) ) ;
#3780 = VERTEX_POINT ( 'NONE', #3925 ) ;
#3781 = VECTOR ( 'NONE', #1096, 1000.000000000000000 ) ;
#3782 = ORIENTED_EDGE ( 'NONE', *, *, #3051, .F. ) ;
#3783 = DIRECTION ( 'NONE',  ( -0.000000000000000000, -0.000000000000000000, 1.000000000000000000 ) ) ;
#3784 = EDGE_CURVE ( 'NONE', #985, #4546, #1403, .T. ) ;
#3785 = AXIS2_PLACEMENT_3D ( 'NONE', #4108, #5467, #3873 ) ;
#3786 = CLOSED_SHELL ( 'NONE', ( #4996, #2636, #4771, #3015, #4185, #1180 ) ) ;
#3787 = DIRECTION ( 'NONE',  ( -0.000000000000000000, -0.000000000000000000, 1.000000000000000000 ) ) ;
#3788 = DIRECTION ( 'NONE',  ( 0.000000000000000000, 1.000000000000000000, 0.000000000000000000 ) ) ;
#3789 = VECTOR ( 'NONE', #6526, 1000.000000000000000 ) ;
#3790 = LINE ( 'NONE', #5991, #1423 ) ;
#3791 = DIRECTION ( 'NONE',  ( 0.000000000000000000, -1.000000000000000000, 0.000000000000000000 ) ) ;
#3792 = VECTOR ( 'NONE', #3411, 1000.000000000000000 ) ;
#3793 = CARTESIAN_POINT ( 'NONE',  ( -0.1499999999999999667, 2.500000000000000000, 0.1800000000000000211 ) ) ;
#3794 = ORIENTED_EDGE ( 'NONE', *, *, #969, .F. ) ;
#3795 = SURFACE_STYLE_USAGE ( .BOTH. , #1076 ) ;
#3796 = CARTESIAN_POINT ( 'NONE',  ( -1.150000000000000355, 1.949999999999999956, -0.02000000000000000042 ) ) ;
#3797 =( NAMED_UNIT ( * ) PLANE_ANGLE_UNIT ( ) SI_UNIT ( $, .RADIAN. ) );
#3798 = ORIENTED_EDGE ( 'NONE', *, *, #1490, .F. ) ;
#3799 = EDGE_CURVE ( 'NONE', #1315, #928, #2966, .T. ) ;
#3800 = ORIENTED_EDGE ( 'NONE', *, *, #151, .F. ) ;
#3801 = DIRECTION ( 'NONE',  ( 0.000000000000000000, -1.000000000000000000, 0.000000000000000000 ) ) ;
#3802 = AXIS2_PLACEMENT_3D ( 'NONE', #4720, #2664, #4820 ) ;
#3803 = ORIENTED_EDGE ( 'NONE', *, *, #3414, .T. ) ;
#3804 = CARTESIAN_POINT ( 'NONE',  ( -0.5000000000000004441, 1.949999999999999956, -0.02000000000000000042 ) ) ;
#3805 = DIRECTION ( 'NONE',  ( 0.000000000000000000, 0.000000000000000000, -1.000000000000000000 ) ) ;
#3806 = FACE_OUTER_BOUND ( 'NONE', #6092, .T. ) ;
#3807 = ORIENTED_EDGE ( 'NONE', *, *, #2669, .T. ) ;
#3808 = CARTESIAN_POINT ( 'NONE',  ( -0.8000000000000020428, -1.949999999999999956, 0.1800000000000000211 ) ) ;
#3809 = VERTEX_POINT ( 'NONE', #5020 ) ;
#3810 = DIRECTION ( 'NONE',  ( -1.000000000000000000, -0.000000000000000000, -0.000000000000000000 ) ) ;
#3811 = CARTESIAN_POINT ( 'NONE',  ( 2.469999999999999751, 0.000000000000000000, 0.7800000000000000266 ) ) ;
#3812 = EDGE_CURVE ( 'NONE', #6360, #1669, #211, .T. ) ;
#3813 = LINE ( 'NONE', #6125, #743 ) ;
#3814 = ORIENTED_EDGE ( 'NONE', *, *, #4707, .T. ) ;
#3815 = ORIENTED_EDGE ( 'NONE', *, *, #2525, .T. ) ;
#3816 =( LENGTH_UNIT ( ) NAMED_UNIT ( * ) SI_UNIT ( .MILLI., .METRE. ) );
#3817 = EDGE_LOOP ( 'NONE', ( #6332, #5177, #3394, #227 ) ) ;
#3818 = CARTESIAN_POINT ( 'NONE',  ( 0.1499999999999995226, -1.949999999999999956, -0.02000000000000000042 ) ) ;
#3819 = CARTESIAN_POINT ( 'NONE',  ( -1.150000000000000355, 1.949999999999999956, 0.1800000000000000488 ) ) ;
#3820 = FACE_OUTER_BOUND ( 'NONE', #2387, .T. ) ;
#3821 = CARTESIAN_POINT ( 'NONE',  ( 1.149999999999999911, 1.949999999999999956, 0.000000000000000000 ) ) ;
#3822 = EDGE_CURVE ( 'NONE', #3967, #6549, #180, .T. ) ;
#3823 = EDGE_CURVE ( 'NONE', #3059, #329, #4515, .T. ) ;
#3824 = EDGE_CURVE ( 'NONE', #6104, #5250, #272, .T. ) ;
#3825 = FACE_OUTER_BOUND ( 'NONE', #1293, .T. ) ;
#3826 = VECTOR ( 'NONE', #3634, 1000.000000000000000 ) ;
#3827 = DIRECTION ( 'NONE',  ( 7.885106708985487062E-16, -1.000000000000000000, 0.000000000000000000 ) ) ;
#3828 = ORIENTED_EDGE ( 'NONE', *, *, #4260, .F. ) ;
#3829 = LINE ( 'NONE', #5354, #4110 ) ;
#3830 = SURFACE_STYLE_FILL_AREA ( #6492 ) ;
#3831 = EDGE_CURVE ( 'NONE', #2616, #2118, #3473, .T. ) ;
#3832 = PRESENTATION_LAYER_ASSIGNMENT (  '', '', ( #2936 ) ) ;
#3833 = ORIENTED_EDGE ( 'NONE', *, *, #4886, .T. ) ;
#3834 = ORIENTED_EDGE ( 'NONE', *, *, #5054, .T. ) ;
#3835 = DIRECTION ( 'NONE',  ( 1.577021341797097018E-15, 1.000000000000000000, 0.000000000000000000 ) ) ;
#3836 = EDGE_LOOP ( 'NONE', ( #5870, #1322, #2576, #868 ) ) ;
#3837 = LINE ( 'NONE', #2116, #6154 ) ;
#3838 = PLANE ( 'NONE',  #944 ) ;
#3839 = CARTESIAN_POINT ( 'NONE',  ( 1.949999999999999512, -1.149999999999999911, 0.1800000000000000211 ) ) ;
#3840 = VERTEX_POINT ( 'NONE', #5325 ) ;
#3841 = CARTESIAN_POINT ( 'NONE',  ( 1.949999999999999512, 1.149999999999999911, 0.1800000000000000211 ) ) ;
#3842 = ORIENTED_EDGE ( 'NONE', *, *, #1599, .T. ) ;
#3843 = CARTESIAN_POINT ( 'NONE',  ( -1.449999999999999956, 1.949999999999999956, -0.02000000000000000042 ) ) ;
#3844 = LINE ( 'NONE', #6406, #4204 ) ;
#3845 = STYLED_ITEM ( 'NONE', ( #426 ), #1898 ) ;
#3846 = DIRECTION ( 'NONE',  ( 0.000000000000000000, 1.000000000000000000, 0.000000000000000000 ) ) ;
#3847 = ORIENTED_EDGE ( 'NONE', *, *, #6738, .T. ) ;
#3848 = ORIENTED_EDGE ( 'NONE', *, *, #4548, .F. ) ;
#3849 = SURFACE_STYLE_USAGE ( .BOTH. , #5381 ) ;
#3850 = PLANE ( 'NONE',  #3212 ) ;
#3851 = DIRECTION ( 'NONE',  ( -1.000000000000000000, -3.942553354492739094E-16, 0.000000000000000000 ) ) ;
#3852 = LINE ( 'NONE', #2688, #4117 ) ;
#3853 = DIRECTION ( 'NONE',  ( -7.885106708985485090E-16, -1.000000000000000000, 0.000000000000000000 ) ) ;
#3854 = DIRECTION ( 'NONE',  ( 0.000000000000000000, -1.000000000000000000, 0.000000000000000000 ) ) ;
#3855 = CARTESIAN_POINT ( 'NONE',  ( 0.1499999999999995226, -1.949999999999999956, 0.1800000000000000211 ) ) ;
#3856 = LINE ( 'NONE', #4852, #6967 ) ;
#3857 = ADVANCED_FACE ( 'NONE', ( #4760 ), #4196, .F. ) ;
#3858 = ORIENTED_EDGE ( 'NONE', *, *, #2851, .T. ) ;
#3859 = EDGE_CURVE ( 'NONE', #4018, #3403, #445, .T. ) ;
#3860 = ORIENTED_EDGE ( 'NONE', *, *, #3110, .T. ) ;
#3861 = PLANE ( 'NONE',  #854 ) ;
#3862 = LINE ( 'NONE', #3796, #3554 ) ;
#3863 = CARTESIAN_POINT ( 'NONE',  ( -2.500000000000000000, -0.1499999999999997446, 0.1800000001139778760 ) ) ;
#3864 = CIRCLE ( 'NONE', #1268, 0.03000000000000007869 ) ;
#3865 = EDGE_LOOP ( 'NONE', ( #3588, #1087, #3322, #2676 ) ) ;
#3866 = ORIENTED_EDGE ( 'NONE', *, *, #393, .T. ) ;
#3867 = AXIS2_PLACEMENT_3D ( 'NONE', #4358, #6757, #5045 ) ;
#3868 = CARTESIAN_POINT ( 'NONE',  ( 1.625000000000000222, -1.624999999999999334, 0.01000000000000000021 ) ) ;
#3869 = ADVANCED_FACE ( 'NONE', ( #5293 ), #904, .F. ) ;
#3870 = ORIENTED_EDGE ( 'NONE', *, *, #5220, .T. ) ;
#3871 = DIRECTION ( 'NONE',  ( -0.000000000000000000, 1.000000000000000000, -0.000000000000000000 ) ) ;
#3872 = CARTESIAN_POINT ( 'NONE',  ( -1.149999999999999911, 2.500000000000000000, 0.1800000000000000211 ) ) ;
#3873 = DIRECTION ( 'NONE',  ( 1.000000000000000000, 0.000000000000000000, -0.000000000000000000 ) ) ;
#3874 = COLOUR_RGB ( '',0.8039215686274510109, 0.8039215686274510109, 0.8039215686274510109 ) ;
#3875 = DIRECTION ( 'NONE',  ( 3.942553354492739587E-16, -1.000000000000000000, 0.000000000000000000 ) ) ;
#3876 = ORIENTED_EDGE ( 'NONE', *, *, #540, .T. ) ;
#3877 = CARTESIAN_POINT ( 'NONE',  ( -2.469999999999999751, -2.469999999999999751, 0.7500000000000000000 ) ) ;
#3878 = VECTOR ( 'NONE', #2715, 1000.000000000000000 ) ;
#3879 = FACE_OUTER_BOUND ( 'NONE', #3865, .T. ) ;
#3880 = EDGE_CURVE ( 'NONE', #3969, #5596, #6293, .T. ) ;
#3881 = VERTEX_POINT ( 'NONE', #979 ) ;
#3882 = CARTESIAN_POINT ( 'NONE',  ( -1.149999999999999911, 2.500000000000000000, -0.02000000000000000042 ) ) ;
#3883 = CARTESIAN_POINT ( 'NONE',  ( 1.149999999999999911, 1.949999999999999956, -0.02000000000000000042 ) ) ;
#3884 = AXIS2_PLACEMENT_3D ( 'NONE', #663, #2707, #3253 ) ;
#3885 = VECTOR ( 'NONE', #3530, 1000.000000000000000 ) ;
#3886 = VECTOR ( 'NONE', #2216, 1000.000000000000000 ) ;
#3887 = DIRECTION ( 'NONE',  ( -0.000000000000000000, -0.000000000000000000, -1.000000000000000000 ) ) ;
#3888 = EDGE_LOOP ( 'NONE', ( #2298, #4028, #1512, #3538 ) ) ;
#3889 = AXIS2_PLACEMENT_3D ( 'NONE', #4244, #3715, #5885 ) ;
#3890 = VERTEX_POINT ( 'NONE', #5798 ) ;
#3891 = DIRECTION ( 'NONE',  ( 3.942553354492739587E-16, -1.000000000000000000, 0.000000000000000000 ) ) ;
#3892 = VECTOR ( 'NONE', #4675, 1000.000000000000000 ) ;
#3893 = COLOUR_RGB ( '',0.8039215686274510109, 0.8039215686274510109, 0.8039215686274510109 ) ;
#3894 = DIRECTION ( 'NONE',  ( 0.000000000000000000, 1.000000000000000000, 0.000000000000000000 ) ) ;
#3895 = PLANE ( 'NONE',  #5161 ) ;
#3896 = CARTESIAN_POINT ( 'NONE',  ( 2.469999999999999751, -2.500000000000000000, 0.7500000000000000000 ) ) ;
#3897 = CARTESIAN_POINT ( 'NONE',  ( -1.449999999999999956, 2.500000000000000000, -0.02000000000000000042 ) ) ;
#3898 = DIRECTION ( 'NONE',  ( 7.885106708985485090E-16, -1.000000000000000000, 0.000000000000000000 ) ) ;
#3899 = DIRECTION ( 'NONE',  ( 0.000000000000000000, 0.000000000000000000, -1.000000000000000000 ) ) ;
#3900 = AXIS2_PLACEMENT_3D ( 'NONE', #4957, #3962, #1771 ) ;
#3901 = CARTESIAN_POINT ( 'NONE',  ( -2.069999999999999840, 2.069999999999999840, 0.7800000000000000266 ) ) ;
#3902 = LINE ( 'NONE', #612, #4246 ) ;
#3903 = ORIENTED_EDGE ( 'NONE', *, *, #2515, .F. ) ;
#3904 = PLANE ( 'NONE',  #3116 ) ;
#3905 = FACE_OUTER_BOUND ( 'NONE', #1010, .T. ) ;
#3906 = CARTESIAN_POINT ( 'NONE',  ( 0.5000000000000000000, 1.949999999999999956, 0.000000000000000000 ) ) ;
#3907 = VECTOR ( 'NONE', #1164, 1000.000000000000000 ) ;
#3908 = VECTOR ( 'NONE', #6938, 1000.000000000000000 ) ;
#3909 = ADVANCED_FACE ( 'NONE', ( #3112 ), #3596, .F. ) ;
#3910 = EDGE_LOOP ( 'NONE', ( #1827, #28, #2351, #289 ) ) ;
#3911 = VECTOR ( 'NONE', #1735, 1000.000000000000000 ) ;
#3912 = ORIENTED_EDGE ( 'NONE', *, *, #1963, .F. ) ;
#3913 = PLANE ( 'NONE',  #2693 ) ;
#3914 = ORIENTED_EDGE ( 'NONE', *, *, #1667, .F. ) ;
#3915 = DIRECTION ( 'NONE',  ( -1.000000000000000000, -3.942553354492739094E-16, 0.000000000000000000 ) ) ;
#3916 = AXIS2_PLACEMENT_3D ( 'NONE', #3113, #2010, #374 ) ;
#3917 = CARTESIAN_POINT ( 'NONE',  ( -1.450000000000002842, -2.500000000000000000, 0.1800000000000000211 ) ) ;
#3918 = ADVANCED_FACE ( 'NONE', ( #5736 ), #5262, .T. ) ;
#3919 = EDGE_CURVE ( 'NONE', #2221, #3969, #2039, .T. ) ;
#3920 = ORIENTED_EDGE ( 'NONE', *, *, #1250, .T. ) ;
#3921 = ORIENTED_EDGE ( 'NONE', *, *, #780, .F. ) ;
#3922 = CARTESIAN_POINT ( 'NONE',  ( -2.500000000000000000, -0.1499999999999997446, 0.1800000000000000211 ) ) ;
#3923 = DIRECTION ( 'NONE',  ( 1.000000000000000000, 3.942553354492743531E-16, 0.000000000000000000 ) ) ;
#3924 = EDGE_LOOP ( 'NONE', ( #6676, #4468, #2780, #2471 ) ) ;
#3925 = CARTESIAN_POINT ( 'NONE',  ( 2.500000000000000000, -0.7999999999999997113, -0.02000000000000000042 ) ) ;
#3926 = CARTESIAN_POINT ( 'NONE',  ( -1.624999999999999778, -1.624999999999999334, 0.000000000000000000 ) ) ;
#3927 = CARTESIAN_POINT ( 'NONE',  ( -0.5000000000000004441, -1.949999999999999956, -0.02000000000000000042 ) ) ;
#3928 = EDGE_CURVE ( 'NONE', #1475, #5087, #6897, .T. ) ;
#3929 = VERTEX_POINT ( 'NONE', #2073 ) ;
#3930 = ORIENTED_EDGE ( 'NONE', *, *, #326, .F. ) ;
#3931 = LINE ( 'NONE', #6743, #2138 ) ;
#3932 = LINE ( 'NONE', #3723, #938 ) ;
#3933 = CARTESIAN_POINT ( 'NONE',  ( 1.149999999999999911, 2.500000000000000000, -0.02000000000000000042 ) ) ;
#3934 = FACE_OUTER_BOUND ( 'NONE', #3397, .T. ) ;
#3935 = DIRECTION ( 'NONE',  ( 0.000000000000000000, 0.000000000000000000, -1.000000000000000000 ) ) ;
#3936 = DIRECTION ( 'NONE',  ( 7.885106708985485090E-16, -1.000000000000000000, -0.000000000000000000 ) ) ;
#3937 = ORIENTED_EDGE ( 'NONE', *, *, #2793, .F. ) ;
#3938 = DIRECTION ( 'NONE',  ( 0.000000000000000000, -1.000000000000000000, 0.000000000000000000 ) ) ;
#3939 = CARTESIAN_POINT ( 'NONE',  ( 1.949999999999999512, 0.7999999999999999334, 0.1800000000000000211 ) ) ;
#3940 = ORIENTED_EDGE ( 'NONE', *, *, #629, .F. ) ;
#3941 = ORIENTED_EDGE ( 'NONE', *, *, #1101, .F. ) ;
#3942 = DIRECTION ( 'NONE',  ( 0.000000000000000000, 1.000000000000000000, 0.000000000000000000 ) ) ;
#3943 = ORIENTED_EDGE ( 'NONE', *, *, #1420, .F. ) ;
#3944 = EDGE_CURVE ( 'NONE', #259, #5107, #4230, .T. ) ;
#3945 = FACE_OUTER_BOUND ( 'NONE', #5253, .T. ) ;
#3946 = LINE ( 'NONE', #3917, #1972 ) ;
#3947 = ORIENTED_EDGE ( 'NONE', *, *, #5457, .T. ) ;
#3948 = ORIENTED_EDGE ( 'NONE', *, *, #2623, .T. ) ;
#3949 = DIRECTION ( 'NONE',  ( 1.000000000000000000, -0.000000000000000000, 0.000000000000000000 ) ) ;
#3950 = LINE ( 'NONE', #1263, #2732 ) ;
#3951 = ORIENTED_EDGE ( 'NONE', *, *, #4477, .F. ) ;
#3952 = DIRECTION ( 'NONE',  ( 0.000000000000000000, -0.000000000000000000, 1.000000000000000000 ) ) ;
#3953 = EDGE_CURVE ( 'NONE', #703, #4392, #2577, .T. ) ;
#3954 = EDGE_CURVE ( 'NONE', #4245, #998, #1440, .T. ) ;
#3955 = LINE ( 'NONE', #3475, #4427 ) ;
#3956 = LINE ( 'NONE', #2761, #2314 ) ;
#3957 = ORIENTED_EDGE ( 'NONE', *, *, #5754, .T. ) ;
#3958 = ORIENTED_EDGE ( 'NONE', *, *, #3919, .T. ) ;
#3959 = FACE_OUTER_BOUND ( 'NONE', #6665, .T. ) ;
#3960 = CARTESIAN_POINT ( 'NONE',  ( -1.949999999999999956, -1.449999999999999956, 0.1800000000000000211 ) ) ;
#3961 = ADVANCED_FACE ( 'NONE', ( #3177 ), #6800, .F. ) ;
#3962 = DIRECTION ( 'NONE',  ( -1.000000000000000000, 7.885106708985487062E-16, 0.000000000000000000 ) ) ;
#3963 = DIRECTION ( 'NONE',  ( -0.000000000000000000, -0.000000000000000000, 1.000000000000000000 ) ) ;
#3964 = DIRECTION ( 'NONE',  ( -0.000000000000000000, -0.000000000000000000, 1.000000000000000000 ) ) ;
#3965 = CARTESIAN_POINT ( 'NONE',  ( -1.149999999999999911, -2.500000000000000000, -0.02000000000000000042 ) ) ;
#3966 = DIRECTION ( 'NONE',  ( 0.000000000000000000, 0.000000000000000000, -1.000000000000000000 ) ) ;
#3967 = VERTEX_POINT ( 'NONE', #3038 ) ;
#3968 =( NAMED_UNIT ( * ) SI_UNIT ( $, .STERADIAN. ) SOLID_ANGLE_UNIT ( ) );
#3969 = VERTEX_POINT ( 'NONE', #5219 ) ;
#3970 = DIRECTION ( 'NONE',  ( 0.000000000000000000, -0.000000000000000000, -1.000000000000000000 ) ) ;
#3971 = CARTESIAN_POINT ( 'NONE',  ( 2.500000000000000000, 0.1499999999999995226, 0.1800000000000000211 ) ) ;
#3972 = ORIENTED_EDGE ( 'NONE', *, *, #2061, .F. ) ;
#3973 = VERTEX_POINT ( 'NONE', #5192 ) ;
#3974 = CARTESIAN_POINT ( 'NONE',  ( -1.149999999999999911, 2.500000000000000000, 0.1800000000000000488 ) ) ;
#3975 = VERTEX_POINT ( 'NONE', #338 ) ;
#3976 = DIRECTION ( 'NONE',  ( 1.000000000000000000, -7.885106708985480159E-16, 0.000000000000000000 ) ) ;
#3977 = AXIS2_PLACEMENT_3D ( 'NONE', #3883, #2934, #1235 ) ;
#3978 = LINE ( 'NONE', #2958, #5355 ) ;
#3979 = LINE ( 'NONE', #1300, #6055 ) ;
#3980 = ADVANCED_FACE ( 'NONE', ( #2501 ), #4657, .F. ) ;
#3981 = PRESENTATION_LAYER_ASSIGNMENT (  '', '', ( #3199 ) ) ;
#3982 = ORIENTED_EDGE ( 'NONE', *, *, #6431, .F. ) ;
#3983 = EDGE_LOOP ( 'NONE', ( #5620, #1939, #879, #5874 ) ) ;
#3984 = DIRECTION ( 'NONE',  ( -0.000000000000000000, -0.000000000000000000, 1.000000000000000000 ) ) ;
#3985 = EDGE_CURVE ( 'NONE', #5338, #1109, #3070, .T. ) ;
#3986 = ORIENTED_EDGE ( 'NONE', *, *, #2273, .T. ) ;
#3987 = DIRECTION ( 'NONE',  ( -0.000000000000000000, -0.000000000000000000, 1.000000000000000000 ) ) ;
#3988 = VECTOR ( 'NONE', #5811, 1000.000000000000000 ) ;
#3989 = DIRECTION ( 'NONE',  ( -0.000000000000000000, 1.000000000000000000, -0.000000000000000000 ) ) ;
#3990 = CARTESIAN_POINT ( 'NONE',  ( 2.500000000000000000, -1.150000000000000355, 0.1800000001139778760 ) ) ;
#3991 = VECTOR ( 'NONE', #6010, 1000.000000000000000 ) ;
#3992 = EDGE_CURVE ( 'NONE', #3198, #6523, #1470, .T. ) ;
#3993 = EDGE_CURVE ( 'NONE', #5638, #4843, #6430, .T. ) ;
#3994 = ORIENTED_EDGE ( 'NONE', *, *, #983, .F. ) ;
#3995 = EDGE_LOOP ( 'NONE', ( #3557, #486, #4193, #4300 ) ) ;
#3996 = CARTESIAN_POINT ( 'NONE',  ( 2.500000000000000000, 0.7999999999999994893, -0.02000000000000000042 ) ) ;
#3997 = CARTESIAN_POINT ( 'NONE',  ( 1.949999999999999512, -0.5000000000000000000, 0.1800000000002910383 ) ) ;
#3998 = AXIS2_PLACEMENT_3D ( 'NONE', #627, #6573, #2144 ) ;
#3999 = VECTOR ( 'NONE', #524, 1000.000000000000000 ) ;
#4000 = VECTOR ( 'NONE', #1265, 1000.000000000000000 ) ;
#4001 = LINE ( 'NONE', #6170, #5477 ) ;
#4002 = CARTESIAN_POINT ( 'NONE',  ( -0.7999999999999999334, 2.500000000000000000, 0.000000000000000000 ) ) ;
#4003 = LINE ( 'NONE', #4564, #4438 ) ;
#4004 = EDGE_CURVE ( 'NONE', #266, #3975, #4266, .T. ) ;
#4005 = EDGE_CURVE ( 'NONE', #5660, #1122, #3837, .T. ) ;
#4006 = EDGE_CURVE ( 'NONE', #1464, #4851, #3764, .T. ) ;
#4007 = VECTOR ( 'NONE', #5750, 1000.000000000000000 ) ;
#4008 = ORIENTED_EDGE ( 'NONE', *, *, #3018, .F. ) ;
#4009 = MECHANICAL_DESIGN_GEOMETRIC_PRESENTATION_REPRESENTATION (  '', ( #1412 ), #1417 ) ;
#4010 = DIRECTION ( 'NONE',  ( 0.000000000000000000, 1.000000000000000000, 0.000000000000000000 ) ) ;
#4011 = VECTOR ( 'NONE', #2343, 1000.000000000000000 ) ;
#4012 = ORIENTED_EDGE ( 'NONE', *, *, #3608, .F. ) ;
#4013 = LINE ( 'NONE', #155, #284 ) ;
#4014 = DIRECTION ( 'NONE',  ( -1.000000000000000000, 0.000000000000000000, 0.000000000000000000 ) ) ;
#4015 = VECTOR ( 'NONE', #883, 1000.000000000000000 ) ;
#4016 = AXIS2_PLACEMENT_3D ( 'NONE', #1920, #5779, #3551 ) ;
#4017 = SURFACE_STYLE_FILL_AREA ( #4503 ) ;
#4018 = VERTEX_POINT ( 'NONE', #626 ) ;
#4019 = EDGE_CURVE ( 'NONE', #5664, #1768, #4363, .T. ) ;
#4020 = ORIENTED_EDGE ( 'NONE', *, *, #3759, .F. ) ;
#4021 = CARTESIAN_POINT ( 'NONE',  ( -0.7999999999999999334, 1.949999999999999956, -0.02000000000000000042 ) ) ;
#4022 = VERTEX_POINT ( 'NONE', #6004 ) ;
#4023 =( LENGTH_UNIT ( ) NAMED_UNIT ( * ) SI_UNIT ( .MILLI., .METRE. ) );
#4024 = CARTESIAN_POINT ( 'NONE',  ( -1.449999999999999956, 1.949999999999999956, -0.02000000000000000042 ) ) ;
#4025 = VECTOR ( 'NONE', #2098, 1000.000000000000000 ) ;
#4026 = AXIS2_PLACEMENT_3D ( 'NONE', #1715, #3875, #3361 ) ;
#4027 = ORIENTED_EDGE ( 'NONE', *, *, #808, .T. ) ;
#4028 = ORIENTED_EDGE ( 'NONE', *, *, #4661, .T. ) ;
#4029 = DIRECTION ( 'NONE',  ( 0.000000000000000000, -0.000000000000000000, 1.000000000000000000 ) ) ;
#4030 = ORIENTED_EDGE ( 'NONE', *, *, #1888, .F. ) ;
#4031 = FACE_OUTER_BOUND ( 'NONE', #135, .T. ) ;
#4032 = DIRECTION ( 'NONE',  ( 0.000000000000000000, -0.000000000000000000, 1.000000000000000000 ) ) ;
#4033 = CARTESIAN_POINT ( 'NONE',  ( 2.469999999999999751, -2.469999999999999751, 0.7800000000000000266 ) ) ;
#4034 = VECTOR ( 'NONE', #869, 1000.000000000000000 ) ;
#4035 = VERTEX_POINT ( 'NONE', #3357 ) ;
#4036 = CARTESIAN_POINT ( 'NONE',  ( -1.274999999999999689, 1.625000000000000222, 0.01000000000000000021 ) ) ;
#4037 = PLANE ( 'NONE',  #3550 ) ;
#4038 = EDGE_CURVE ( 'NONE', #340, #2885, #6537, .T. ) ;
#4039 = LINE ( 'NONE', #6747, #2866 ) ;
#4040 = EDGE_CURVE ( 'NONE', #1182, #1041, #555, .T. ) ;
#4041 = CARTESIAN_POINT ( 'NONE',  ( 1.949999999999999512, -0.5000000000000000000, -0.02000000000000000042 ) ) ;
#4042 = DIRECTION ( 'NONE',  ( -1.000000000000000000, 7.885106708985487062E-16, 0.000000000000000000 ) ) ;
#4043 = FACE_OUTER_BOUND ( 'NONE', #3111, .T. ) ;
#4044 = ORIENTED_EDGE ( 'NONE', *, *, #4548, .T. ) ;
#4045 = DIRECTION ( 'NONE',  ( 0.000000000000000000, 0.000000000000000000, -1.000000000000000000 ) ) ;
#4046 = EDGE_CURVE ( 'NONE', #4851, #5111, #1572, .T. ) ;
#4047 = DIRECTION ( 'NONE',  ( 1.000000000000000000, 0.000000000000000000, -0.000000000000000000 ) ) ;
#4048 = EDGE_CURVE ( 'NONE', #4318, #804, #4863, .T. ) ;
#4049 = ADVANCED_FACE ( 'NONE', ( #3252 ), #5465, .F. ) ;
#4050 = ORIENTED_EDGE ( 'NONE', *, *, #2175, .F. ) ;
#4051 = ORIENTED_EDGE ( 'NONE', *, *, #4048, .F. ) ;
#4052 = CARTESIAN_POINT ( 'NONE',  ( 0.5000000000000000000, 2.500000000000000000, 0.000000000000000000 ) ) ;
#4053 = ORIENTED_EDGE ( 'NONE', *, *, #5899, .T. ) ;
#4054 = PLANE ( 'NONE',  #4897 ) ;
#4055 = ADVANCED_FACE ( 'NONE', ( #2706 ), #1045, .F. ) ;
#4056 = VERTEX_POINT ( 'NONE', #4938 ) ;
#4057 = ORIENTED_EDGE ( 'NONE', *, *, #4701, .T. ) ;
#4058 = DIRECTION ( 'NONE',  ( -1.000000000000000000, -0.000000000000000000, -0.000000000000000000 ) ) ;
#4059 = ORIENTED_EDGE ( 'NONE', *, *, #3766, .F. ) ;
#4060 = PLANE ( 'NONE',  #4679 ) ;
#4061 = FACE_OUTER_BOUND ( 'NONE', #6262, .T. ) ;
#4062 = ORIENTED_EDGE ( 'NONE', *, *, #2513, .T. ) ;
#4063 = ORIENTED_EDGE ( 'NONE', *, *, #3759, .T. ) ;
#4064 = LINE ( 'NONE', #1240, #1916 ) ;
#4065 = DIRECTION ( 'NONE',  ( -1.000000000000000000, 1.577021341797097018E-15, 0.000000000000000000 ) ) ;
#4066 = CARTESIAN_POINT ( 'NONE',  ( 2.500000000000000000, -0.7999999999999997113, 0.000000000000000000 ) ) ;
#4067 = CARTESIAN_POINT ( 'NONE',  ( 0.000000000000000000, 1.949999999999999956, -0.02000000000000000042 ) ) ;
#4068 = ORIENTED_EDGE ( 'NONE', *, *, #3016, .T. ) ;
#4069 = PLANE ( 'NONE',  #1582 ) ;
#4070 = VECTOR ( 'NONE', #1660, 1000.000000000000000 ) ;
#4071 = ORIENTED_EDGE ( 'NONE', *, *, #2128, .F. ) ;
#4072 = FACE_OUTER_BOUND ( 'NONE', #5268, .T. ) ;
#4073 = CARTESIAN_POINT ( 'NONE',  ( 1.949999999999999512, 0.5000000000000000000, 0.1800000000002910383 ) ) ;
#4074 = PRESENTATION_STYLE_ASSIGNMENT (( #2988 ) ) ;
#4075 = ORIENTED_EDGE ( 'NONE', *, *, #5257, .T. ) ;
#4076 = EDGE_CURVE ( 'NONE', #1365, #1222, #60, .T. ) ;
#4077 = DIRECTION ( 'NONE',  ( -0.000000000000000000, -0.000000000000000000, 1.000000000000000000 ) ) ;
#4078 = ORIENTED_EDGE ( 'NONE', *, *, #5603, .F. ) ;
#4079 = LINE ( 'NONE', #1956, #5636 ) ;
#4080 = ORIENTED_EDGE ( 'NONE', *, *, #2595, .T. ) ;
#4081 = DIRECTION ( 'NONE',  ( 0.000000000000000000, 0.000000000000000000, -1.000000000000000000 ) ) ;
#4082 = CARTESIAN_POINT ( 'NONE',  ( -1.949999999999999956, 0.8000000000000003775, -0.02000000000000000042 ) ) ;
#4083 = EDGE_CURVE ( 'NONE', #2480, #3929, #6500, .T. ) ;
#4084 = EDGE_CURVE ( 'NONE', #1804, #2221, #587, .T. ) ;
#4085 = ORIENTED_EDGE ( 'NONE', *, *, #1410, .F. ) ;
#4086 = MECHANICAL_DESIGN_GEOMETRIC_PRESENTATION_REPRESENTATION (  '', ( #5566 ), #709 ) ;
#4087 = DIRECTION ( 'NONE',  ( 0.000000000000000000, -0.000000000000000000, -1.000000000000000000 ) ) ;
#4088 = ORIENTED_EDGE ( 'NONE', *, *, #5615, .T. ) ;
#4089 = DIRECTION ( 'NONE',  ( 1.000000000000000000, 0.000000000000000000, 0.000000000000000000 ) ) ;
#4090 = DIRECTION ( 'NONE',  ( 0.000000000000000000, 0.000000000000000000, -1.000000000000000000 ) ) ;
#4091 = DIRECTION ( 'NONE',  ( -0.000000000000000000, -1.000000000000000000, -0.000000000000000000 ) ) ;
#4092 = MECHANICAL_DESIGN_GEOMETRIC_PRESENTATION_REPRESENTATION (  '', ( #6248 ), #715 ) ;
#4093 = ORIENTED_EDGE ( 'NONE', *, *, #2497, .T. ) ;
#4094 = VERTEX_POINT ( 'NONE', #2745 ) ;
#4095 = DIRECTION ( 'NONE',  ( -0.000000000000000000, -0.000000000000000000, 1.000000000000000000 ) ) ;
#4096 = ORIENTED_EDGE ( 'NONE', *, *, #1535, .T. ) ;
#4097 = DIRECTION ( 'NONE',  ( 1.000000000000000000, 0.000000000000000000, 0.000000000000000000 ) ) ;
#4098 = VECTOR ( 'NONE', #2619, 1000.000000000000000 ) ;
#4099 = CARTESIAN_POINT ( 'NONE',  ( 2.500000000000000000, 1.150000000000000133, 0.1800000000000000211 ) ) ;
#4100 = CARTESIAN_POINT ( 'NONE',  ( -1.274999999999999689, 1.625000000000000222, -0.02000000000000000042 ) ) ;
#4101 = ORIENTED_EDGE ( 'NONE', *, *, #1181, .F. ) ;
#4102 =( LENGTH_UNIT ( ) NAMED_UNIT ( * ) SI_UNIT ( .MILLI., .METRE. ) );
#4103 = VECTOR ( 'NONE', #6892, 1000.000000000000000 ) ;
#4104 = VECTOR ( 'NONE', #1564, 1000.000000000000000 ) ;
#4105 = CARTESIAN_POINT ( 'NONE',  ( 1.949999999999999512, 0.1499999999999999667, -0.02000000000000000042 ) ) ;
#4106 = DIRECTION ( 'NONE',  ( 1.000000000000000000, 0.000000000000000000, -0.000000000000000000 ) ) ;
#4107 = DIRECTION ( 'NONE',  ( 1.000000000000000000, 0.000000000000000000, 0.000000000000000000 ) ) ;
#4108 = CARTESIAN_POINT ( 'NONE',  ( 2.600000000000000089, 0.000000000000000000, 0.1800000000000000211 ) ) ;
#4109 = CARTESIAN_POINT ( 'NONE',  ( -2.500000000000000000, 1.150000000000000133, 0.000000000000000000 ) ) ;
#4110 = VECTOR ( 'NONE', #6602, 1000.000000000000000 ) ;
#4111 = VECTOR ( 'NONE', #369, 1000.000000000000000 ) ;
#4112 = VERTEX_POINT ( 'NONE', #1711 ) ;
#4113 = DIRECTION ( 'NONE',  ( -0.000000000000000000, -0.000000000000000000, -1.000000000000000000 ) ) ;
#4114 = AXIS2_PLACEMENT_3D ( 'NONE', #6539, #1713, #6278 ) ;
#4115 = ORIENTED_EDGE ( 'NONE', *, *, #6212, .F. ) ;
#4116 = LINE ( 'NONE', #3561, #5925 ) ;
#4117 = VECTOR ( 'NONE', #5960, 999.9999999999998863 ) ;
#4118 = VERTEX_POINT ( 'NONE', #5505 ) ;
#4119 = SURFACE_SIDE_STYLE ('',( #4189 ) ) ;
#4120 = DIRECTION ( 'NONE',  ( -0.000000000000000000, 1.000000000000000000, -0.000000000000000000 ) ) ;
#4121 = EDGE_CURVE ( 'NONE', #6255, #3312, #2642, .T. ) ;
#4122 = EDGE_LOOP ( 'NONE', ( #5972, #4557, #2324, #1414 ) ) ;
#4123 = VECTOR ( 'NONE', #3416, 1000.000000000000000 ) ;
#4124 = CARTESIAN_POINT ( 'NONE',  ( -1.624999999999999778, 1.275000000000000133, -0.02000000000000000042 ) ) ;
#4125 = ORIENTED_EDGE ( 'NONE', *, *, #5775, .T. ) ;
#4126 = CLOSED_SHELL ( 'NONE', ( #1828, #3159, #4904, #365, #206, #2546 ) ) ;
#4127 = DIRECTION ( 'NONE',  ( -1.000000000000000000, 0.000000000000000000, 0.000000000000000000 ) ) ;
#4128 = DIRECTION ( 'NONE',  ( -0.000000000000000000, -0.000000000000000000, 1.000000000000000000 ) ) ;
#4129 = EDGE_CURVE ( 'NONE', #2885, #226, #6966, .T. ) ;
#4130 = CARTESIAN_POINT ( 'NONE',  ( -2.500000000000000000, -0.7999999999999997113, 0.1800000000000000211 ) ) ;
#4131 = VECTOR ( 'NONE', #2308, 1000.000000000000000 ) ;
#4132 = ORIENTED_EDGE ( 'NONE', *, *, #2669, .F. ) ;
#4133 = ORIENTED_EDGE ( 'NONE', *, *, #2373, .T. ) ;
#4134 = CARTESIAN_POINT ( 'NONE',  ( 1.949999999999999512, -0.7999999999999999334, 0.1800000000000000211 ) ) ;
#4135 = ORIENTED_EDGE ( 'NONE', *, *, #5877, .T. ) ;
#4136 = DIRECTION ( 'NONE',  ( -1.000000000000000000, 3.942553354492742545E-16, -0.000000000000000000 ) ) ;
#4137 = DIRECTION ( 'NONE',  ( 0.000000000000000000, 0.000000000000000000, -1.000000000000000000 ) ) ;
#4138 = EDGE_CURVE ( 'NONE', #2099, #5657, #4833, .T. ) ;
#4139 = EDGE_CURVE ( 'NONE', #207, #1167, #1643, .T. ) ;
#4140 = LINE ( 'NONE', #1946, #2522 ) ;
#4141 = CARTESIAN_POINT ( 'NONE',  ( 0.1499999999999995226, 1.949999999999999956, -0.02000000000000000042 ) ) ;
#4142 = ORIENTED_EDGE ( 'NONE', *, *, #6080, .F. ) ;
#4143 = EDGE_CURVE ( 'NONE', #677, #6692, #131, .T. ) ;
#4144 = CARTESIAN_POINT ( 'NONE',  ( -2.500000000000000000, -2.500000000000000000, 0.7800000000000000266 ) ) ;
#4145 = LINE ( 'NONE', #1455, #57 ) ;
#4146 = CARTESIAN_POINT ( 'NONE',  ( -1.949999999999999956, -0.7999999999999999334, 0.1800000000002910383 ) ) ;
#4147 = DIRECTION ( 'NONE',  ( -0.000000000000000000, 1.000000000000000000, -0.000000000000000000 ) ) ;
#4148 = SURFACE_STYLE_USAGE ( .BOTH. , #5822 ) ;
#4149 = ORIENTED_EDGE ( 'NONE', *, *, #2319, .F. ) ;
#4150 = PLANE ( 'NONE',  #5500 ) ;
#4151 = ORIENTED_EDGE ( 'NONE', *, *, #5572, .F. ) ;
#4152 = CARTESIAN_POINT ( 'NONE',  ( -1.274999999999999689, 1.625000000000000222, 0.01000000000000000021 ) ) ;
#4153 = ORIENTED_EDGE ( 'NONE', *, *, #6473, .T. ) ;
#4154 = SURFACE_SIDE_STYLE ('',( #931 ) ) ;
#4155 = LINE ( 'NONE', #5188, #5136 ) ;
#4156 = MANIFOLD_SOLID_BREP ( 'LPattern2[8]', #396 ) ;
#4157 = ORIENTED_EDGE ( 'NONE', *, *, #2696, .T. ) ;
#4158 = CARTESIAN_POINT ( 'NONE',  ( -0.7999999999999999334, 2.500000000000000000, 0.1800000000000000211 ) ) ;
#4159 = ORIENTED_EDGE ( 'NONE', *, *, #3109, .F. ) ;
#4160 = DIRECTION ( 'NONE',  ( -0.000000000000000000, -0.000000000000000000, 1.000000000000000000 ) ) ;
#4161 = CARTESIAN_POINT ( 'NONE',  ( 2.500000000000000000, 0.5000000000000002220, 0.000000000000000000 ) ) ;
#4162 = DIRECTION ( 'NONE',  ( -0.000000000000000000, -0.000000000000000000, -1.000000000000000000 ) ) ;
#4163 = CARTESIAN_POINT ( 'NONE',  ( 1.449999999999999956, -2.500000000000000000, 0.1800000000000000211 ) ) ;
#4164 = MANIFOLD_SOLID_BREP ( 'Boss-Extrude4', #4565 ) ;
#4165 = VERTEX_POINT ( 'NONE', #2360 ) ;
#4166 = ADVANCED_FACE ( 'NONE', ( #3388 ), #4433, .F. ) ;
#4167 = ORIENTED_EDGE ( 'NONE', *, *, #6506, .F. ) ;
#4168 = EDGE_CURVE ( 'NONE', #3529, #5564, #3499, .T. ) ;
#4169 = DIRECTION ( 'NONE',  ( 1.000000000000000000, 0.000000000000000000, 0.000000000000000000 ) ) ;
#4170 = ADVANCED_FACE ( 'NONE', ( #2889 ), #1860, .F. ) ;
#4171 = VERTEX_POINT ( 'NONE', #2848 ) ;
#4172 = LINE ( 'NONE', #2509, #1160 ) ;
#4173 = CARTESIAN_POINT ( 'NONE',  ( 1.149999999999999911, 1.949999999999999956, 0.1800000000000000488 ) ) ;
#4174 = AXIS2_PLACEMENT_3D ( 'NONE', #6197, #1769, #6094 ) ;
#4175 = CARTESIAN_POINT ( 'NONE',  ( 1.949999999999999512, 1.449999999999999956, 0.000000000000000000 ) ) ;
#4176 = VERTEX_POINT ( 'NONE', #5009 ) ;
#4177 = ADVANCED_FACE ( 'NONE', ( #169 ), #6684, .F. ) ;
#4178 = DIRECTION ( 'NONE',  ( 1.000000000000000000, -7.885106708985480159E-16, 0.000000000000000000 ) ) ;
#4179 = DIRECTION ( 'NONE',  ( 1.000000000000000000, 0.000000000000000000, 0.000000000000000000 ) ) ;
#4180 = DIRECTION ( 'NONE',  ( 3.942553354492743531E-16, 1.000000000000000000, 0.000000000000000000 ) ) ;
#4181 = FILL_AREA_STYLE ('',( #4779 ) ) ;
#4182 = EDGE_CURVE ( 'NONE', #804, #2744, #230, .T. ) ;
#4183 = EDGE_CURVE ( 'NONE', #937, #343, #3658, .T. ) ;
#4184 = FACE_OUTER_BOUND ( 'NONE', #2972, .T. ) ;
#4185 = ADVANCED_FACE ( 'NONE', ( #1999 ), #6247, .T. ) ;
#4186 = VERTEX_POINT ( 'NONE', #402 ) ;
#4187 = FACE_OUTER_BOUND ( 'NONE', #1978, .T. ) ;
#4188 = ORIENTED_EDGE ( 'NONE', *, *, #3377, .T. ) ;
#4189 = SURFACE_STYLE_FILL_AREA ( #2570 ) ;
#4190 = LINE ( 'NONE', #2531, #1850 ) ;
#4191 = MANIFOLD_SOLID_BREP ( 'LPattern8[7]', #3012 ) ;
#4192 = EDGE_LOOP ( 'NONE', ( #4308, #3575, #2829, #1638 ) ) ;
#4193 = ORIENTED_EDGE ( 'NONE', *, *, #1409, .F. ) ;
#4194 = DIRECTION ( 'NONE',  ( -1.000000000000000000, -0.000000000000000000, -0.000000000000000000 ) ) ;
#4195 = ORIENTED_EDGE ( 'NONE', *, *, #3083, .T. ) ;
#4196 = PLANE ( 'NONE',  #1297 ) ;
#4197 = DIRECTION ( 'NONE',  ( 1.000000000000000000, 3.942553354492742545E-16, 0.000000000000000000 ) ) ;
#4198 = PLANE ( 'NONE',  #6494 ) ;
#4199 = ORIENTED_EDGE ( 'NONE', *, *, #5041, .F. ) ;
#4200 = ORIENTED_EDGE ( 'NONE', *, *, #5899, .F. ) ;
#4201 = CARTESIAN_POINT ( 'NONE',  ( 0.4999999999999970024, -2.500000000000000000, -0.02000000000000000042 ) ) ;
#4202 = VERTEX_POINT ( 'NONE', #5758 ) ;
#4203 = LINE ( 'NONE', #1551, #4330 ) ;
#4204 = VECTOR ( 'NONE', #1121, 1000.000000000000000 ) ;
#4205 = DIRECTION ( 'NONE',  ( 1.000000000000000000, 0.000000000000000000, 0.000000000000000000 ) ) ;
#4206 = LINE ( 'NONE', #914, #5578 ) ;
#4207 = CARTESIAN_POINT ( 'NONE',  ( -0.5000000000000004441, 1.949999999999999956, -0.02000000000000000042 ) ) ;
#4208 = ADVANCED_FACE ( 'NONE', ( #1958 ), #3139, .T. ) ;
#4209 = ADVANCED_FACE ( 'NONE', ( #1396 ), #1435, .F. ) ;
#4210 = ORIENTED_EDGE ( 'NONE', *, *, #983, .T. ) ;
#4211 = MANIFOLD_SOLID_BREP ( 'Boss-Extrude7[1]', #3235 ) ;
#4212 = DIRECTION ( 'NONE',  ( -0.000000000000000000, 1.000000000000000000, -0.000000000000000000 ) ) ;
#4213 = CARTESIAN_POINT ( 'NONE',  ( 0.4999999999999978351, -1.949999999999999956, 0.1800000000000000211 ) ) ;
#4214 = LINE ( 'NONE', #6377, #4025 ) ;
#4215 = VECTOR ( 'NONE', #4418, 1000.000000000000000 ) ;
#4216 = EDGE_CURVE ( 'NONE', #3230, #6969, #5187, .T. ) ;
#4217 = VECTOR ( 'NONE', #4274, 1000.000000000000000 ) ;
#4218 = PLANE ( 'NONE',  #6937 ) ;
#4219 = ORIENTED_EDGE ( 'NONE', *, *, #4655, .F. ) ;
#4220 = FACE_OUTER_BOUND ( 'NONE', #5492, .T. ) ;
#4221 = VECTOR ( 'NONE', #806, 1000.000000000000000 ) ;
#4222 = VECTOR ( 'NONE', #939, 1000.000000000000000 ) ;
#4223 =( NAMED_UNIT ( * ) SI_UNIT ( $, .STERADIAN. ) SOLID_ANGLE_UNIT ( ) );
#4224 = ORIENTED_EDGE ( 'NONE', *, *, #1242, .F. ) ;
#4225 = VECTOR ( 'NONE', #2297, 1000.000000000000000 ) ;
#4226 = VECTOR ( 'NONE', #3417, 1000.000000000000000 ) ;
#4227 = AXIS2_PLACEMENT_3D ( 'NONE', #1813, #776, #2925 ) ;
#4228 = CARTESIAN_POINT ( 'NONE',  ( -2.500000000000000000, -0.7999999999999997113, -0.02000000000000000042 ) ) ;
#4229 = EDGE_LOOP ( 'NONE', ( #4401, #2947, #2142, #1923 ) ) ;
#4230 = LINE ( 'NONE', #876, #6945 ) ;
#4231 = AXIS2_PLACEMENT_3D ( 'NONE', #628, #5083, #1258 ) ;
#4232 = VECTOR ( 'NONE', #1318, 1000.000000000000000 ) ;
#4233 = LINE ( 'NONE', #6358, #1862 ) ;
#4234 = MANIFOLD_SOLID_BREP ( 'LPattern8[4]', #66 ) ;
#4235 = ORIENTED_EDGE ( 'NONE', *, *, #5996, .F. ) ;
#4236 = ORIENTED_EDGE ( 'NONE', *, *, #244, .T. ) ;
#4237 = CARTESIAN_POINT ( 'NONE',  ( 2.500000000000000000, -1.150000000000000355, -0.02000000000000000042 ) ) ;
#4238 = ORIENTED_EDGE ( 'NONE', *, *, #4655, .T. ) ;
#4239 = FACE_OUTER_BOUND ( 'NONE', #449, .T. ) ;
#4240 = DIRECTION ( 'NONE',  ( 1.000000000000000000, 0.000000000000000000, 0.000000000000000000 ) ) ;
#4241 = VECTOR ( 'NONE', #1992, 1000.000000000000000 ) ;
#4242 = VECTOR ( 'NONE', #535, 1000.000000000000000 ) ;
#4243 = DIRECTION ( 'NONE',  ( 0.000000000000000000, 1.000000000000000000, 0.000000000000000000 ) ) ;
#4244 = CARTESIAN_POINT ( 'NONE',  ( 0.000000000000000000, 0.6500000000000000222, 0.1800000000000000211 ) ) ;
#4245 = VERTEX_POINT ( 'NONE', #5255 ) ;
#4246 = VECTOR ( 'NONE', #6067, 1000.000000000000000 ) ;
#4247 = FACE_OUTER_BOUND ( 'NONE', #4918, .T. ) ;
#4248 = ADVANCED_FACE ( 'NONE', ( #6422 ), #6564, .F. ) ;
#4249 = CARTESIAN_POINT ( 'NONE',  ( -2.469999999999999751, 2.469999999999999751, 0.7500000000000000000 ) ) ;
#4250 = DIRECTION ( 'NONE',  ( 0.000000000000000000, -1.000000000000000000, 0.000000000000000000 ) ) ;
#4251 = LINE ( 'NONE', #2660, #3907 ) ;
#4252 =( LENGTH_UNIT ( ) NAMED_UNIT ( * ) SI_UNIT ( .MILLI., .METRE. ) );
#4253 = CARTESIAN_POINT ( 'NONE',  ( -2.500000000000000000, 1.450000000000000178, 0.1800000000000000211 ) ) ;
#4254 = EDGE_CURVE ( 'NONE', #1565, #4022, #1670, .T. ) ;
#4255 = CARTESIAN_POINT ( 'NONE',  ( 0.7999999999999999334, -2.500000000000000000, 0.1800000000000000211 ) ) ;
#4256 = EDGE_CURVE ( 'NONE', #6662, #2384, #5928, .T. ) ;
#4257 = ORIENTED_EDGE ( 'NONE', *, *, #4121, .F. ) ;
#4258 = DIRECTION ( 'NONE',  ( 1.000000000000000000, -7.885106708985480159E-16, 0.000000000000000000 ) ) ;
#4259 = MANIFOLD_SOLID_BREP ( 'LPattern2[2]', #183 ) ;
#4260 = EDGE_CURVE ( 'NONE', #3094, #692, #6958, .T. ) ;
#4261 = SURFACE_STYLE_USAGE ( .BOTH. , #6801 ) ;
#4262 = ORIENTED_EDGE ( 'NONE', *, *, #3993, .F. ) ;
#4263 = DIRECTION ( 'NONE',  ( 0.000000000000000000, -1.000000000000000000, 0.000000000000000000 ) ) ;
#4264 = EDGE_CURVE ( 'NONE', #6360, #3072, #517, .T. ) ;
#4265 = ORIENTED_EDGE ( 'NONE', *, *, #5754, .F. ) ;
#4266 = LINE ( 'NONE', #3804, #384 ) ;
#4267 = VECTOR ( 'NONE', #2568, 1000.000000000000000 ) ;
#4268 = MANIFOLD_SOLID_BREP ( 'LPattern8[6]', #1079 ) ;
#4269 = EDGE_CURVE ( 'NONE', #4112, #3353, #2811, .T. ) ;
#4270 = ORIENTED_EDGE ( 'NONE', *, *, #2928, .T. ) ;
#4271 = ORIENTED_EDGE ( 'NONE', *, *, #2050, .T. ) ;
#4272 = CYLINDRICAL_SURFACE ( 'NONE', #1823, 0.2000000000000003164 ) ;
#4273 = ORIENTED_EDGE ( 'NONE', *, *, #2339, .F. ) ;
#4274 = DIRECTION ( 'NONE',  ( -0.000000000000000000, -0.000000000000000000, -1.000000000000000000 ) ) ;
#4275 = CARTESIAN_POINT ( 'NONE',  ( -1.949999999999999956, -1.149999999999999467, -0.02000000000000000042 ) ) ;
#4276 =( LENGTH_UNIT ( ) NAMED_UNIT ( * ) SI_UNIT ( .MILLI., .METRE. ) );
#4277 = CARTESIAN_POINT ( 'NONE',  ( -1.624999999999999778, 1.275000000000000133, 0.01000000000000000021 ) ) ;
#4278 = ORIENTED_EDGE ( 'NONE', *, *, #6184, .T. ) ;
#4279 = VECTOR ( 'NONE', #4095, 1000.000000000000000 ) ;
#4280 = CARTESIAN_POINT ( 'NONE',  ( -0.5000000000000004441, -1.949999999999999956, -0.02000000000000000042 ) ) ;
#4281 = CARTESIAN_POINT ( 'NONE',  ( -2.500000000000000000, 0.1500000000000001887, -0.02000000000000000042 ) ) ;
#4282 = CARTESIAN_POINT ( 'NONE',  ( 1.949999999999999512, -1.149999999999999911, 0.1800000000000000211 ) ) ;
#4283 = LINE ( 'NONE', #3379, #4215 ) ;
#4284 = ORIENTED_EDGE ( 'NONE', *, *, #6100, .F. ) ;
#4285 = DIRECTION ( 'NONE',  ( -0.000000000000000000, -0.000000000000000000, 1.000000000000000000 ) ) ;
#4286 = EDGE_CURVE ( 'NONE', #988, #5686, #6988, .T. ) ;
#4287 = ORIENTED_EDGE ( 'NONE', *, *, #6978, .F. ) ;
#4288 = SURFACE_SIDE_STYLE ('',( #1003 ) ) ;
#4289 = CARTESIAN_POINT ( 'NONE',  ( -2.500000000000000000, 1.150000000000000133, 0.1800000000000000211 ) ) ;
#4290 = DIRECTION ( 'NONE',  ( 0.000000000000000000, 0.000000000000000000, 1.000000000000000000 ) ) ;
#4291 = VERTEX_POINT ( 'NONE', #2950 ) ;
#4292 = ORIENTED_EDGE ( 'NONE', *, *, #1355, .F. ) ;
#4293 = CARTESIAN_POINT ( 'NONE',  ( -0.1500000000000029921, -2.500000000000000000, 0.1800000000000000211 ) ) ;
#4294 = EDGE_LOOP ( 'NONE', ( #4195, #2106, #2776, #4044 ) ) ;
#4295 = CARTESIAN_POINT ( 'NONE',  ( -2.500000000000000000, 0.1500000000000001887, 0.1800000000000000211 ) ) ;
#4296 = CARTESIAN_POINT ( 'NONE',  ( 1.149999999999999911, 2.500000000000000000, 0.1800000000000000211 ) ) ;
#4297 = EDGE_CURVE ( 'NONE', #5308, #1227, #799, .T. ) ;
#4298 = STYLED_ITEM ( 'NONE', ( #5178 ), #1835 ) ;
#4299 = LINE ( 'NONE', #2146, #1312 ) ;
#4300 = ORIENTED_EDGE ( 'NONE', *, *, #2145, .T. ) ;
#4301 = VECTOR ( 'NONE', #2639, 1000.000000000000000 ) ;
#4302 = LINE ( 'NONE', #4909, #4315 ) ;
#4303 = VERTEX_POINT ( 'NONE', #689 ) ;
#4304 = DIRECTION ( 'NONE',  ( 0.000000000000000000, 1.000000000000000000, 0.000000000000000000 ) ) ;
#4305 = DIRECTION ( 'NONE',  ( 1.000000000000000000, 0.000000000000000000, -0.000000000000000000 ) ) ;
#4306 = CARTESIAN_POINT ( 'NONE',  ( -1.949999999999999956, -1.449999999999999956, -0.02000000000000000042 ) ) ;
#4307 = EDGE_CURVE ( 'NONE', #3529, #1182, #5043, .T. ) ;
#4308 = ORIENTED_EDGE ( 'NONE', *, *, #2921, .T. ) ;
#4309 = AXIS2_PLACEMENT_3D ( 'NONE', #1230, #2368, #783 ) ;
#4310 = VERTEX_POINT ( 'NONE', #4469 ) ;
#4311 = VECTOR ( 'NONE', #316, 1000.000000000000000 ) ;
#4312 = CARTESIAN_POINT ( 'NONE',  ( -1.624999999999999778, 1.275000000000000133, 0.000000000000000000 ) ) ;
#4313 = CARTESIAN_POINT ( 'NONE',  ( -0.5000000000000004441, 1.949999999999999956, 0.1800000000000000211 ) ) ;
#4314 = DIRECTION ( 'NONE',  ( -0.000000000000000000, -0.000000000000000000, -1.000000000000000000 ) ) ;
#4315 = VECTOR ( 'NONE', #6467, 1000.000000000000000 ) ;
#4316 = VECTOR ( 'NONE', #2164, 1000.000000000000000 ) ;
#4317 = CARTESIAN_POINT ( 'NONE',  ( 1.449999999999999512, -1.949999999999999956, 0.1800000000000000488 ) ) ;
#4318 = VERTEX_POINT ( 'NONE', #121 ) ;
#4319 =( NAMED_UNIT ( * ) PLANE_ANGLE_UNIT ( ) SI_UNIT ( $, .RADIAN. ) );
#4320 = AXIS2_PLACEMENT_3D ( 'NONE', #9, #3791, #150 ) ;
#4321 = FACE_OUTER_BOUND ( 'NONE', #5851, .T. ) ;
#4322 = CARTESIAN_POINT ( 'NONE',  ( 2.500000000000000000, 1.150000000000000133, 0.1800000000000000211 ) ) ;
#4323 = VECTOR ( 'NONE', #6348, 1000.000000000000000 ) ;
#4324 = EDGE_LOOP ( 'NONE', ( #6905, #3798, #1594, #2230 ) ) ;
#4325 = ORIENTED_EDGE ( 'NONE', *, *, #36, .F. ) ;
#4326 = CYLINDRICAL_SURFACE ( 'NONE', #3736, 0.03000000000000007869 ) ;
#4327 = VECTOR ( 'NONE', #334, 1000.000000000000000 ) ;
#4328 = VECTOR ( 'NONE', #2538, 1000.000000000000000 ) ;
#4329 = ORIENTED_EDGE ( 'NONE', *, *, #4048, .T. ) ;
#4330 = VECTOR ( 'NONE', #5334, 1000.000000000000000 ) ;
#4331 = CARTESIAN_POINT ( 'NONE',  ( 1.949999999999999512, 0.1499999999999999667, -0.02000000000000000042 ) ) ;
#4332 = LINE ( 'NONE', #1143, #4449 ) ;
#4333 = VECTOR ( 'NONE', #3788, 1000.000000000000000 ) ;
#4334 = VECTOR ( 'NONE', #3730, 1000.000000000000000 ) ;
#4335 = ORIENTED_EDGE ( 'NONE', *, *, #446, .T. ) ;
#4336 = DIRECTION ( 'NONE',  ( 0.000000000000000000, -0.000000000000000000, 1.000000000000000000 ) ) ;
#4337 = AXIS2_PLACEMENT_3D ( 'NONE', #2227, #1046, #5366 ) ;
#4338 = ORIENTED_EDGE ( 'NONE', *, *, #6548, .T. ) ;
#4339 = DIRECTION ( 'NONE',  ( -1.577021341797097018E-15, -1.000000000000000000, 0.000000000000000000 ) ) ;
#4340 = EDGE_CURVE ( 'NONE', #4719, #1464, #4530, .T. ) ;
#4341 = EDGE_CURVE ( 'NONE', #642, #3174, #6715, .T. ) ;
#4342 = VECTOR ( 'NONE', #5643, 1000.000000000000000 ) ;
#4343 = CARTESIAN_POINT ( 'NONE',  ( 1.449999999999999512, -1.949999999999999956, -0.02000000000000000042 ) ) ;
#4344 = CARTESIAN_POINT ( 'NONE',  ( 1.149999999999999911, 1.949999999999999956, 0.1800000000000000211 ) ) ;
#4345 = VERTEX_POINT ( 'NONE', #5108 ) ;
#4346 = VERTEX_POINT ( 'NONE', #1846 ) ;
#4347 = CARTESIAN_POINT ( 'NONE',  ( 0.7999999999999999334, 2.500000000000000000, -0.02000000000000000042 ) ) ;
#4348 = VECTOR ( 'NONE', #3359, 1000.000000000000000 ) ;
#4349 = ADVANCED_FACE ( 'NONE', ( #6069 ), #1216, .F. ) ;
#4350 = CARTESIAN_POINT ( 'NONE',  ( -1.449999999999999956, 2.500000000000000000, -0.02000000000000000042 ) ) ;
#4351 = DIRECTION ( 'NONE',  ( 0.000000000000000000, -1.000000000000000000, 0.000000000000000000 ) ) ;
#4352 = CARTESIAN_POINT ( 'NONE',  ( 2.469999999999999751, -2.469999999999999751, 0.7500000000000000000 ) ) ;
#4353 = VECTOR ( 'NONE', #1277, 1000.000000000000000 ) ;
#4354 = CARTESIAN_POINT ( 'NONE',  ( -2.500000000000000000, 0.5000000000000002220, 0.1800000000000000211 ) ) ;
#4355 = AXIS2_PLACEMENT_3D ( 'NONE', #5626, #2893, #1225 ) ;
#4356 = ORIENTED_EDGE ( 'NONE', *, *, #4783, .F. ) ;
#4357 = CARTESIAN_POINT ( 'NONE',  ( -0.1500000000000029921, -2.500000000000000000, 0.1800000000000000488 ) ) ;
#4358 = CARTESIAN_POINT ( 'NONE',  ( 0.4999999999999978351, -1.949999999999999956, -0.02000000000000000042 ) ) ;
#4359 = VERTEX_POINT ( 'NONE', #4572 ) ;
#4360 = ORIENTED_EDGE ( 'NONE', *, *, #2447, .F. ) ;
#4361 = FACE_OUTER_BOUND ( 'NONE', #3983, .T. ) ;
#4362 = VERTEX_POINT ( 'NONE', #1807 ) ;
#4363 = LINE ( 'NONE', #3213, #4334 ) ;
#4364 = PLANE ( 'NONE',  #3328 ) ;
#4365 = PLANE ( 'NONE',  #4114 ) ;
#4366 = DIRECTION ( 'NONE',  ( 1.000000000000000000, 0.000000000000000000, 0.000000000000000000 ) ) ;
#4367 = ORIENTED_EDGE ( 'NONE', *, *, #2339, .T. ) ;
#4368 = DIRECTION ( 'NONE',  ( -0.000000000000000000, -0.000000000000000000, 1.000000000000000000 ) ) ;
#4369 = ORIENTED_EDGE ( 'NONE', *, *, #5265, .T. ) ;
#4370 = CARTESIAN_POINT ( 'NONE',  ( -1.949999999999999956, -0.4999999999999995559, -0.02000000000000000042 ) ) ;
#4371 = CARTESIAN_POINT ( 'NONE',  ( -0.7999999999999999334, 1.949999999999999956, -0.02000000000000000042 ) ) ;
#4372 = DIRECTION ( 'NONE',  ( 0.000000000000000000, 0.000000000000000000, -1.000000000000000000 ) ) ;
#4373 = EDGE_CURVE ( 'NONE', #379, #5006, #4013, .T. ) ;
#4374 = EDGE_CURVE ( 'NONE', #5657, #3403, #5614, .T. ) ;
#4375 = ORIENTED_EDGE ( 'NONE', *, *, #3262, .T. ) ;
#4376 = ORIENTED_EDGE ( 'NONE', *, *, #6713, .F. ) ;
#4377 = CARTESIAN_POINT ( 'NONE',  ( 2.500000000000000000, -0.1499999999999997446, -0.02000000000000000042 ) ) ;
#4378 = EDGE_CURVE ( 'NONE', #3973, #6432, #1702, .T. ) ;
#4379 = DIRECTION ( 'NONE',  ( -0.000000000000000000, -0.000000000000000000, -1.000000000000000000 ) ) ;
#4380 = CARTESIAN_POINT ( 'NONE',  ( -1.449999999999999956, 2.500000000000000000, -0.02000000000000000042 ) ) ;
#4381 = DIRECTION ( 'NONE',  ( -0.000000000000000000, -0.000000000000000000, 1.000000000000000000 ) ) ;
#4382 = DIRECTION ( 'NONE',  ( -0.000000000000000000, -0.000000000000000000, -1.000000000000000000 ) ) ;
#4383 = CARTESIAN_POINT ( 'NONE',  ( 1.449999999999999956, 2.500000000000000000, -0.02000000000000000042 ) ) ;
#4384 = CARTESIAN_POINT ( 'NONE',  ( -0.1499999999999999667, 1.949999999999999956, -0.02000000000000000042 ) ) ;
#4385 = PLANE ( 'NONE',  #367 ) ;
#4386 = ADVANCED_FACE ( 'NONE', ( #5000 ), #3861, .F. ) ;
#4387 = LINE ( 'NONE', #5388, #5732 ) ;
#4388 = VECTOR ( 'NONE', #185, 1000.000000000000000 ) ;
#4389 = ORIENTED_EDGE ( 'NONE', *, *, #549, .F. ) ;
#4390 = EDGE_LOOP ( 'NONE', ( #2375, #1701, #2790, #4942 ) ) ;
#4391 = CARTESIAN_POINT ( 'NONE',  ( -0.5000000000000000000, 2.500000000000000000, 0.000000000000000000 ) ) ;
#4392 = VERTEX_POINT ( 'NONE', #6138 ) ;
#4393 = ORIENTED_EDGE ( 'NONE', *, *, #2979, .T. ) ;
#4394 = DIRECTION ( 'NONE',  ( 0.000000000000000000, -0.000000000000000000, 1.000000000000000000 ) ) ;
#4395 = ORIENTED_EDGE ( 'NONE', *, *, #4635, .F. ) ;
#4396 = DIRECTION ( 'NONE',  ( -1.000000000000000000, -3.942553354492739094E-16, 0.000000000000000000 ) ) ;
#4397 = CARTESIAN_POINT ( 'NONE',  ( -2.500000000000000000, 1.150000000000000133, 0.1800000000000000211 ) ) ;
#4398 = EDGE_CURVE ( 'NONE', #6662, #6770, #1251, .T. ) ;
#4399 = DIRECTION ( 'NONE',  ( -1.000000000000000000, 0.000000000000000000, 0.000000000000000000 ) ) ;
#4400 = DIRECTION ( 'NONE',  ( 1.000000000000000000, -0.000000000000000000, -0.000000000000000000 ) ) ;
#4401 = ORIENTED_EDGE ( 'NONE', *, *, #708, .T. ) ;
#4402 = PLANE ( 'NONE',  #977 ) ;
#4403 = DIRECTION ( 'NONE',  ( -0.000000000000000000, 0.000000000000000000, -1.000000000000000000 ) ) ;
#4404 = ORIENTED_EDGE ( 'NONE', *, *, #6309, .T. ) ;
#4405 = DIRECTION ( 'NONE',  ( -1.000000000000000000, 0.000000000000000000, 0.000000000000000000 ) ) ;
#4406 = CARTESIAN_POINT ( 'NONE',  ( 1.149999999999997025, -2.500000000000000000, -0.02000000000000000042 ) ) ;
#4407 = CARTESIAN_POINT ( 'NONE',  ( 0.7999999999999999334, 2.500000000000000000, 0.000000000000000000 ) ) ;
#4408 = ORIENTED_EDGE ( 'NONE', *, *, #1055, .F. ) ;
#4409 = ORIENTED_EDGE ( 'NONE', *, *, #6995, .F. ) ;
#4410 = CARTESIAN_POINT ( 'NONE',  ( -1.624999999999999778, -1.624999999999999334, 0.01000000000000000021 ) ) ;
#4411 = LINE ( 'NONE', #6587, #6725 ) ;
#4412 = PLANE ( 'NONE',  #6862 ) ;
#4413 = LINE ( 'NONE', #6591, #6629 ) ;
#4414 = EDGE_CURVE ( 'NONE', #6386, #3069, #1284, .T. ) ;
#4415 = LINE ( 'NONE', #5559, #5832 ) ;
#4416 = EDGE_CURVE ( 'NONE', #130, #1270, #4966, .T. ) ;
#4417 = LINE ( 'NONE', #6594, #5484 ) ;
#4418 = DIRECTION ( 'NONE',  ( 1.000000000000000000, 3.942553354492742545E-16, 0.000000000000000000 ) ) ;
#4419 = ADVANCED_FACE ( 'NONE', ( #5570 ), #3904, .F. ) ;
#4420 = AXIS2_PLACEMENT_3D ( 'NONE', #6631, #212, #4032 ) ;
#4421 = CARTESIAN_POINT ( 'NONE',  ( 0.1499999999999999667, -2.500000000000000000, 0.1800000000000000488 ) ) ;
#4422 = VECTOR ( 'NONE', #5547, 1000.000000000000000 ) ;
#4423 = CARTESIAN_POINT ( 'NONE',  ( 0.1499999999999995226, -1.949999999999999956, 0.1800000000000000211 ) ) ;
#4424 = CARTESIAN_POINT ( 'NONE',  ( 2.500000000000000000, -0.5000000000000004441, -0.02000000000000000042 ) ) ;
#4425 = EDGE_CURVE ( 'NONE', #2899, #3890, #390, .T. ) ;
#4426 =( NAMED_UNIT ( * ) SI_UNIT ( $, .STERADIAN. ) SOLID_ANGLE_UNIT ( ) );
#4427 = VECTOR ( 'NONE', #2342, 999.9999999999998863 ) ;
#4428 = ORIENTED_EDGE ( 'NONE', *, *, #3608, .T. ) ;
#4429 = VERTEX_POINT ( 'NONE', #6238 ) ;
#4430 = COLOUR_RGB ( '',0.8039215686274510109, 0.8039215686274510109, 0.8039215686274510109 ) ;
#4431 = CARTESIAN_POINT ( 'NONE',  ( -1.949999999999999956, -0.7999999999999999334, -0.02000000000000000042 ) ) ;
#4432 = ORIENTED_EDGE ( 'NONE', *, *, #2962, .F. ) ;
#4433 = PLANE ( 'NONE',  #276 ) ;
#4434 = CARTESIAN_POINT ( 'NONE',  ( 2.499999999999999556, -2.469999999999999751, 0.7800000000000000266 ) ) ;
#4435 = ADVANCED_FACE ( 'NONE', ( #4072 ), #6782, .F. ) ;
#4436 = ADVANCED_FACE ( 'NONE', ( #3027 ), #828, .T. ) ;
#4437 = DIRECTION ( 'NONE',  ( 7.885106708985486076E-16, -1.000000000000000000, -0.000000000000000000 ) ) ;
#4438 = VECTOR ( 'NONE', #252, 1000.000000000000000 ) ;
#4439 = CARTESIAN_POINT ( 'NONE',  ( 2.600000000000000089, 0.000000000000000000, -0.02000000000000000042 ) ) ;
#4440 = VECTOR ( 'NONE', #503, 1000.000000000000000 ) ;
#4441 = ORIENTED_EDGE ( 'NONE', *, *, #6816, .T. ) ;
#4442 = DIRECTION ( 'NONE',  ( -1.000000000000000000, -3.942553354492740080E-16, 0.000000000000000000 ) ) ;
#4443 = CIRCLE ( 'NONE', #3217, 0.03000000000000007869 ) ;
#4444 = DIRECTION ( 'NONE',  ( -0.000000000000000000, -0.000000000000000000, 1.000000000000000000 ) ) ;
#4445 = ORIENTED_EDGE ( 'NONE', *, *, #1444, .T. ) ;
#4446 = CARTESIAN_POINT ( 'NONE',  ( -2.469999999999999751, -2.469999999999999751, 0.7800000000000000266 ) ) ;
#4447 = AXIS2_PLACEMENT_3D ( 'NONE', #4809, #1553, #5983 ) ;
#4448 = DIRECTION ( 'NONE',  ( 1.000000000000000000, 3.942553354492743531E-16, 0.000000000000000000 ) ) ;
#4449 = VECTOR ( 'NONE', #588, 1000.000000000000000 ) ;
#4450 = VECTOR ( 'NONE', #443, 1000.000000000000000 ) ;
#4451 = VECTOR ( 'NONE', #636, 1000.000000000000000 ) ;
#4452 = CARTESIAN_POINT ( 'NONE',  ( -1.624999999999999778, 1.275000000000000133, -0.02000000000000000042 ) ) ;
#4453 = ORIENTED_EDGE ( 'NONE', *, *, #359, .F. ) ;
#4454 = AXIS2_PLACEMENT_3D ( 'NONE', #3597, #4551, #906 ) ;
#4455 = ORIENTED_EDGE ( 'NONE', *, *, #6527, .T. ) ;
#4456 = DIRECTION ( 'NONE',  ( -0.000000000000000000, -0.000000000000000000, -1.000000000000000000 ) ) ;
#4457 = VECTOR ( 'NONE', #3586, 1000.000000000000000 ) ;
#4458 = VECTOR ( 'NONE', #1566, 1000.000000000000000 ) ;
#4459 = LINE ( 'NONE', #6017, #4784 ) ;
#4460 = CARTESIAN_POINT ( 'NONE',  ( 0.5000000000000000000, 1.949999999999999956, 0.1800000000000000211 ) ) ;
#4461 = DIRECTION ( 'NONE',  ( 0.000000000000000000, 0.000000000000000000, 1.000000000000000000 ) ) ;
#4462 = CARTESIAN_POINT ( 'NONE',  ( 1.625000000000000222, -1.624999999999999334, 0.01000000000000000021 ) ) ;
#4463 = LINE ( 'NONE', #3022, #4928 ) ;
#4464 = CARTESIAN_POINT ( 'NONE',  ( 0.1499999999999995226, -1.949999999999999956, 0.000000000000000000 ) ) ;
#4465 = ADVANCED_FACE ( 'NONE', ( #5202 ), #294, .F. ) ;
#4466 = VECTOR ( 'NONE', #3787, 1000.000000000000000 ) ;
#4467 = DIRECTION ( 'NONE',  ( -7.885106708985485090E-16, -1.000000000000000000, 0.000000000000000000 ) ) ;
#4468 = ORIENTED_EDGE ( 'NONE', *, *, #5691, .T. ) ;
#4469 = CARTESIAN_POINT ( 'NONE',  ( -0.8000000000000020428, -1.949999999999999956, -0.02000000000000000042 ) ) ;
#4470 = DIRECTION ( 'NONE',  ( -0.000000000000000000, -0.000000000000000000, -1.000000000000000000 ) ) ;
#4471 = LINE ( 'NONE', #1287, #2410 ) ;
#4472 = ORIENTED_EDGE ( 'NONE', *, *, #3944, .T. ) ;
#4473 = EDGE_CURVE ( 'NONE', #2211, #3780, #6882, .T. ) ;
#4474 = EDGE_CURVE ( 'NONE', #1041, #4094, #2560, .T. ) ;
#4475 = ORIENTED_EDGE ( 'NONE', *, *, #106, .T. ) ;
#4476 = DIRECTION ( 'NONE',  ( 0.000000000000000000, 1.000000000000000000, 0.000000000000000000 ) ) ;
#4477 = EDGE_CURVE ( 'NONE', #3469, #6391, #350, .T. ) ;
#4478 = ORIENTED_EDGE ( 'NONE', *, *, #1985, .F. ) ;
#4479 = CARTESIAN_POINT ( 'NONE',  ( -0.1499999999999999667, 1.949999999999999956, 0.1800000000000000211 ) ) ;
#4480 = CARTESIAN_POINT ( 'NONE',  ( -1.949999999999999956, -0.7999999999999999334, -0.02000000000000000042 ) ) ;
#4481 = EDGE_CURVE ( 'NONE', #4165, #4711, #428, .T. ) ;
#4482 = EDGE_LOOP ( 'NONE', ( #2170, #247, #2190, #2896 ) ) ;
#4483 = VERTEX_POINT ( 'NONE', #6312 ) ;
#4484 = LINE ( 'NONE', #6283, #1323 ) ;
#4485 = CARTESIAN_POINT ( 'NONE',  ( -1.149999999999999911, -2.500000000000000000, -0.02000000000000000042 ) ) ;
#4486 = VERTEX_POINT ( 'NONE', #3517 ) ;
#4487 = DIRECTION ( 'NONE',  ( -1.000000000000000000, -0.000000000000000000, -0.000000000000000000 ) ) ;
#4488 = FACE_OUTER_BOUND ( 'NONE', #3756, .T. ) ;
#4489 = ADVANCED_FACE ( 'NONE', ( #323 ), #6848, .F. ) ;
#4490 = CARTESIAN_POINT ( 'NONE',  ( 1.149999999999997025, -2.500000000000000000, -0.02000000000000000042 ) ) ;
#4491 = ADVANCED_FACE ( 'NONE', ( #5818 ), #1885, .T. ) ;
#4492 = EDGE_LOOP ( 'NONE', ( #313, #1820, #6857, #5804 ) ) ;
#4493 = CARTESIAN_POINT ( 'NONE',  ( -2.500000000000000000, 1.150000000000000133, 0.1800000000000000211 ) ) ;
#4494 = FACE_OUTER_BOUND ( 'NONE', #1897, .T. ) ;
#4495 = CARTESIAN_POINT ( 'NONE',  ( 1.449999999999999512, 1.949999999999999956, 0.1800000000000000488 ) ) ;
#4496 = LINE ( 'NONE', #4462, #5934 ) ;
#4497 = CARTESIAN_POINT ( 'NONE',  ( -0.1499999999999999667, 1.949999999999999956, -0.02000000000000000042 ) ) ;
#4498 = LINE ( 'NONE', #6641, #3650 ) ;
#4499 = ORIENTED_EDGE ( 'NONE', *, *, #494, .F. ) ;
#4500 = ORIENTED_EDGE ( 'NONE', *, *, #6380, .T. ) ;
#4501 = CARTESIAN_POINT ( 'NONE',  ( 0.6500000000000000222, 0.000000000000000000, 0.1800000000000000211 ) ) ;
#4502 = CARTESIAN_POINT ( 'NONE',  ( -1.949999999999999956, 1.450000000000000400, 0.1800000000000000211 ) ) ;
#4503 = FILL_AREA_STYLE ('',( #728 ) ) ;
#4504 = ORIENTED_EDGE ( 'NONE', *, *, #4701, .F. ) ;
#4505 = DIRECTION ( 'NONE',  ( 1.000000000000000000, 0.000000000000000000, 0.000000000000000000 ) ) ;
#4506 = EDGE_LOOP ( 'NONE', ( #1957, #872, #3735, #5535 ) ) ;
#4507 = DIRECTION ( 'NONE',  ( -0.000000000000000000, -0.000000000000000000, 1.000000000000000000 ) ) ;
#4508 = DIRECTION ( 'NONE',  ( -0.000000000000000000, -0.000000000000000000, 1.000000000000000000 ) ) ;
#4509 = VECTOR ( 'NONE', #4765, 1000.000000000000000 ) ;
#4510 = CARTESIAN_POINT ( 'NONE',  ( 2.500000000000000000, -1.150000000000000355, 0.1800000000000000211 ) ) ;
#4511 = ORIENTED_EDGE ( 'NONE', *, *, #2313, .T. ) ;
#4512 = ORIENTED_EDGE ( 'NONE', *, *, #2892, .F. ) ;
#4513 = CARTESIAN_POINT ( 'NONE',  ( -0.1500000000000029921, -2.500000000000000000, 0.000000000000000000 ) ) ;
#4514 = EDGE_LOOP ( 'NONE', ( #1002, #843, #2407, #5789 ) ) ;
#4515 = LINE ( 'NONE', #6694, #1967 ) ;
#4516 = DIRECTION ( 'NONE',  ( -1.000000000000000000, 0.000000000000000000, 0.000000000000000000 ) ) ;
#4517 = ADVANCED_FACE ( 'NONE', ( #1386 ), #917, .T. ) ;
#4518 = DIRECTION ( 'NONE',  ( 0.000000000000000000, -1.000000000000000000, 0.000000000000000000 ) ) ;
#4519 = ORIENTED_EDGE ( 'NONE', *, *, #4477, .T. ) ;
#4520 = DIRECTION ( 'NONE',  ( 1.000000000000000000, -3.942553354492742545E-16, 0.000000000000000000 ) ) ;
#4521 = DIRECTION ( 'NONE',  ( -0.000000000000000000, 0.000000000000000000, 1.000000000000000000 ) ) ;
#4522 = VECTOR ( 'NONE', #1453, 1000.000000000000000 ) ;
#4523 = PLANE ( 'NONE',  #2657 ) ;
#4524 = DIRECTION ( 'NONE',  ( 0.000000000000000000, -0.000000000000000000, 1.000000000000000000 ) ) ;
#4525 = EDGE_CURVE ( 'NONE', #1775, #4486, #4145, .T. ) ;
#4526 = CARTESIAN_POINT ( 'NONE',  ( 1.949999999999999512, -0.5000000000000000000, -0.02000000000000000042 ) ) ;
#4527 = VERTEX_POINT ( 'NONE', #961 ) ;
#4528 = FACE_OUTER_BOUND ( 'NONE', #1934, .T. ) ;
#4529 = ORIENTED_EDGE ( 'NONE', *, *, #4635, .T. ) ;
#4530 = LINE ( 'NONE', #6647, #6851 ) ;
#4531 = CARTESIAN_POINT ( 'NONE',  ( 0.6500000000000000222, 0.000000000000000000, 0.1800000000000000211 ) ) ;
#4532 = EDGE_CURVE ( 'NONE', #6993, #4362, #3129, .T. ) ;
#4533 = ORIENTED_EDGE ( 'NONE', *, *, #6775, .F. ) ;
#4534 = ORIENTED_EDGE ( 'NONE', *, *, #758, .F. ) ;
#4535 = CARTESIAN_POINT ( 'NONE',  ( -1.949999999999999956, 1.149999999999999911, -0.02000000000000000042 ) ) ;
#4536 = EDGE_LOOP ( 'NONE', ( #5501, #6299, #5330, #5324 ) ) ;
#4537 = STYLED_ITEM ( 'NONE', ( #2668 ), #6483 ) ;
#4538 = FACE_OUTER_BOUND ( 'NONE', #897, .T. ) ;
#4539 = DIRECTION ( 'NONE',  ( -1.000000000000000000, -3.942553354492740080E-16, 0.000000000000000000 ) ) ;
#4540 = LINE ( 'NONE', #4974, #3007 ) ;
#4541 = VECTOR ( 'NONE', #4803, 1000.000000000000000 ) ;
#4542 = COLOUR_RGB ( '',0.8039215686274510109, 0.8039215686274510109, 0.8039215686274510109 ) ;
#4543 = ORIENTED_EDGE ( 'NONE', *, *, #5265, .F. ) ;
#4544 = ORIENTED_EDGE ( 'NONE', *, *, #1055, .T. ) ;
#4545 = CARTESIAN_POINT ( 'NONE',  ( 1.949999999999999512, -0.1499999999999999667, -0.02000000000000000042 ) ) ;
#4546 = VERTEX_POINT ( 'NONE', #1950 ) ;
#4547 = PLANE ( 'NONE',  #502 ) ;
#4548 = EDGE_CURVE ( 'NONE', #1281, #6549, #3585, .T. ) ;
#4549 = VECTOR ( 'NONE', #5199, 1000.000000000000000 ) ;
#4550 = FACE_OUTER_BOUND ( 'NONE', #6799, .T. ) ;
#4551 = DIRECTION ( 'NONE',  ( 0.000000000000000000, 0.000000000000000000, -1.000000000000000000 ) ) ;
#4552 = VECTOR ( 'NONE', #4136, 1000.000000000000000 ) ;
#4553 = ORIENTED_EDGE ( 'NONE', *, *, #669, .T. ) ;
#4554 = ADVANCED_FACE ( 'NONE', ( #4609 ), #3612, .F. ) ;
#4555 = DIRECTION ( 'NONE',  ( -1.000000000000000000, -3.942553354492742545E-16, 0.000000000000000000 ) ) ;
#4556 = ADVANCED_FACE ( 'NONE', ( #6913 ), #1125, .F. ) ;
#4557 = ORIENTED_EDGE ( 'NONE', *, *, #6129, .F. ) ;
#4558 = CARTESIAN_POINT ( 'NONE',  ( -2.500000000000000000, -0.7999999999999997113, 0.000000000000000000 ) ) ;
#4559 = VECTOR ( 'NONE', #403, 1000.000000000000000 ) ;
#4560 = VECTOR ( 'NONE', #526, 1000.000000000000000 ) ;
#4561 = CARTESIAN_POINT ( 'NONE',  ( 1.149999999999997025, -2.500000000000000000, 0.1800000000000000211 ) ) ;
#4562 = CARTESIAN_POINT ( 'NONE',  ( 2.500000000000000000, 0.5000000000000002220, -0.02000000000000000042 ) ) ;
#4563 = CARTESIAN_POINT ( 'NONE',  ( 2.499999999999999556, 0.5000000000000000000, 0.000000000000000000 ) ) ;
#4564 = CARTESIAN_POINT ( 'NONE',  ( -1.450000000000002842, -2.500000000000000000, 0.1800000000000000211 ) ) ;
#4565 = CLOSED_SHELL ( 'NONE', ( #193, #2961, #6189, #1223, #539, #2096, #3741 ) ) ;
#4566 = VECTOR ( 'NONE', #4250, 1000.000000000000000 ) ;
#4567 = ORIENTED_EDGE ( 'NONE', *, *, #3495, .T. ) ;
#4568 = FILL_AREA_STYLE_COLOUR ( '', #6231 ) ;
#4569 = EDGE_CURVE ( 'NONE', #5095, #3219, #6374, .T. ) ;
#4570 = VECTOR ( 'NONE', #5024, 1000.000000000000000 ) ;
#4571 = ORIENTED_EDGE ( 'NONE', *, *, #1234, .T. ) ;
#4572 = CARTESIAN_POINT ( 'NONE',  ( -0.1500000000000021316, -1.949999999999999956, -0.02000000000000000042 ) ) ;
#4573 = DIRECTION ( 'NONE',  ( 0.000000000000000000, -1.000000000000000000, 0.000000000000000000 ) ) ;
#4574 = AXIS2_PLACEMENT_3D ( 'NONE', #1990, #4045, #888 ) ;
#4575 = ORIENTED_EDGE ( 'NONE', *, *, #1242, .T. ) ;
#4576 = EDGE_CURVE ( 'NONE', #1307, #6759, #2687, .T. ) ;
#4577 = ORIENTED_EDGE ( 'NONE', *, *, #5387, .F. ) ;
#4578 = CARTESIAN_POINT ( 'NONE',  ( 1.949999999999999512, -0.5000000000000000000, 0.1800000000000000211 ) ) ;
#4579 = ORIENTED_EDGE ( 'NONE', *, *, #244, .F. ) ;
#4580 = CARTESIAN_POINT ( 'NONE',  ( -1.949999999999999956, 0.5000000000000000000, -0.02000000000000000042 ) ) ;
#4581 = FACE_OUTER_BOUND ( 'NONE', #6190, .T. ) ;
#4582 = AXIS2_PLACEMENT_3D ( 'NONE', #3751, #651, #4926 ) ;
#4583 = CARTESIAN_POINT ( 'NONE',  ( -1.149999999999999911, 2.500000000000000000, 0.1800000000000000211 ) ) ;
#4584 = VECTOR ( 'NONE', #6409, 1000.000000000000000 ) ;
#4585 = VECTOR ( 'NONE', #190, 1000.000000000000000 ) ;
#4586 = ORIENTED_EDGE ( 'NONE', *, *, #6833, .T. ) ;
#4587 = FACE_OUTER_BOUND ( 'NONE', #4324, .T. ) ;
#4588 = ORIENTED_EDGE ( 'NONE', *, *, #6739, .F. ) ;
#4589 = LINE ( 'NONE', #6088, #1065 ) ;
#4590 =( NAMED_UNIT ( * ) PLANE_ANGLE_UNIT ( ) SI_UNIT ( $, .RADIAN. ) );
#4591 = EDGE_CURVE ( 'NONE', #5321, #546, #2658, .T. ) ;
#4592 = CARTESIAN_POINT ( 'NONE',  ( -2.500000000000000000, -2.500000000000000000, 0.000000000000000000 ) ) ;
#4593 = ADVANCED_FACE ( 'NONE', ( #6519 ), #5890, .F. ) ;
#4594 = VECTOR ( 'NONE', #4285, 1000.000000000000000 ) ;
#4595 = ORIENTED_EDGE ( 'NONE', *, *, #2327, .F. ) ;
#4596 = ORIENTED_EDGE ( 'NONE', *, *, #2979, .F. ) ;
#4597 = VERTEX_POINT ( 'NONE', #538 ) ;
#4598 = DIRECTION ( 'NONE',  ( -0.000000000000000000, -0.000000000000000000, 1.000000000000000000 ) ) ;
#4599 = FACE_OUTER_BOUND ( 'NONE', #5046, .T. ) ;
#4600 = LINE ( 'NONE', #413, #5585 ) ;
#4601 = CARTESIAN_POINT ( 'NONE',  ( -2.469999999999999751, 2.500000000000000000, 0.000000000000000000 ) ) ;
#4602 = DIRECTION ( 'NONE',  ( 1.000000000000000000, 0.000000000000000000, 0.000000000000000000 ) ) ;
#4603 = FACE_OUTER_BOUND ( 'NONE', #167, .T. ) ;
#4604 = EDGE_CURVE ( 'NONE', #1141, #6386, #2195, .T. ) ;
#4605 = VERTEX_POINT ( 'NONE', #1031 ) ;
#4606 = ADVANCED_FACE ( 'NONE', ( #3194 ), #3748, .F. ) ;
#4607 = FILL_AREA_STYLE ('',( #4568 ) ) ;
#4608 = EDGE_LOOP ( 'NONE', ( #5394, #5401, #1462, #5752 ) ) ;
#4609 = FACE_OUTER_BOUND ( 'NONE', #3888, .T. ) ;
#4610 = DIRECTION ( 'NONE',  ( 0.000000000000000000, -0.000000000000000000, 1.000000000000000000 ) ) ;
#4611 = ADVANCED_FACE ( 'NONE', ( #2722 ), #4746, .F. ) ;
#4612 = ORIENTED_EDGE ( 'NONE', *, *, #70, .F. ) ;
#4613 = LINE ( 'NONE', #3395, #2114 ) ;
#4614 = ORIENTED_EDGE ( 'NONE', *, *, #4886, .F. ) ;
#4615 = LINE ( 'NONE', #5756, #2808 ) ;
#4616 = ADVANCED_FACE ( 'NONE', ( #5445 ), #1524, .F. ) ;
#4617 = VERTEX_POINT ( 'NONE', #41 ) ;
#4618 = FILL_AREA_STYLE ('',( #4651 ) ) ;
#4619 = CARTESIAN_POINT ( 'NONE',  ( 0.7999999999999999334, 2.500000000000000000, 0.000000000000000000 ) ) ;
#4620 = AXIS2_PLACEMENT_3D ( 'NONE', #1709, #2326, #1811 ) ;
#4621 = PRODUCT ( 'MAX31865ATP+T', 'MAX31865ATP+T', '', ( #1025 ) ) ;
#4622 = VERTEX_POINT ( 'NONE', #4312 ) ;
#4623 = CARTESIAN_POINT ( 'NONE',  ( 1.949999999999999512, -0.7999999999999999334, -0.02000000000000000042 ) ) ;
#4624 = VERTEX_POINT ( 'NONE', #605 ) ;
#4625 = AXIS2_PLACEMENT_3D ( 'NONE', #6875, #5769, #1511 ) ;
#4626 = CARTESIAN_POINT ( 'NONE',  ( -2.500000000000000000, 1.450000000000000178, 0.1800000000000000211 ) ) ;
#4627 = DIRECTION ( 'NONE',  ( -1.000000000000000000, 0.000000000000000000, -0.000000000000000000 ) ) ;
#4628 = EDGE_CURVE ( 'NONE', #771, #4976, #1622, .T. ) ;
#4629 = FACE_OUTER_BOUND ( 'NONE', #2504, .T. ) ;
#4630 = EDGE_LOOP ( 'NONE', ( #127, #3239, #2160, #4543 ) ) ;
#4631 = ORIENTED_EDGE ( 'NONE', *, *, #862, .F. ) ;
#4632 = LINE ( 'NONE', #3600, #1911 ) ;
#4633 = CARTESIAN_POINT ( 'NONE',  ( -2.500000000000000000, -0.7999999999999997113, -0.02000000000000000042 ) ) ;
#4634 = CARTESIAN_POINT ( 'NONE',  ( 1.300000000000000044, 0.000000000000000000, 0.1800000000000000211 ) ) ;
#4635 = EDGE_CURVE ( 'NONE', #484, #5739, #6478, .T. ) ;
#4636 = CARTESIAN_POINT ( 'NONE',  ( 2.500000000000000000, -1.449999999999999734, -0.02000000000000000042 ) ) ;
#4637 = VERTEX_POINT ( 'NONE', #3686 ) ;
#4638 = CARTESIAN_POINT ( 'NONE',  ( -1.450000000000002176, -1.949999999999999956, 0.000000000000000000 ) ) ;
#4639 = EDGE_CURVE ( 'NONE', #4757, #643, #5349, .T. ) ;
#4640 = DIRECTION ( 'NONE',  ( -0.000000000000000000, -0.000000000000000000, 1.000000000000000000 ) ) ;
#4641 = CARTESIAN_POINT ( 'NONE',  ( -1.150000000000000355, 1.949999999999999956, -0.02000000000000000042 ) ) ;
#4642 =( LENGTH_UNIT ( ) NAMED_UNIT ( * ) SI_UNIT ( .MILLI., .METRE. ) );
#4643 = COLOUR_RGB ( '',0.8039215686274510109, 0.8039215686274510109, 0.8039215686274510109 ) ;
#4644 = EDGE_LOOP ( 'NONE', ( #712, #6550, #5956, #5364 ) ) ;
#4645 = VECTOR ( 'NONE', #6145, 1000.000000000000000 ) ;
#4646 = CARTESIAN_POINT ( 'NONE',  ( 0.000000000000000000, 0.000000000000000000, 0.000000000000000000 ) ) ;
#4647 = VERTEX_POINT ( 'NONE', #3236 ) ;
#4648 = CARTESIAN_POINT ( 'NONE',  ( 1.949999999999999512, 0.5000000000000000000, 0.1800000000000000211 ) ) ;
#4649 = ADVANCED_FACE ( 'NONE', ( #1066 ), #4776, .T. ) ;
#4650 = ORIENTED_EDGE ( 'NONE', *, *, #1018, .F. ) ;
#4651 = FILL_AREA_STYLE_COLOUR ( '', #3893 ) ;
#4652 = LINE ( 'NONE', #5759, #4103 ) ;
#4653 = VECTOR ( 'NONE', #3989, 1000.000000000000000 ) ;
#4654 = FACE_OUTER_BOUND ( 'NONE', #6729, .T. ) ;
#4655 = EDGE_CURVE ( 'NONE', #2915, #6683, #6979, .T. ) ;
#4656 = ORIENTED_EDGE ( 'NONE', *, *, #5911, .T. ) ;
#4657 = PLANE ( 'NONE',  #2078 ) ;
#4658 = FACE_OUTER_BOUND ( 'NONE', #3415, .T. ) ;
#4659 = CARTESIAN_POINT ( 'NONE',  ( -0.5000000000000000000, 2.500000000000000000, 0.1800000000000000211 ) ) ;
#4660 = MECHANICAL_DESIGN_GEOMETRIC_PRESENTATION_REPRESENTATION (  '', ( #3081 ), #5574 ) ;
#4661 = EDGE_CURVE ( 'NONE', #546, #6104, #2129, .T. ) ;
#4662 = ORIENTED_EDGE ( 'NONE', *, *, #3390, .F. ) ;
#4663 = ORIENTED_EDGE ( 'NONE', *, *, #1888, .T. ) ;
#4664 = LINE ( 'NONE', #6903, #5985 ) ;
#4665 = VERTEX_POINT ( 'NONE', #3896 ) ;
#4666 = PLANE ( 'NONE',  #1399 ) ;
#4667 = VECTOR ( 'NONE', #3899, 1000.000000000000000 ) ;
#4668 = DIRECTION ( 'NONE',  ( -0.000000000000000000, -0.000000000000000000, -1.000000000000000000 ) ) ;
#4669 = CARTESIAN_POINT ( 'NONE',  ( 2.500000000000000000, -0.1499999999999997446, 0.1800000001139778760 ) ) ;
#4670 = EDGE_LOOP ( 'NONE', ( #2390, #3332, #4930, #595 ) ) ;
#4671 = LINE ( 'NONE', #6411, #6446 ) ;
#4672 = AXIS2_PLACEMENT_3D ( 'NONE', #1188, #2818, #3358 ) ;
#4673 = VECTOR ( 'NONE', #3481, 1000.000000000000000 ) ;
#4674 = DIRECTION ( 'NONE',  ( -0.000000000000000000, -0.000000000000000000, -1.000000000000000000 ) ) ;
#4675 = DIRECTION ( 'NONE',  ( -0.000000000000000000, -0.000000000000000000, 1.000000000000000000 ) ) ;
#4676 = DIRECTION ( 'NONE',  ( -7.885106708985485090E-16, 1.000000000000000000, 0.000000000000000000 ) ) ;
#4677 = CARTESIAN_POINT ( 'NONE',  ( 0.000000000000000000, 2.600000000000000089, -0.02000000000000000042 ) ) ;
#4678 = VECTOR ( 'NONE', #429, 1000.000000000000000 ) ;
#4679 = AXIS2_PLACEMENT_3D ( 'NONE', #1762, #5060, #6222 ) ;
#4680 = ORIENTED_EDGE ( 'NONE', *, *, #4916, .F. ) ;
#4681 = EDGE_CURVE ( 'NONE', #1270, #4637, #4914, .T. ) ;
#4682 = DIRECTION ( 'NONE',  ( -1.000000000000000000, 3.942553354492742545E-16, -0.000000000000000000 ) ) ;
#4683 = VECTOR ( 'NONE', #707, 1000.000000000000000 ) ;
#4684 = EDGE_LOOP ( 'NONE', ( #2431, #5299, #3972, #6999 ) ) ;
#4685 = LINE ( 'NONE', #2429, #5866 ) ;
#4686 = VECTOR ( 'NONE', #5229, 1000.000000000000000 ) ;
#4687 = VERTEX_POINT ( 'NONE', #1161 ) ;
#4688 = MECHANICAL_DESIGN_GEOMETRIC_PRESENTATION_REPRESENTATION (  '', ( #2086 ), #1629 ) ;
#4689 = CARTESIAN_POINT ( 'NONE',  ( 0.7999999999999994893, -1.949999999999999956, 0.1800000000000000488 ) ) ;
#4690 = EDGE_CURVE ( 'NONE', #6284, #2340, #6020, .T. ) ;
#4691 = EDGE_CURVE ( 'NONE', #1198, #1761, #3339, .T. ) ;
#4692 = VECTOR ( 'NONE', #6600, 1000.000000000000000 ) ;
#4693 = CIRCLE ( 'NONE', #965, 0.2000000000000003164 ) ;
#4694 = LINE ( 'NONE', #3569, #4111 ) ;
#4695 = VERTEX_POINT ( 'NONE', #2868 ) ;
#4696 = VECTOR ( 'NONE', #2820, 1000.000000000000000 ) ;
#4697 = CARTESIAN_POINT ( 'NONE',  ( 0.1499999999999995226, 1.949999999999999956, -0.02000000000000000042 ) ) ;
#4698 = CARTESIAN_POINT ( 'NONE',  ( 1.949999999999999512, 1.449999999999999956, -0.02000000000000000042 ) ) ;
#4699 = VECTOR ( 'NONE', #1774, 1000.000000000000000 ) ;
#4700 = DIRECTION ( 'NONE',  ( 0.000000000000000000, 0.000000000000000000, 1.000000000000000000 ) ) ;
#4701 = EDGE_CURVE ( 'NONE', #3295, #4245, #4001, .T. ) ;
#4702 = ORIENTED_EDGE ( 'NONE', *, *, #6081, .T. ) ;
#4703 = ORIENTED_EDGE ( 'NONE', *, *, #6786, .T. ) ;
#4704 = LINE ( 'NONE', #2549, #6434 ) ;
#4705 = ORIENTED_EDGE ( 'NONE', *, *, #2184, .T. ) ;
#4706 = DIRECTION ( 'NONE',  ( -1.000000000000000000, 0.000000000000000000, -0.000000000000000000 ) ) ;
#4707 = EDGE_CURVE ( 'NONE', #6386, #4802, #3375, .T. ) ;
#4708 = DIRECTION ( 'NONE',  ( -1.000000000000000000, -3.942553354492740080E-16, 0.000000000000000000 ) ) ;
#4709 = CARTESIAN_POINT ( 'NONE',  ( -2.500000000000000000, -2.500000000000000000, 0.000000000000000000 ) ) ;
#4710 = EDGE_CURVE ( 'NONE', #1775, #4839, #6553, .T. ) ;
#4711 = VERTEX_POINT ( 'NONE', #1692 ) ;
#4712 = FILL_AREA_STYLE_COLOUR ( '', #1253 ) ;
#4713 = CARTESIAN_POINT ( 'NONE',  ( 0.5000000000000000000, 2.500000000000000000, 0.1800000000000000211 ) ) ;
#4714 = CARTESIAN_POINT ( 'NONE',  ( -2.500000000000000000, -0.7999999999999997113, 0.1800000000000000211 ) ) ;
#4715 = DIRECTION ( 'NONE',  ( -1.000000000000000000, 3.942553354492743531E-16, 0.000000000000000000 ) ) ;
#4716 = DIRECTION ( 'NONE',  ( 0.000000000000000000, 0.000000000000000000, -1.000000000000000000 ) ) ;
#4717 = ORIENTED_EDGE ( 'NONE', *, *, #6566, .F. ) ;
#4718 = AXIS2_PLACEMENT_3D ( 'NONE', #5211, #2528, #871 ) ;
#4719 = VERTEX_POINT ( 'NONE', #80 ) ;
#4720 = CARTESIAN_POINT ( 'NONE',  ( 0.000000000000000000, 1.300000000000000044, 0.1800000000000000211 ) ) ;
#4721 = ORIENTED_EDGE ( 'NONE', *, *, #4083, .F. ) ;
#4722 = CARTESIAN_POINT ( 'NONE',  ( -1.449999999999999956, 1.949999999999999956, -0.02000000000000000042 ) ) ;
#4723 = ORIENTED_EDGE ( 'NONE', *, *, #361, .T. ) ;
#4724 = DIRECTION ( 'NONE',  ( -1.000000000000000000, 0.000000000000000000, 0.000000000000000000 ) ) ;
#4725 = ORIENTED_EDGE ( 'NONE', *, *, #6511, .T. ) ;
#4726 = CARTESIAN_POINT ( 'NONE',  ( -0.5000000000000004441, 1.949999999999999956, 0.000000000000000000 ) ) ;
#4727 = ORIENTED_EDGE ( 'NONE', *, *, #5676, .T. ) ;
#4728 = CARTESIAN_POINT ( 'NONE',  ( 1.449999999999999956, -2.500000000000000000, 0.1800000000000000211 ) ) ;
#4729 = ADVANCED_FACE ( 'NONE', ( #681 ), #5486, .F. ) ;
#4730 = DIRECTION ( 'NONE',  ( -0.000000000000000000, 0.000000000000000000, -1.000000000000000000 ) ) ;
#4731 = CARTESIAN_POINT ( 'NONE',  ( 2.469999999999999751, -2.469999999999999751, 0.7800000000000000266 ) ) ;
#4732 = EDGE_LOOP ( 'NONE', ( #785, #2671, #1080, #1 ) ) ;
#4733 = EDGE_LOOP ( 'NONE', ( #3202, #3362, #2382, #1103 ) ) ;
#4734 = VECTOR ( 'NONE', #4735, 1000.000000000000000 ) ;
#4735 = DIRECTION ( 'NONE',  ( 7.885106708985485090E-16, -1.000000000000000000, 0.000000000000000000 ) ) ;
#4736 = ORIENTED_EDGE ( 'NONE', *, *, #2395, .T. ) ;
#4737 = LINE ( 'NONE', #4981, #3878 ) ;
#4738 = EDGE_CURVE ( 'NONE', #2740, #2599, #188, .T. ) ;
#4739 = ADVANCED_FACE ( 'NONE', ( #2347 ), #4523, .T. ) ;
#4740 = CARTESIAN_POINT ( 'NONE',  ( -1.949999999999999956, 0.8000000000000003775, 0.1800000000002910383 ) ) ;
#4741 = DIRECTION ( 'NONE',  ( -1.000000000000000000, 0.000000000000000000, 0.000000000000000000 ) ) ;
#4742 = PLANE ( 'NONE',  #3351 ) ;
#4743 = ORIENTED_EDGE ( 'NONE', *, *, #453, .T. ) ;
#4744 = CARTESIAN_POINT ( 'NONE',  ( -0.8000000000000029310, -2.500000000000000000, -0.02000000000000000042 ) ) ;
#4745 = UNCERTAINTY_MEASURE_WITH_UNIT (LENGTH_MEASURE( 1.000000000000000082E-05 ), #3350, 'distance_accuracy_value', 'NONE');
#4746 = PLANE ( 'NONE',  #1521 ) ;
#4747 = LINE ( 'NONE', #4641, #3892 ) ;
#4748 = DIRECTION ( 'NONE',  ( 1.000000000000000000, 0.000000000000000000, 0.000000000000000000 ) ) ;
#4749 = SURFACE_STYLE_FILL_AREA ( #1429 ) ;
#4750 = ORIENTED_EDGE ( 'NONE', *, *, #3399, .T. ) ;
#4751 = LINE ( 'NONE', #6346, #1544 ) ;
#4752 = FACE_OUTER_BOUND ( 'NONE', #1510, .T. ) ;
#4753 = ORIENTED_EDGE ( 'NONE', *, *, #5276, .T. ) ;
#4754 =( LENGTH_UNIT ( ) NAMED_UNIT ( * ) SI_UNIT ( .MILLI., .METRE. ) );
#4755 = CYLINDRICAL_SURFACE ( 'NONE', #376, 0.02999999999999997113 ) ;
#4756 = LINE ( 'NONE', #2968, #3535 ) ;
#4757 = VERTEX_POINT ( 'NONE', #217 ) ;
#4758 = DIRECTION ( 'NONE',  ( 0.000000000000000000, 0.000000000000000000, 1.000000000000000000 ) ) ;
#4759 = ORIENTED_EDGE ( 'NONE', *, *, #3058, .F. ) ;
#4760 = FACE_OUTER_BOUND ( 'NONE', #4514, .T. ) ;
#4761 = DIRECTION ( 'NONE',  ( -7.885106708985487062E-16, -1.000000000000000000, 0.000000000000000000 ) ) ;
#4762 = EDGE_CURVE ( 'NONE', #692, #6732, #2803, .T. ) ;
#4763 = ORIENTED_EDGE ( 'NONE', *, *, #234, .T. ) ;
#4764 = ORIENTED_EDGE ( 'NONE', *, *, #3026, .F. ) ;
#4765 = DIRECTION ( 'NONE',  ( -0.000000000000000000, -0.000000000000000000, -1.000000000000000000 ) ) ;
#4766 = LINE ( 'NONE', #3712, #1503 ) ;
#4767 = AXIS2_PLACEMENT_3D ( 'NONE', #1579, #4915, #3713 ) ;
#4768 = LINE ( 'NONE', #3226, #26 ) ;
#4769 = LINE ( 'NONE', #3023, #5453 ) ;
#4770 = FACE_OUTER_BOUND ( 'NONE', #4122, .T. ) ;
#4771 = ADVANCED_FACE ( 'NONE', ( #3482 ), #2306, .F. ) ;
#4772 = EDGE_CURVE ( 'NONE', #1123, #5777, #5558, .T. ) ;
#4773 = EDGE_LOOP ( 'NONE', ( #2884, #5977, #2460, #536 ) ) ;
#4774 =( GEOMETRIC_REPRESENTATION_CONTEXT ( 3 ) GLOBAL_UNCERTAINTY_ASSIGNED_CONTEXT ( ( #4745 ) ) GLOBAL_UNIT_ASSIGNED_CONTEXT ( ( #3350, #5392, #4426 ) ) REPRESENTATION_CONTEXT ( 'NONE', 'WORKASPACE' ) );
#4775 = DIRECTION ( 'NONE',  ( -1.000000000000000000, -3.942553354492739094E-16, 0.000000000000000000 ) ) ;
#4776 = SPHERICAL_SURFACE ( 'NONE', #959, 0.02999999999999999889 ) ;
#4777 = CARTESIAN_POINT ( 'NONE',  ( 1.949999999999999512, 0.7999999999999999334, -0.02000000000000000042 ) ) ;
#4778 = CARTESIAN_POINT ( 'NONE',  ( -0.7999999999999999334, 2.500000000000000000, -0.02000000000000000042 ) ) ;
#4779 = FILL_AREA_STYLE_COLOUR ( '', #3874 ) ;
#4780 = AXIS2_PLACEMENT_3D ( 'NONE', #6481, #2239, #652 ) ;
#4781 = ORIENTED_EDGE ( 'NONE', *, *, #4826, .T. ) ;
#4782 = EDGE_LOOP ( 'NONE', ( #3947, #5292, #3794, #4519 ) ) ;
#4783 = EDGE_CURVE ( 'NONE', #3287, #5181, #4413, .T. ) ;
#4784 = VECTOR ( 'NONE', #6060, 1000.000000000000000 ) ;
#4785 = LINE ( 'NONE', #3695, #4594 ) ;
#4786 = CARTESIAN_POINT ( 'NONE',  ( 2.500000000000000000, 0.1499999999999995226, 0.1800000001139778760 ) ) ;
#4787 = ORIENTED_EDGE ( 'NONE', *, *, #2401, .T. ) ;
#4788 = VECTOR ( 'NONE', #3915, 1000.000000000000000 ) ;
#4789 = STYLED_ITEM ( 'NONE', ( #6657 ), #4156 ) ;
#4790 = DIRECTION ( 'NONE',  ( -1.000000000000000000, -0.000000000000000000, -0.000000000000000000 ) ) ;
#4791 = EDGE_LOOP ( 'NONE', ( #622, #4101, #98, #6410 ) ) ;
#4792 = ADVANCED_FACE ( 'NONE', ( #2235 ), #2767, .T. ) ;
#4793 = VECTOR ( 'NONE', #3887, 1000.000000000000000 ) ;
#4794 = VECTOR ( 'NONE', #6239, 1000.000000000000000 ) ;
#4795 = COLOUR_RGB ( '',0.8039215686274510109, 0.8039215686274510109, 0.8039215686274510109 ) ;
#4796 = CARTESIAN_POINT ( 'NONE',  ( -1.150000000000000355, -1.949999999999999956, -0.02000000000000000042 ) ) ;
#4797 = ORIENTED_EDGE ( 'NONE', *, *, #3110, .F. ) ;
#4798 = DIRECTION ( 'NONE',  ( -0.000000000000000000, -0.000000000000000000, -1.000000000000000000 ) ) ;
#4799 = VECTOR ( 'NONE', #3348, 1000.000000000000000 ) ;
#4800 = LINE ( 'NONE', #2013, #4910 ) ;
#4801 = ORIENTED_EDGE ( 'NONE', *, *, #3985, .T. ) ;
#4802 = VERTEX_POINT ( 'NONE', #3444 ) ;
#4803 = DIRECTION ( 'NONE',  ( 1.000000000000000000, 0.000000000000000000, 0.000000000000000000 ) ) ;
#4804 = CARTESIAN_POINT ( 'NONE',  ( -1.949999999999999956, -0.4999999999999995559, -0.02000000000000000042 ) ) ;
#4805 = EDGE_CURVE ( 'NONE', #2919, #4894, #5602, .T. ) ;
#4806 = LINE ( 'NONE', #1091, #5216 ) ;
#4807 = VECTOR ( 'NONE', #6521, 1000.000000000000000 ) ;
#4808 = VECTOR ( 'NONE', #4941, 1000.000000000000000 ) ;
#4809 = CARTESIAN_POINT ( 'NONE',  ( 0.000000000000000000, 0.000000000000000000, 0.000000000000000000 ) ) ;
#4810 = LINE ( 'NONE', #1580, #4011 ) ;
#4811 = CIRCLE ( 'NONE', #1197, 0.03000000000000007869 ) ;
#4812 = EDGE_LOOP ( 'NONE', ( #3842, #5510, #4360, #6751 ) ) ;
#4813 = UNCERTAINTY_MEASURE_WITH_UNIT (LENGTH_MEASURE( 1.000000000000000082E-05 ), #4642, 'distance_accuracy_value', 'NONE');
#4814 = ADVANCED_FACE ( 'NONE', ( #6706 ), #5068, .F. ) ;
#4815 = DIRECTION ( 'NONE',  ( 0.000000000000000000, -1.000000000000000000, 0.000000000000000000 ) ) ;
#4816 = LINE ( 'NONE', #1067, #3449 ) ;
#4817 = EDGE_CURVE ( 'NONE', #4687, #4186, #4039, .T. ) ;
#4818 = CARTESIAN_POINT ( 'NONE',  ( 1.625000000000000222, 1.625000000000000222, 0.01000000000000000021 ) ) ;
#4819 =( NAMED_UNIT ( * ) PLANE_ANGLE_UNIT ( ) SI_UNIT ( $, .RADIAN. ) );
#4820 = DIRECTION ( 'NONE',  ( 1.000000000000000000, 0.000000000000000000, -0.000000000000000000 ) ) ;
#4821 = EDGE_CURVE ( 'NONE', #4483, #22, #1877, .T. ) ;
#4822 = PLANE ( 'NONE',  #731 ) ;
#4823 = ORIENTED_EDGE ( 'NONE', *, *, #722, .F. ) ;
#4824 =( LENGTH_UNIT ( ) NAMED_UNIT ( * ) SI_UNIT ( .MILLI., .METRE. ) );
#4825 = DIRECTION ( 'NONE',  ( 0.000000000000000000, -1.000000000000000000, 0.000000000000000000 ) ) ;
#4826 = EDGE_CURVE ( 'NONE', #1674, #3402, #5674, .T. ) ;
#4827 =( LENGTH_UNIT ( ) NAMED_UNIT ( * ) SI_UNIT ( .MILLI., .METRE. ) );
#4828 = VERTEX_POINT ( 'NONE', #2412 ) ;
#4829 = EDGE_CURVE ( 'NONE', #5868, #6218, #5138, .T. ) ;
#4830 = VERTEX_POINT ( 'NONE', #792 ) ;
#4831 = DIRECTION ( 'NONE',  ( 0.000000000000000000, 0.000000000000000000, 1.000000000000000000 ) ) ;
#4832 = ORIENTED_EDGE ( 'NONE', *, *, #2355, .F. ) ;
#4833 = LINE ( 'NONE', #6994, #6730 ) ;
#4834 = ADVANCED_FACE ( 'NONE', ( #5800 ), #3114, .F. ) ;
#4835 = LINE ( 'NONE', #5431, #505 ) ;
#4836 = LINE ( 'NONE', #6540, #4808 ) ;
#4837 = ORIENTED_EDGE ( 'NONE', *, *, #4821, .T. ) ;
#4838 = CARTESIAN_POINT ( 'NONE',  ( -2.469999999999999751, 2.500000000000000000, 0.7800000000000000266 ) ) ;
#4839 = VERTEX_POINT ( 'NONE', #6898 ) ;
#4840 = LINE ( 'NONE', #1149, #3443 ) ;
#4841 = CARTESIAN_POINT ( 'NONE',  ( 0.000000000000000000, 2.600000000000000089, 0.1800000000000000211 ) ) ;
#4842 = CARTESIAN_POINT ( 'NONE',  ( 0.1499999999999999667, 2.500000000000000000, 0.1800000000000000211 ) ) ;
#4843 = VERTEX_POINT ( 'NONE', #1505 ) ;
#4844 = ORIENTED_EDGE ( 'NONE', *, *, #2654, .F. ) ;
#4845 = DIRECTION ( 'NONE',  ( 0.000000000000000000, 1.000000000000000000, 0.000000000000000000 ) ) ;
#4846 = VECTOR ( 'NONE', #4169, 1000.000000000000000 ) ;
#4847 = DIRECTION ( 'NONE',  ( 0.000000000000000000, -0.000000000000000000, 1.000000000000000000 ) ) ;
#4848 = DIRECTION ( 'NONE',  ( -1.000000000000000000, 0.000000000000000000, 0.000000000000000000 ) ) ;
#4849 = FACE_OUTER_BOUND ( 'NONE', #5184, .T. ) ;
#4850 = DIRECTION ( 'NONE',  ( -1.000000000000000000, 0.000000000000000000, 0.000000000000000000 ) ) ;
#4851 = VERTEX_POINT ( 'NONE', #286 ) ;
#4852 = CARTESIAN_POINT ( 'NONE',  ( 0.000000000000000000, 2.469999999999999751, 0.7800000000000000266 ) ) ;
#4853 = ORIENTED_EDGE ( 'NONE', *, *, #6220, .T. ) ;
#4854 = DIRECTION ( 'NONE',  ( -1.000000000000000000, 0.000000000000000000, 0.000000000000000000 ) ) ;
#4855 = CARTESIAN_POINT ( 'NONE',  ( -2.500000000000000000, 2.469999999999999751, 0.000000000000000000 ) ) ;
#4856 = LINE ( 'NONE', #15, #4316 ) ;
#4857 = ORIENTED_EDGE ( 'NONE', *, *, #6588, .T. ) ;
#4858 = EDGE_CURVE ( 'NONE', #130, #688, #6831, .T. ) ;
#4859 = EDGE_CURVE ( 'NONE', #804, #2640, #4600, .T. ) ;
#4860 = DIRECTION ( 'NONE',  ( -7.885106708985485090E-16, -1.000000000000000000, 0.000000000000000000 ) ) ;
#4861 = VECTOR ( 'NONE', #916, 1000.000000000000000 ) ;
#4862 = VERTEX_POINT ( 'NONE', #6199 ) ;
#4863 = LINE ( 'NONE', #5428, #2537 ) ;
#4864 = DIRECTION ( 'NONE',  ( -1.577021341797097018E-15, -1.000000000000000000, 0.000000000000000000 ) ) ;
#4865 = ADVANCED_FACE ( 'NONE', ( #5101 ), #2011, .T. ) ;
#4866 = DIRECTION ( 'NONE',  ( -1.577021341797097018E-15, -1.000000000000000000, 0.000000000000000000 ) ) ;
#4867 = VERTEX_POINT ( 'NONE', #3147 ) ;
#4868 = FACE_OUTER_BOUND ( 'NONE', #1549, .T. ) ;
#4869 = ORIENTED_EDGE ( 'NONE', *, *, #3651, .F. ) ;
#4870 = DIRECTION ( 'NONE',  ( 0.000000000000000000, 0.000000000000000000, -1.000000000000000000 ) ) ;
#4871 = CARTESIAN_POINT ( 'NONE',  ( -2.469999999999999751, -2.469999999999999751, 0.000000000000000000 ) ) ;
#4872 = EDGE_CURVE ( 'NONE', #2751, #3014, #250, .T. ) ;
#4873 = LINE ( 'NONE', #5307, #6965 ) ;
#4874 = EDGE_LOOP ( 'NONE', ( #2938, #2955, #2439, #1673 ) ) ;
#4875 = VECTOR ( 'NONE', #5018, 1000.000000000000000 ) ;
#4876 = EDGE_LOOP ( 'NONE', ( #661, #4662, #5314, #3744 ) ) ;
#4877 =( NAMED_UNIT ( * ) SI_UNIT ( $, .STERADIAN. ) SOLID_ANGLE_UNIT ( ) );
#4878 = AXIS2_PLACEMENT_3D ( 'NONE', #456, #3291, #6545 ) ;
#4879 = DIRECTION ( 'NONE',  ( 0.000000000000000000, -1.000000000000000000, 0.000000000000000000 ) ) ;
#4880 = CARTESIAN_POINT ( 'NONE',  ( -1.949999999999999956, -1.149999999999999467, 0.1800000000002910383 ) ) ;
#4881 = DIRECTION ( 'NONE',  ( 0.000000000000000000, 0.000000000000000000, -1.000000000000000000 ) ) ;
#4882 = CYLINDRICAL_SURFACE ( 'NONE', #6824, 0.02999999999999997113 ) ;
#4883 = ORIENTED_EDGE ( 'NONE', *, *, #1766, .F. ) ;
#4884 = MECHANICAL_DESIGN_GEOMETRIC_PRESENTATION_REPRESENTATION (  '', ( #1274 ), #4774 ) ;
#4885 = CARTESIAN_POINT ( 'NONE',  ( 1.949999999999999512, -0.1499999999999999667, 0.1800000000000000211 ) ) ;
#4886 = EDGE_CURVE ( 'NONE', #1651, #6255, #821, .T. ) ;
#4887 = VERTEX_POINT ( 'NONE', #4397 ) ;
#4888 =( LENGTH_UNIT ( ) NAMED_UNIT ( * ) SI_UNIT ( .MILLI., .METRE. ) );
#4889 = COLOUR_RGB ( '',0.8039215686274510109, 0.8039215686274510109, 0.8039215686274510109 ) ;
#4890 = DIRECTION ( 'NONE',  ( -0.000000000000000000, -0.000000000000000000, 1.000000000000000000 ) ) ;
#4891 = PLANE ( 'NONE',  #3867 ) ;
#4892 = VECTOR ( 'NONE', #4989, 1000.000000000000000 ) ;
#4893 = ORIENTED_EDGE ( 'NONE', *, *, #2773, .F. ) ;
#4894 = VERTEX_POINT ( 'NONE', #5010 ) ;
#4895 = ORIENTED_EDGE ( 'NONE', *, *, #495, .T. ) ;
#4896 = DIRECTION ( 'NONE',  ( -7.885106708985485090E-16, -1.000000000000000000, 0.000000000000000000 ) ) ;
#4897 = AXIS2_PLACEMENT_3D ( 'NONE', #4024, #5689, #1784 ) ;
#4898 = VECTOR ( 'NONE', #3801, 1000.000000000000000 ) ;
#4899 = ORIENTED_EDGE ( 'NONE', *, *, #5954, .T. ) ;
#4900 = VECTOR ( 'NONE', #4798, 1000.000000000000000 ) ;
#4901 = CARTESIAN_POINT ( 'NONE',  ( 2.500000000000000000, -0.7999999999999997113, 0.1800000000000000211 ) ) ;
#4902 = FACE_OUTER_BOUND ( 'NONE', #1432, .T. ) ;
#4903 = EDGE_CURVE ( 'NONE', #4757, #4624, #2850, .T. ) ;
#4904 = ADVANCED_FACE ( 'NONE', ( #95 ), #3765, .F. ) ;
#4905 = VECTOR ( 'NONE', #5412, 1000.000000000000000 ) ;
#4906 = EDGE_CURVE ( 'NONE', #6541, #6940, #6501, .T. ) ;
#4907 = LINE ( 'NONE', #5471, #5947 ) ;
#4908 = ORIENTED_EDGE ( 'NONE', *, *, #2589, .F. ) ;
#4909 = CARTESIAN_POINT ( 'NONE',  ( -0.8000000000000029310, -2.500000000000000000, -0.02000000000000000042 ) ) ;
#4910 = VECTOR ( 'NONE', #3672, 1000.000000000000000 ) ;
#4911 = ORIENTED_EDGE ( 'NONE', *, *, #1910, .T. ) ;
#4912 = DIRECTION ( 'NONE',  ( 1.000000000000000000, 0.000000000000000000, 0.000000000000000000 ) ) ;
#4913 = VECTOR ( 'NONE', #3963, 1000.000000000000000 ) ;
#4914 = CIRCLE ( 'NONE', #6957, 0.2000000000000003164 ) ;
#4915 = DIRECTION ( 'NONE',  ( -3.942553354492742545E-16, -1.000000000000000000, 0.000000000000000000 ) ) ;
#4916 = EDGE_CURVE ( 'NONE', #2539, #3244, #5429, .T. ) ;
#4917 = DIRECTION ( 'NONE',  ( 0.000000000000000000, -1.000000000000000000, 0.000000000000000000 ) ) ;
#4918 = EDGE_LOOP ( 'NONE', ( #5878, #6046, #6475, #1540 ) ) ;
#4919 = ORIENTED_EDGE ( 'NONE', *, *, #3051, .T. ) ;
#4920 = DIRECTION ( 'NONE',  ( 1.000000000000000000, 0.000000000000000000, 0.000000000000000000 ) ) ;
#4921 = AXIS2_PLACEMENT_3D ( 'NONE', #5961, #683, #2724 ) ;
#4922 = VECTOR ( 'NONE', #6502, 1000.000000000000000 ) ;
#4923 = DIRECTION ( 'NONE',  ( 0.000000000000000000, 0.000000000000000000, 1.000000000000000000 ) ) ;
#4924 = DIRECTION ( 'NONE',  ( 7.885106708985485090E-16, 1.000000000000000000, 0.000000000000000000 ) ) ;
#4925 = CARTESIAN_POINT ( 'NONE',  ( 2.500000000000000000, 0.7999999999999994893, 0.1800000000000000211 ) ) ;
#4926 = DIRECTION ( 'NONE',  ( 0.000000000000000000, 0.000000000000000000, 1.000000000000000000 ) ) ;
#4927 = CARTESIAN_POINT ( 'NONE',  ( 2.500000000000000000, 0.1499999999999995226, 0.000000000000000000 ) ) ;
#4928 = VECTOR ( 'NONE', #1351, 1000.000000000000000 ) ;
#4929 = LINE ( 'NONE', #1130, #3789 ) ;
#4930 = ORIENTED_EDGE ( 'NONE', *, *, #4374, .F. ) ;
#4931 = CARTESIAN_POINT ( 'NONE',  ( 0.1499999999999999667, -2.500000000000000000, -0.02000000000000000042 ) ) ;
#4932 = DIRECTION ( 'NONE',  ( 1.000000000000000000, 0.000000000000000000, 0.000000000000000000 ) ) ;
#4933 = AXIS2_PLACEMENT_3D ( 'NONE', #4253, #1034, #1000 ) ;
#4934 = ORIENTED_EDGE ( 'NONE', *, *, #924, .T. ) ;
#4935 = ORIENTED_EDGE ( 'NONE', *, *, #2738, .F. ) ;
#4936 = CARTESIAN_POINT ( 'NONE',  ( -2.469999999999999751, -2.469999999999999751, 0.7500000000000000000 ) ) ;
#4937 = ORIENTED_EDGE ( 'NONE', *, *, #4046, .T. ) ;
#4938 = CARTESIAN_POINT ( 'NONE',  ( 2.500000000000000000, -0.5000000000000004441, 0.1800000001139778760 ) ) ;
#4939 = DIRECTION ( 'NONE',  ( 0.000000000000000000, -0.000000000000000000, -1.000000000000000000 ) ) ;
#4940 = DIRECTION ( 'NONE',  ( 1.000000000000000000, 3.942553354492742545E-16, 0.000000000000000000 ) ) ;
#4941 = DIRECTION ( 'NONE',  ( -0.000000000000000000, -0.000000000000000000, 1.000000000000000000 ) ) ;
#4942 = ORIENTED_EDGE ( 'NONE', *, *, #6985, .F. ) ;
#4943 = ADVANCED_FACE ( 'NONE', ( #2287 ), #6078, .F. ) ;
#4944 = DIRECTION ( 'NONE',  ( 0.000000000000000000, 1.000000000000000000, 0.000000000000000000 ) ) ;
#4945 = EDGE_CURVE ( 'NONE', #4035, #4862, #5974, .T. ) ;
#4946 = VECTOR ( 'NONE', #1749, 1000.000000000000000 ) ;
#4947 = VERTEX_POINT ( 'NONE', #2784 ) ;
#4948 = DIRECTION ( 'NONE',  ( 0.000000000000000000, -0.000000000000000000, 1.000000000000000000 ) ) ;
#4949 = EDGE_CURVE ( 'NONE', #2705, #6993, #1224, .T. ) ;
#4950 = DIRECTION ( 'NONE',  ( -0.000000000000000000, -0.000000000000000000, 1.000000000000000000 ) ) ;
#4951 = FACE_OUTER_BOUND ( 'NONE', #6634, .T. ) ;
#4952 = VERTEX_POINT ( 'NONE', #3389 ) ;
#4953 = ORIENTED_EDGE ( 'NONE', *, *, #5124, .T. ) ;
#4954 = ADVANCED_FACE ( 'NONE', ( #4902 ), #697, .F. ) ;
#4955 = DIRECTION ( 'NONE',  ( -1.000000000000000000, 0.000000000000000000, -0.000000000000000000 ) ) ;
#4956 = DIRECTION ( 'NONE',  ( -1.000000000000000000, 0.000000000000000000, -0.000000000000000000 ) ) ;
#4957 = CARTESIAN_POINT ( 'NONE',  ( -0.5000000000000000000, 2.500000000000000000, -0.02000000000000000042 ) ) ;
#4958 = DIRECTION ( 'NONE',  ( 1.577021341797097018E-15, 1.000000000000000000, 0.000000000000000000 ) ) ;
#4959 = FACE_OUTER_BOUND ( 'NONE', #4733, .T. ) ;
#4960 =( NAMED_UNIT ( * ) SI_UNIT ( $, .STERADIAN. ) SOLID_ANGLE_UNIT ( ) );
#4961 = ADVANCED_FACE ( 'NONE', ( #2251 ), #1085, .F. ) ;
#4962 = DIRECTION ( 'NONE',  ( -0.000000000000000000, -0.000000000000000000, -1.000000000000000000 ) ) ;
#4963 = AXIS2_PLACEMENT_3D ( 'NONE', #756, #2905, #4520 ) ;
#4964 = PLANE ( 'NONE',  #297 ) ;
#4965 = ORIENTED_EDGE ( 'NONE', *, *, #3564, .T. ) ;
#4966 = LINE ( 'NONE', #3455, #4692 ) ;
#4967 = CARTESIAN_POINT ( 'NONE',  ( 0.1499999999999995226, -1.949999999999999956, 0.1800000000000000488 ) ) ;
#4968 = CARTESIAN_POINT ( 'NONE',  ( 1.949999999999999512, 1.149999999999999911, 0.000000000000000000 ) ) ;
#4969 = ORIENTED_EDGE ( 'NONE', *, *, #1073, .T. ) ;
#4970 = ORIENTED_EDGE ( 'NONE', *, *, #6588, .F. ) ;
#4971 = CARTESIAN_POINT ( 'NONE',  ( -0.5000000000000000000, 2.500000000000000000, 0.1800000000000000211 ) ) ;
#4972 = ORIENTED_EDGE ( 'NONE', *, *, #45, .F. ) ;
#4973 = CARTESIAN_POINT ( 'NONE',  ( -1.949999999999999956, 0.1500000000000003830, -0.02000000000000000042 ) ) ;
#4974 = CARTESIAN_POINT ( 'NONE',  ( 1.149999999999999911, 2.500000000000000000, 0.1800000000000000211 ) ) ;
#4975 = CARTESIAN_POINT ( 'NONE',  ( -2.069999999999999840, 2.069999999999999840, 0.7699999999999999067 ) ) ;
#4976 = VERTEX_POINT ( 'NONE', #4296 ) ;
#4977 = CARTESIAN_POINT ( 'NONE',  ( -1.150000000000000355, -1.949999999999999956, 0.1800000000000000488 ) ) ;
#4978 = COLOUR_RGB ( '',0.8039215686274510109, 0.8039215686274510109, 0.8039215686274510109 ) ;
#4979 = LINE ( 'NONE', #4513, #3421 ) ;
#4980 = ORIENTED_EDGE ( 'NONE', *, *, #1646, .F. ) ;
#4981 = CARTESIAN_POINT ( 'NONE',  ( -1.949999999999999956, 1.450000000000000400, 0.1800000000000000211 ) ) ;
#4982 = CARTESIAN_POINT ( 'NONE',  ( -1.624999999999999778, 1.275000000000000133, -0.02000000000000000042 ) ) ;
#4983 = DIRECTION ( 'NONE',  ( 3.942553354492743531E-16, -1.000000000000000000, 0.000000000000000000 ) ) ;
#4984 = COLOUR_RGB ( '',0.9607843137254902244, 0.9607843137254902244, 0.9607843137254902244 ) ;
#4985 = DIRECTION ( 'NONE',  ( 0.000000000000000000, 1.000000000000000000, 0.000000000000000000 ) ) ;
#4986 = ORIENTED_EDGE ( 'NONE', *, *, #2275, .F. ) ;
#4987 = ORIENTED_EDGE ( 'NONE', *, *, #5796, .T. ) ;
#4988 = SURFACE_STYLE_FILL_AREA ( #569 ) ;
#4989 = DIRECTION ( 'NONE',  ( -0.000000000000000000, -0.000000000000000000, 1.000000000000000000 ) ) ;
#4990 = DIRECTION ( 'NONE',  ( -3.942553354492742545E-16, 1.000000000000000000, 0.000000000000000000 ) ) ;
#4991 = ORIENTED_EDGE ( 'NONE', *, *, #2595, .F. ) ;
#4992 = CARTESIAN_POINT ( 'NONE',  ( -1.150000000000000355, -1.949999999999999956, -0.02000000000000000042 ) ) ;
#4993 = DIRECTION ( 'NONE',  ( 0.000000000000000000, -1.000000000000000000, 0.000000000000000000 ) ) ;
#4994 = LINE ( 'NONE', #6022, #4807 ) ;
#4995 = LINE ( 'NONE', #6172, #1393 ) ;
#4996 = ADVANCED_FACE ( 'NONE', ( #6459 ), #1114, .F. ) ;
#4997 = EDGE_CURVE ( 'NONE', #6218, #5463, #61, .T. ) ;
#4998 = VECTOR ( 'NONE', #71, 1000.000000000000000 ) ;
#4999 = FACE_OUTER_BOUND ( 'NONE', #2293, .T. ) ;
#5000 = FACE_OUTER_BOUND ( 'NONE', #2473, .T. ) ;
#5001 = DIRECTION ( 'NONE',  ( 1.000000000000000000, 0.000000000000000000, -0.000000000000000000 ) ) ;
#5002 = DIRECTION ( 'NONE',  ( -1.000000000000000000, -0.000000000000000000, -0.000000000000000000 ) ) ;
#5003 = PRESENTATION_LAYER_ASSIGNMENT (  '', '', ( #3081 ) ) ;
#5004 = ADVANCED_FACE ( 'NONE', ( #1601 ), #4364, .F. ) ;
#5005 = ORIENTED_EDGE ( 'NONE', *, *, #3812, .F. ) ;
#5006 = VERTEX_POINT ( 'NONE', #2172 ) ;
#5007 = DIRECTION ( 'NONE',  ( 0.000000000000000000, -0.000000000000000000, 1.000000000000000000 ) ) ;
#5008 = ORIENTED_EDGE ( 'NONE', *, *, #1779, .F. ) ;
#5009 = CARTESIAN_POINT ( 'NONE',  ( 0.4999999999999978351, -1.949999999999999956, 0.1800000000000000211 ) ) ;
#5010 = CARTESIAN_POINT ( 'NONE',  ( 2.499999999999999556, -0.1499999999999995226, 0.000000000000000000 ) ) ;
#5011 = LINE ( 'NONE', #2332, #3001 ) ;
#5012 = EDGE_CURVE ( 'NONE', #5777, #4035, #4332, .T. ) ;
#5013 = ORIENTED_EDGE ( 'NONE', *, *, #3097, .T. ) ;
#5014 = VECTOR ( 'NONE', #3277, 1000.000000000000000 ) ;
#5015 = VERTEX_POINT ( 'NONE', #3285 ) ;
#5016 = CARTESIAN_POINT ( 'NONE',  ( -1.149999999999999911, -2.500000000000000000, 0.1800000000000000488 ) ) ;
#5017 = VECTOR ( 'NONE', #2481, 1000.000000000000000 ) ;
#5018 = DIRECTION ( 'NONE',  ( 1.577021341797097018E-15, 1.000000000000000000, 0.000000000000000000 ) ) ;
#5019 = ORIENTED_EDGE ( 'NONE', *, *, #6461, .F. ) ;
#5020 = CARTESIAN_POINT ( 'NONE',  ( -0.8000000000000020428, -1.949999999999999956, 0.000000000000000000 ) ) ;
#5021 = CARTESIAN_POINT ( 'NONE',  ( 0.000000000000000000, 0.000000000000000000, 0.7800000000000000266 ) ) ;
#5022 = VECTOR ( 'NONE', #3086, 1000.000000000000000 ) ;
#5023 = VECTOR ( 'NONE', #6666, 1000.000000000000000 ) ;
#5024 = DIRECTION ( 'NONE',  ( -7.885106708985485090E-16, -1.000000000000000000, 0.000000000000000000 ) ) ;
#5025 = ORIENTED_EDGE ( 'NONE', *, *, #3434, .F. ) ;
#5026 = VECTOR ( 'NONE', #1786, 1000.000000000000000 ) ;
#5027 = ADVANCED_FACE ( 'NONE', ( #2217 ), #3838, .F. ) ;
#5028 = CARTESIAN_POINT ( 'NONE',  ( -1.149999999999999911, 2.500000000000000000, 0.1800000000000000211 ) ) ;
#5029 = AXIS2_PLACEMENT_3D ( 'NONE', #1525, #324, #4179 ) ;
#5030 = PRESENTATION_LAYER_ASSIGNMENT (  '', '', ( #1974 ) ) ;
#5031 = CARTESIAN_POINT ( 'NONE',  ( -1.949999999999999956, -1.149999999999999467, 0.000000000000000000 ) ) ;
#5032 = DIRECTION ( 'NONE',  ( -1.000000000000000000, 0.000000000000000000, 0.000000000000000000 ) ) ;
#5033 = FACE_OUTER_BOUND ( 'NONE', #789, .T. ) ;
#5034 = CARTESIAN_POINT ( 'NONE',  ( -2.500000000000000000, 0.5000000000000002220, -0.02000000000000000042 ) ) ;
#5035 = DIRECTION ( 'NONE',  ( 1.000000000000000000, 7.885106708985485090E-16, -0.000000000000000000 ) ) ;
#5036 = ORIENTED_EDGE ( 'NONE', *, *, #415, .F. ) ;
#5037 = VECTOR ( 'NONE', #6755, 1000.000000000000000 ) ;
#5038 = DIRECTION ( 'NONE',  ( 1.000000000000000000, 0.000000000000000000, 0.000000000000000000 ) ) ;
#5039 = CLOSED_SHELL ( 'NONE', ( #5919, #1795, #6763, #4556, #6118, #5617 ) ) ;
#5040 = ADVANCED_FACE ( 'NONE', ( #1894 ), #1930, .F. ) ;
#5041 = EDGE_CURVE ( 'NONE', #5608, #5164, #6147, .T. ) ;
#5042 = EDGE_LOOP ( 'NONE', ( #2932, #1389, #389, #5122 ) ) ;
#5043 = LINE ( 'NONE', #768, #5942 ) ;
#5044 = LINE ( 'NONE', #257, #3335 ) ;
#5045 = DIRECTION ( 'NONE',  ( 0.000000000000000000, -0.000000000000000000, -1.000000000000000000 ) ) ;
#5046 = EDGE_LOOP ( 'NONE', ( #5224, #1541, #5353, #6791 ) ) ;
#5047 = EDGE_LOOP ( 'NONE', ( #6120, #435, #3480, #3940 ) ) ;
#5048 = LINE ( 'NONE', #6569, #3521 ) ;
#5049 = ADVANCED_FACE ( 'NONE', ( #2926 ), #231, .F. ) ;
#5050 = VERTEX_POINT ( 'NONE', #6112 ) ;
#5051 =( NAMED_UNIT ( * ) SI_UNIT ( $, .STERADIAN. ) SOLID_ANGLE_UNIT ( ) );
#5052 = DIRECTION ( 'NONE',  ( 0.000000000000000000, 1.000000000000000000, 0.000000000000000000 ) ) ;
#5053 = CARTESIAN_POINT ( 'NONE',  ( -2.500000000000000000, 2.500000000000000000, 0.000000000000000000 ) ) ;
#5054 = EDGE_CURVE ( 'NONE', #1447, #4165, #2890, .T. ) ;
#5055 = EDGE_LOOP ( 'NONE', ( #1264, #3914, #5271, #1040 ) ) ;
#5056 = AXIS2_PLACEMENT_3D ( 'NONE', #3466, #778, #4539 ) ;
#5057 = ORIENTED_EDGE ( 'NONE', *, *, #3527, .T. ) ;
#5058 = LINE ( 'NONE', #209, #268 ) ;
#5059 = ORIENTED_EDGE ( 'NONE', *, *, #4576, .F. ) ;
#5060 = DIRECTION ( 'NONE',  ( -1.000000000000000000, -7.885106708985487062E-16, 0.000000000000000000 ) ) ;
#5061 = LINE ( 'NONE', #2371, #1826 ) ;
#5062 = LINE ( 'NONE', #5552, #620 ) ;
#5063 = ORIENTED_EDGE ( 'NONE', *, *, #3278, .F. ) ;
#5064 = VERTEX_POINT ( 'NONE', #264 ) ;
#5065 = DIRECTION ( 'NONE',  ( 0.000000000000000000, 0.000000000000000000, 1.000000000000000000 ) ) ;
#5066 = ADVANCED_FACE ( 'NONE', ( #4538 ), #1299, .F. ) ;
#5067 = CARTESIAN_POINT ( 'NONE',  ( 2.500000000000000000, 0.1499999999999995226, 0.1800000000000000211 ) ) ;
#5068 = PLANE ( 'NONE',  #5924 ) ;
#5069 = CARTESIAN_POINT ( 'NONE',  ( 0.000000000000000000, 1.949999999999999956, 0.1800000000000000211 ) ) ;
#5070 = CARTESIAN_POINT ( 'NONE',  ( 0.4999999999999970024, -2.500000000000000000, 0.1800000000000000211 ) ) ;
#5071 = DIRECTION ( 'NONE',  ( -0.000000000000000000, 1.000000000000000000, -0.000000000000000000 ) ) ;
#5072 = ORIENTED_EDGE ( 'NONE', *, *, #1420, .T. ) ;
#5073 = CARTESIAN_POINT ( 'NONE',  ( 2.500000000000000000, -1.150000000000000355, 0.1800000000000000211 ) ) ;
#5074 = VERTEX_POINT ( 'NONE', #3526 ) ;
#5075 = DIRECTION ( 'NONE',  ( -1.000000000000000000, 3.942553354492742545E-16, 0.000000000000000000 ) ) ;
#5076 = DIRECTION ( 'NONE',  ( -0.000000000000000000, -0.000000000000000000, -1.000000000000000000 ) ) ;
#5077 = ORIENTED_EDGE ( 'NONE', *, *, #2762, .T. ) ;
#5078 = EDGE_LOOP ( 'NONE', ( #2285, #3501, #6302, #5362 ) ) ;
#5079 = LINE ( 'NONE', #4431, #1562 ) ;
#5080 = EDGE_LOOP ( 'NONE', ( #802, #3061, #4453, #1913 ) ) ;
#5081 = DIRECTION ( 'NONE',  ( -1.000000000000000000, 7.885106708985479173E-16, 0.000000000000000000 ) ) ;
#5082 = VECTOR ( 'NONE', #5639, 1000.000000000000000 ) ;
#5083 = DIRECTION ( 'NONE',  ( 0.000000000000000000, 1.000000000000000000, 0.000000000000000000 ) ) ;
#5084 = ADVANCED_FACE ( 'NONE', ( #4581 ), #5624, .F. ) ;
#5085 = EDGE_CURVE ( 'NONE', #2118, #3244, #1814, .T. ) ;
#5086 = EDGE_LOOP ( 'NONE', ( #5629, #4030, #4199, #2064 ) ) ;
#5087 = VERTEX_POINT ( 'NONE', #5731 ) ;
#5088 = CARTESIAN_POINT ( 'NONE',  ( -1.274999999999999689, 1.625000000000000222, -0.02000000000000000042 ) ) ;
#5089 = ORIENTED_EDGE ( 'NONE', *, *, #1042, .T. ) ;
#5090 = CARTESIAN_POINT ( 'NONE',  ( -1.949999999999999956, -0.4999999999999995559, 0.1800000001139778760 ) ) ;
#5091 = PLANE ( 'NONE',  #3977 ) ;
#5092 = CARTESIAN_POINT ( 'NONE',  ( -2.500000000000000000, 0.8000000000000001554, 0.1800000000000000211 ) ) ;
#5093 = ADVANCED_FACE ( 'NONE', ( #1861 ), #4054, .F. ) ;
#5094 = ADVANCED_FACE ( 'NONE', ( #6186 ), #5582, .F. ) ;
#5095 = VERTEX_POINT ( 'NONE', #2470 ) ;
#5096 = VERTEX_POINT ( 'NONE', #4619 ) ;
#5097 = CARTESIAN_POINT ( 'NONE',  ( -0.5000000000000000000, -2.500000000000000000, -0.02000000000000000042 ) ) ;
#5098 = ORIENTED_EDGE ( 'NONE', *, *, #4473, .F. ) ;
#5099 = CARTESIAN_POINT ( 'NONE',  ( 0.000000000000000000, 0.000000000000000000, 0.1800000000000000211 ) ) ;
#5100 = PRESENTATION_LAYER_ASSIGNMENT (  '', '', ( #238 ) ) ;
#5101 = FACE_OUTER_BOUND ( 'NONE', #3817, .T. ) ;
#5102 = DIRECTION ( 'NONE',  ( 0.000000000000000000, 0.000000000000000000, 1.000000000000000000 ) ) ;
#5103 = PLANE ( 'NONE',  #6400 ) ;
#5104 = DIRECTION ( 'NONE',  ( -0.000000000000000000, 1.000000000000000000, -0.000000000000000000 ) ) ;
#5105 = ORIENTED_EDGE ( 'NONE', *, *, #5417, .F. ) ;
#5106 = SURFACE_STYLE_USAGE ( .BOTH. , #1357 ) ;
#5107 = VERTEX_POINT ( 'NONE', #4479 ) ;
#5108 = CARTESIAN_POINT ( 'NONE',  ( 2.500000000000000000, 1.449999999999999512, -0.02000000000000000042 ) ) ;
#5109 = LINE ( 'NONE', #5616, #52 ) ;
#5110 = VERTEX_POINT ( 'NONE', #4082 ) ;
#5111 = VERTEX_POINT ( 'NONE', #6658 ) ;
#5112 = VECTOR ( 'NONE', #6731, 1000.000000000000000 ) ;
#5113 = DIRECTION ( 'NONE',  ( -7.885106708985485090E-16, -1.000000000000000000, 0.000000000000000000 ) ) ;
#5114 = ORIENTED_EDGE ( 'NONE', *, *, #722, .T. ) ;
#5115 =( NAMED_UNIT ( * ) SI_UNIT ( $, .STERADIAN. ) SOLID_ANGLE_UNIT ( ) );
#5116 = VECTOR ( 'NONE', #6334, 1000.000000000000000 ) ;
#5117 = CARTESIAN_POINT ( 'NONE',  ( -2.500000000000000000, 2.500000000000000000, 0.000000000000000000 ) ) ;
#5118 = MECHANICAL_DESIGN_GEOMETRIC_PRESENTATION_REPRESENTATION (  '', ( #3643 ), #3546 ) ;
#5119 = ORIENTED_EDGE ( 'NONE', *, *, #1666, .F. ) ;
#5120 = LINE ( 'NONE', #5512, #2161 ) ;
#5121 = EDGE_CURVE ( 'NONE', #5590, #5087, #3978, .T. ) ;
#5122 = ORIENTED_EDGE ( 'NONE', *, *, #2631, .F. ) ;
#5123 = CARTESIAN_POINT ( 'NONE',  ( 0.1499999999999999667, -2.500000000000000000, -0.02000000000000000042 ) ) ;
#5124 = EDGE_CURVE ( 'NONE', #2017, #1198, #3567, .T. ) ;
#5125 = ADVANCED_FACE ( 'NONE', ( #3945 ), #6217, .T. ) ;
#5126 = DIRECTION ( 'NONE',  ( 7.885106708985485090E-16, -1.000000000000000000, -0.000000000000000000 ) ) ;
#5127 = EDGE_CURVE ( 'NONE', #1632, #2406, #204, .T. ) ;
#5128 = DIRECTION ( 'NONE',  ( -0.000000000000000000, -0.000000000000000000, 1.000000000000000000 ) ) ;
#5129 = VECTOR ( 'NONE', #5272, 1000.000000000000000 ) ;
#5130 = ORIENTED_EDGE ( 'NONE', *, *, #5625, .F. ) ;
#5131 = ORIENTED_EDGE ( 'NONE', *, *, #3566, .F. ) ;
#5132 = ORIENTED_EDGE ( 'NONE', *, *, #765, .T. ) ;
#5133 = CARTESIAN_POINT ( 'NONE',  ( 0.7999999999999999334, 2.500000000000000000, 0.1800000000000000211 ) ) ;
#5134 = LINE ( 'NONE', #1022, #5704 ) ;
#5135 = ADVANCED_FACE ( 'NONE', ( #6685 ), #5256, .T. ) ;
#5136 = VECTOR ( 'NONE', #2634, 1000.000000000000000 ) ;
#5137 = VECTOR ( 'NONE', #412, 1000.000000000000000 ) ;
#5138 = LINE ( 'NONE', #1472, #2185 ) ;
#5139 = LINE ( 'NONE', #4002, #3115 ) ;
#5140 = LINE ( 'NONE', #6134, #38 ) ;
#5141 = CIRCLE ( 'NONE', #3772, 0.02999999999999997113 ) ;
#5142 = AXIS2_PLACEMENT_3D ( 'NONE', #962, #6375, #996 ) ;
#5143 = ORIENTED_EDGE ( 'NONE', *, *, #679, .T. ) ;
#5144 = MECHANICAL_DESIGN_GEOMETRIC_PRESENTATION_REPRESENTATION (  '', ( #2320 ), #5470 ) ;
#5145 = EDGE_CURVE ( 'NONE', #3809, #4112, #4190, .T. ) ;
#5146 = ORIENTED_EDGE ( 'NONE', *, *, #4005, .F. ) ;
#5147 = DIRECTION ( 'NONE',  ( 0.000000000000000000, 0.000000000000000000, 1.000000000000000000 ) ) ;
#5148 = LINE ( 'NONE', #4073, #275 ) ;
#5149 = VECTOR ( 'NONE', #147, 1000.000000000000000 ) ;
#5150 = LINE ( 'NONE', #4109, #2742 ) ;
#5151 = ORIENTED_EDGE ( 'NONE', *, *, #4076, .F. ) ;
#5152 = CARTESIAN_POINT ( 'NONE',  ( -2.500000000000000000, 0.5000000000000002220, 0.1800000000000000211 ) ) ;
#5153 = ORIENTED_EDGE ( 'NONE', *, *, #6695, .F. ) ;
#5154 = CARTESIAN_POINT ( 'NONE',  ( -1.949999999999999956, 1.149999999999999911, 0.1800000000000000211 ) ) ;
#5155 = ORIENTED_EDGE ( 'NONE', *, *, #2009, .T. ) ;
#5156 = DIRECTION ( 'NONE',  ( 0.000000000000000000, 0.000000000000000000, -1.000000000000000000 ) ) ;
#5157 = CARTESIAN_POINT ( 'NONE',  ( 0.7999999999999999334, 2.500000000000000000, -0.02000000000000000042 ) ) ;
#5158 = VECTOR ( 'NONE', #2131, 1000.000000000000000 ) ;
#5159 = CLOSED_SHELL ( 'NONE', ( #3143, #5418, #650, #4606, #1754, #6044 ) ) ;
#5160 = ORIENTED_EDGE ( 'NONE', *, *, #110, .F. ) ;
#5161 = AXIS2_PLACEMENT_3D ( 'NONE', #5483, #4990, #5522 ) ;
#5162 = ORIENTED_EDGE ( 'NONE', *, *, #4264, .T. ) ;
#5163 = PLANE ( 'NONE',  #2990 ) ;
#5164 = VERTEX_POINT ( 'NONE', #6959 ) ;
#5165 = FACE_OUTER_BOUND ( 'NONE', #432, .T. ) ;
#5166 = DIRECTION ( 'NONE',  ( 1.000000000000000000, 0.000000000000000000, -0.000000000000000000 ) ) ;
#5167 = PLANE ( 'NONE',  #5597 ) ;
#5168 = VECTOR ( 'NONE', #1785, 1000.000000000000000 ) ;
#5169 = ORIENTED_EDGE ( 'NONE', *, *, #3083, .F. ) ;
#5170 = ORIENTED_EDGE ( 'NONE', *, *, #1374, .T. ) ;
#5171 = LINE ( 'NONE', #4036, #893 ) ;
#5172 = LINE ( 'NONE', #6266, #2984 ) ;
#5173 = PLANE ( 'NONE',  #2510 ) ;
#5174 = CARTESIAN_POINT ( 'NONE',  ( -0.7999999999999999334, 1.949999999999999956, 0.000000000000000000 ) ) ;
#5175 = LINE ( 'NONE', #4636, #4098 ) ;
#5176 = ADVANCED_FACE ( 'NONE', ( #6423 ), #5319, .F. ) ;
#5177 = ORIENTED_EDGE ( 'NONE', *, *, #5458, .T. ) ;
#5178 = PRESENTATION_STYLE_ASSIGNMENT (( #1842 ) ) ;
#5179 = DIRECTION ( 'NONE',  ( -0.000000000000000000, -0.000000000000000000, 1.000000000000000000 ) ) ;
#5180 = PLANE ( 'NONE',  #2085 ) ;
#5181 = VERTEX_POINT ( 'NONE', #1499 ) ;
#5182 = EDGE_CURVE ( 'NONE', #3153, #2772, #6861, .T. ) ;
#5183 = CARTESIAN_POINT ( 'NONE',  ( 1.149999999999997913, -1.949999999999999956, -0.02000000000000000042 ) ) ;
#5184 = EDGE_LOOP ( 'NONE', ( #3920, #5277, #2973, #1291 ) ) ;
#5185 = CARTESIAN_POINT ( 'NONE',  ( 2.500000000000000000, -1.150000000000000355, 0.1800000000000000211 ) ) ;
#5186 = ORIENTED_EDGE ( 'NONE', *, *, #1483, .T. ) ;
#5187 = LINE ( 'NONE', #333, #2202 ) ;
#5188 = CARTESIAN_POINT ( 'NONE',  ( 1.625000000000000222, 1.625000000000000222, -0.02000000000000000042 ) ) ;
#5189 = LINE ( 'NONE', #902, #1289 ) ;
#5190 = ORIENTED_EDGE ( 'NONE', *, *, #3448, .F. ) ;
#5191 = AXIS2_PLACEMENT_3D ( 'NONE', #4493, #2940, #6671 ) ;
#5192 = CARTESIAN_POINT ( 'NONE',  ( -2.500000000000000000, 1.150000000000000133, 0.000000000000000000 ) ) ;
#5193 = DIRECTION ( 'NONE',  ( 0.000000000000000000, 0.000000000000000000, -1.000000000000000000 ) ) ;
#5194 = ORIENTED_EDGE ( 'NONE', *, *, #6253, .T. ) ;
#5195 = ORIENTED_EDGE ( 'NONE', *, *, #3268, .T. ) ;
#5196 = CARTESIAN_POINT ( 'NONE',  ( 2.500000000000000000, 0.1499999999999995226, -0.02000000000000000042 ) ) ;
#5197 = CARTESIAN_POINT ( 'NONE',  ( 0.7999999999999994893, -1.949999999999999956, 0.1800000000000000211 ) ) ;
#5198 = CARTESIAN_POINT ( 'NONE',  ( 0.000000000000000000, 2.600000000000000089, 0.1800000000000000211 ) ) ;
#5199 = DIRECTION ( 'NONE',  ( -0.000000000000000000, -0.000000000000000000, -1.000000000000000000 ) ) ;
#5200 = ORIENTED_EDGE ( 'NONE', *, *, #2002, .F. ) ;
#5201 = LINE ( 'NONE', #1522, #3728 ) ;
#5202 = FACE_OUTER_BOUND ( 'NONE', #4294, .T. ) ;
#5203 = EDGE_CURVE ( 'NONE', #1365, #4346, #439, .T. ) ;
#5204 = PLANE ( 'NONE',  #5142 ) ;
#5205 = EDGE_CURVE ( 'NONE', #2678, #2480, #1466, .T. ) ;
#5206 = LINE ( 'NONE', #3614, #6854 ) ;
#5207 = STYLED_ITEM ( 'NONE', ( #6177 ), #1816 ) ;
#5208 = EDGE_LOOP ( 'NONE', ( #5063, #4721, #1545, #654 ) ) ;
#5209 = CARTESIAN_POINT ( 'NONE',  ( -2.500000000000000000, -0.1499999999999997446, 0.000000000000000000 ) ) ;
#5210 = ORIENTED_EDGE ( 'NONE', *, *, #4182, .F. ) ;
#5211 = CARTESIAN_POINT ( 'NONE',  ( 1.949999999999999512, -0.1499999999999999667, -0.02000000000000000042 ) ) ;
#5212 = EDGE_LOOP ( 'NONE', ( #6536, #1747, #6772, #3151 ) ) ;
#5213 = CARTESIAN_POINT ( 'NONE',  ( -2.500000000000000000, -0.4999999999999997780, 0.1800000000000000211 ) ) ;
#5214 = EDGE_CURVE ( 'NONE', #4483, #1565, #1538, .T. ) ;
#5215 = AXIS2_PLACEMENT_3D ( 'NONE', #400, #1891, #2467 ) ;
#5216 = VECTOR ( 'NONE', #5405, 1000.000000000000000 ) ;
#5217 = PLANE ( 'NONE',  #3216 ) ;
#5218 = ORIENTED_EDGE ( 'NONE', *, *, #4341, .T. ) ;
#5219 = CARTESIAN_POINT ( 'NONE',  ( -2.500000000000000000, 1.450000000000000178, 0.1800000001139778760 ) ) ;
#5220 = EDGE_CURVE ( 'NONE', #2340, #2406, #2001, .T. ) ;
#5221 = DIRECTION ( 'NONE',  ( -1.000000000000000000, -3.942553354492739094E-16, 0.000000000000000000 ) ) ;
#5222 = CARTESIAN_POINT ( 'NONE',  ( -2.500000000000000000, -0.1499999999999997446, 0.000000000000000000 ) ) ;
#5223 = STYLED_ITEM ( 'NONE', ( #5653 ), #6570 ) ;
#5224 = ORIENTED_EDGE ( 'NONE', *, *, #5877, .F. ) ;
#5225 = ORIENTED_EDGE ( 'NONE', *, *, #5941, .F. ) ;
#5226 = CARTESIAN_POINT ( 'NONE',  ( 2.469999999999999751, 2.469999999999999751, 0.7500000000000000000 ) ) ;
#5227 = ORIENTED_EDGE ( 'NONE', *, *, #4859, .T. ) ;
#5228 = CARTESIAN_POINT ( 'NONE',  ( 1.149999999999999911, 1.949999999999999956, -0.02000000000000000042 ) ) ;
#5229 = DIRECTION ( 'NONE',  ( -7.885106708985485090E-16, -1.000000000000000000, 0.000000000000000000 ) ) ;
#5231 = CIRCLE ( 'NONE', #6605, 0.2000000000000003164 ) ;
#5230 =( NAMED_UNIT ( * ) SI_UNIT ( $, .STERADIAN. ) SOLID_ANGLE_UNIT ( ) );
#5232 = MECHANICAL_DESIGN_GEOMETRIC_PRESENTATION_REPRESENTATION (  '', ( #5809 ), #1054 ) ;
#5233 = VERTEX_POINT ( 'NONE', #3623 ) ;
#5234 = SURFACE_STYLE_FILL_AREA ( #497 ) ;
#5235 = AXIS2_PLACEMENT_3D ( 'NONE', #899, #1436, #6389 ) ;
#5236 = UNCERTAINTY_MEASURE_WITH_UNIT (LENGTH_MEASURE( 1.000000000000000082E-05 ), #4888, 'distance_accuracy_value', 'NONE');
#5237 = VECTOR ( 'NONE', #936, 1000.000000000000000 ) ;
#5238 = VECTOR ( 'NONE', #3284, 1000.000000000000000 ) ;
#5239 = ADVANCED_FACE ( 'NONE', ( #3593 ), #4755, .T. ) ;
#5240 = CARTESIAN_POINT ( 'NONE',  ( 2.500000000000000000, -1.449999999999999734, 0.1800000000000000211 ) ) ;
#5241 = LINE ( 'NONE', #4714, #4905 ) ;
#5242 = DIRECTION ( 'NONE',  ( 1.000000000000000000, -0.000000000000000000, 0.000000000000000000 ) ) ;
#5243 = CARTESIAN_POINT ( 'NONE',  ( 0.1499999999999999667, -2.500000000000000000, 0.000000000000000000 ) ) ;
#5244 = VECTOR ( 'NONE', #3518, 1000.000000000000000 ) ;
#5245 = VECTOR ( 'NONE', #4396, 1000.000000000000000 ) ;
#5246 = ORIENTED_EDGE ( 'NONE', *, *, #5690, .F. ) ;
#5247 = EDGE_CURVE ( 'NONE', #5423, #937, #4155, .T. ) ;
#5248 = CARTESIAN_POINT ( 'NONE',  ( -2.469999999999999751, -2.469999999999999751, 0.7500000000000000000 ) ) ;
#5249 = VECTOR ( 'NONE', #3853, 1000.000000000000000 ) ;
#5250 = VERTEX_POINT ( 'NONE', #473 ) ;
#5251 = LINE ( 'NONE', #4052, #6534 ) ;
#5252 = AXIS2_PLACEMENT_3D ( 'NONE', #5198, #6305, #6907 ) ;
#5253 = EDGE_LOOP ( 'NONE', ( #5670, #6274, #6720 ) ) ;
#5254 = VECTOR ( 'NONE', #4854, 1000.000000000000000 ) ;
#5255 = CARTESIAN_POINT ( 'NONE',  ( 1.449999999999999956, -2.500000000000000000, 0.1800000000000000211 ) ) ;
#5256 = SPHERICAL_SURFACE ( 'NONE', #1166, 0.02999999999999999889 ) ;
#5257 = EDGE_CURVE ( 'NONE', #2754, #6834, #2035, .T. ) ;
#5258 = CIRCLE ( 'NONE', #2209, 0.03000000000000007869 ) ;
#5259 = LINE ( 'NONE', #336, #2077 ) ;
#5260 = EDGE_LOOP ( 'NONE', ( #5348, #2500, #3716, #4919 ) ) ;
#5261 = CIRCLE ( 'NONE', #2210, 0.2000000000000003164 ) ;
#5262 = CYLINDRICAL_SURFACE ( 'NONE', #2425, 0.03000000000000007869 ) ;
#5263 = PLANE ( 'NONE',  #2559 ) ;
#5264 = CARTESIAN_POINT ( 'NONE',  ( 0.1499999999999999667, 2.500000000000000000, 0.1800000000000000211 ) ) ;
#5265 = EDGE_CURVE ( 'NONE', #2406, #3697, #1567, .T. ) ;
#5266 = FACE_OUTER_BOUND ( 'NONE', #208, .T. ) ;
#5267 = EDGE_CURVE ( 'NONE', #6455, #5596, #4652, .T. ) ;
#5268 = EDGE_LOOP ( 'NONE', ( #6533, #3807, #6014, #6076 ) ) ;
#5269 = ORIENTED_EDGE ( 'NONE', *, *, #349, .F. ) ;
#5270 = LINE ( 'NONE', #5806, #5763 ) ;
#5271 = ORIENTED_EDGE ( 'NONE', *, *, #2009, .F. ) ;
#5272 = DIRECTION ( 'NONE',  ( 0.000000000000000000, -1.000000000000000000, 0.000000000000000000 ) ) ;
#5273 = FACE_OUTER_BOUND ( 'NONE', #699, .T. ) ;
#5274 = PLANE ( 'NONE',  #3319 ) ;
#5275 = LINE ( 'NONE', #3227, #6396 ) ;
#5276 = EDGE_CURVE ( 'NONE', #5544, #2782, #6922, .T. ) ;
#5277 = ORIENTED_EDGE ( 'NONE', *, *, #881, .F. ) ;
#5278 = SURFACE_SIDE_STYLE ('',( #960 ) ) ;
#5279 = CARTESIAN_POINT ( 'NONE',  ( -1.274999999999999689, 1.625000000000000222, -0.02000000000000000042 ) ) ;
#5280 = LINE ( 'NONE', #3055, #2873 ) ;
#5281 = CARTESIAN_POINT ( 'NONE',  ( 2.500000000000000000, -1.449999999999999734, 0.1800000000000000211 ) ) ;
#5282 = SURFACE_STYLE_USAGE ( .BOTH. , #3649 ) ;
#5283 = EDGE_LOOP ( 'NONE', ( #4080, #6457, #3002, #2397 ) ) ;
#5284 = DIRECTION ( 'NONE',  ( 3.942553354492739587E-16, -1.000000000000000000, 0.000000000000000000 ) ) ;
#5285 = CARTESIAN_POINT ( 'NONE',  ( -0.1499999999999999667, 1.949999999999999956, -0.02000000000000000042 ) ) ;
#5286 = ORIENTED_EDGE ( 'NONE', *, *, #4046, .F. ) ;
#5287 = PRESENTATION_STYLE_ASSIGNMENT (( #1465 ) ) ;
#5288 = CARTESIAN_POINT ( 'NONE',  ( -1.949999999999999956, 1.450000000000000400, 0.1800000000000000211 ) ) ;
#5289 = EDGE_CURVE ( 'NONE', #5480, #4719, #2066, .T. ) ;
#5290 = VERTEX_POINT ( 'NONE', #6823 ) ;
#5291 = DIRECTION ( 'NONE',  ( 0.000000000000000000, -1.000000000000000000, 0.000000000000000000 ) ) ;
#5292 = ORIENTED_EDGE ( 'NONE', *, *, #5523, .F. ) ;
#5293 = FACE_OUTER_BOUND ( 'NONE', #5475, .T. ) ;
#5294 = DIRECTION ( 'NONE',  ( 0.000000000000000000, -1.000000000000000000, 0.000000000000000000 ) ) ;
#5295 = ADVANCED_FACE ( 'NONE', ( #4220 ), #6289, .T. ) ;
#5296 = EDGE_CURVE ( 'NONE', #343, #3251, #5790, .T. ) ;
#5297 = LINE ( 'NONE', #1547, #6619 ) ;
#5298 = ORIENTED_EDGE ( 'NONE', *, *, #2696, .F. ) ;
#5299 = ORIENTED_EDGE ( 'NONE', *, *, #6825, .T. ) ;
#5300 = CARTESIAN_POINT ( 'NONE',  ( -2.500000000000000000, -0.7999999999999997113, 0.1800000001139778760 ) ) ;
#5301 = EDGE_LOOP ( 'NONE', ( #878, #3834, #5887, #6779 ) ) ;
#5302 = DIRECTION ( 'NONE',  ( 1.000000000000000000, 0.000000000000000000, 0.000000000000000000 ) ) ;
#5303 = DIRECTION ( 'NONE',  ( -1.000000000000000000, 3.942553354492742545E-16, 0.000000000000000000 ) ) ;
#5304 = ADVANCED_FACE ( 'NONE', ( #2812 ), #2667, .F. ) ;
#5305 = VECTOR ( 'NONE', #3783, 1000.000000000000000 ) ;
#5306 = DIRECTION ( 'NONE',  ( 0.000000000000000000, -0.000000000000000000, 1.000000000000000000 ) ) ;
#5307 = CARTESIAN_POINT ( 'NONE',  ( -1.450000000000002176, -1.949999999999999956, 0.1800000000000000488 ) ) ;
#5308 = VERTEX_POINT ( 'NONE', #5454 ) ;
#5309 =( LENGTH_UNIT ( ) NAMED_UNIT ( * ) SI_UNIT ( .MILLI., .METRE. ) );
#5310 = CARTESIAN_POINT ( 'NONE',  ( 2.469999999999999751, -2.469999999999999751, 0.7500000000000000000 ) ) ;
#5311 = CARTESIAN_POINT ( 'NONE',  ( 0.4999999999999970024, -2.500000000000000000, 0.1800000000000000211 ) ) ;
#5312 = CARTESIAN_POINT ( 'NONE',  ( 0.5000000000000000000, 1.949999999999999956, -0.02000000000000000042 ) ) ;
#5313 = DIRECTION ( 'NONE',  ( -1.000000000000000000, 3.942553354492742545E-16, -0.000000000000000000 ) ) ;
#5314 = ORIENTED_EDGE ( 'NONE', *, *, #5792, .F. ) ;
#5315 = CARTESIAN_POINT ( 'NONE',  ( 0.4999999999999970024, -2.500000000000000000, 0.1800000000000000211 ) ) ;
#5316 = DIRECTION ( 'NONE',  ( 1.000000000000000000, 0.000000000000000000, -0.000000000000000000 ) ) ;
#5317 = VERTEX_POINT ( 'NONE', #4967 ) ;
#5318 =( LENGTH_UNIT ( ) NAMED_UNIT ( * ) SI_UNIT ( .MILLI., .METRE. ) );
#5319 = PLANE ( 'NONE',  #2310 ) ;
#5320 = PRESENTATION_STYLE_ASSIGNMENT (( #3572 ) ) ;
#5321 = VERTEX_POINT ( 'NONE', #1592 ) ;
#5322 = ORIENTED_EDGE ( 'NONE', *, *, #6978, .T. ) ;
#5323 = CARTESIAN_POINT ( 'NONE',  ( 0.7999999999999999334, -2.500000000000000000, 0.1800000000000000488 ) ) ;
#5324 = ORIENTED_EDGE ( 'NONE', *, *, #810, .T. ) ;
#5325 = CARTESIAN_POINT ( 'NONE',  ( 2.500000000000000000, -1.150000000000000355, 0.000000000000000000 ) ) ;
#5326 = ADVANCED_FACE ( 'NONE', ( #616 ), #2163, .F. ) ;
#5327 = PLANE ( 'NONE',  #1068 ) ;
#5328 = COLOUR_RGB ( '',0.8039215686274510109, 0.8039215686274510109, 0.8039215686274510109 ) ;
#5329 = ORIENTED_EDGE ( 'NONE', *, *, #3645, .T. ) ;
#5330 = ORIENTED_EDGE ( 'NONE', *, *, #1666, .T. ) ;
#5331 = CARTESIAN_POINT ( 'NONE',  ( 1.949999999999999512, -0.5000000000000000000, -0.02000000000000000042 ) ) ;
#5332 = EDGE_LOOP ( 'NONE', ( #4455, #3356, #831, #5025 ) ) ;
#5333 = AXIS2_PLACEMENT_3D ( 'NONE', #670, #1759, #3923 ) ;
#5334 = DIRECTION ( 'NONE',  ( 7.885106708985485090E-16, -1.000000000000000000, 0.000000000000000000 ) ) ;
#5335 = PRESENTATION_LAYER_ASSIGNMENT (  '', '', ( #5223 ) ) ;
#5336 = CARTESIAN_POINT ( 'NONE',  ( -2.500000000000000000, -1.149999999999999689, 0.1800000000000000211 ) ) ;
#5337 = DIRECTION ( 'NONE',  ( -0.000000000000000000, -0.000000000000000000, -1.000000000000000000 ) ) ;
#5338 = VERTEX_POINT ( 'NONE', #4855 ) ;
#5339 = VECTOR ( 'NONE', #6787, 1000.000000000000000 ) ;
#5340 = CARTESIAN_POINT ( 'NONE',  ( -1.149999999999999911, 2.500000000000000000, 0.000000000000000000 ) ) ;
#5341 = EDGE_CURVE ( 'NONE', #1061, #3098, #3862, .T. ) ;
#5342 = CARTESIAN_POINT ( 'NONE',  ( -2.500000000000000000, 0.8000000000000001554, 0.1800000000000000211 ) ) ;
#5343 = DIRECTION ( 'NONE',  ( 1.000000000000000000, -7.885106708985485090E-16, 0.000000000000000000 ) ) ;
#5344 = CARTESIAN_POINT ( 'NONE',  ( 2.500000000000000000, 1.150000000000000133, -0.02000000000000000042 ) ) ;
#5345 =( NAMED_UNIT ( * ) SI_UNIT ( $, .STERADIAN. ) SOLID_ANGLE_UNIT ( ) );
#5346 = VECTOR ( 'NONE', #1773, 1000.000000000000000 ) ;
#5347 = ORIENTED_EDGE ( 'NONE', *, *, #1745, .T. ) ;
#5348 = ORIENTED_EDGE ( 'NONE', *, *, #6610, .T. ) ;
#5349 = CIRCLE ( 'NONE', #3210, 0.02999999999999997113 ) ;
#5350 = AXIS2_PLACEMENT_3D ( 'NONE', #3406, #1158, #436 ) ;
#5351 = FACE_OUTER_BOUND ( 'NONE', #4192, .T. ) ;
#5352 = CARTESIAN_POINT ( 'NONE',  ( -1.949999999999999956, 0.8000000000000003775, -0.02000000000000000042 ) ) ;
#5353 = ORIENTED_EDGE ( 'NONE', *, *, #3018, .T. ) ;
#5354 = CARTESIAN_POINT ( 'NONE',  ( -2.500000000000000000, 1.150000000000000133, 0.1800000000000000211 ) ) ;
#5355 = VECTOR ( 'NONE', #6795, 1000.000000000000000 ) ;
#5356 = VECTOR ( 'NONE', #2933, 1000.000000000000000 ) ;
#5357 = PLANE ( 'NONE',  #6590 ) ;
#5358 = VERTEX_POINT ( 'NONE', #4357 ) ;
#5359 = AXIS2_PLACEMENT_3D ( 'NONE', #1796, #5439, #6054 ) ;
#5360 = AXIS2_PLACEMENT_3D ( 'NONE', #3205, #5997, #6028 ) ;
#5361 = ORIENTED_EDGE ( 'NONE', *, *, #280, .T. ) ;
#5362 = ORIENTED_EDGE ( 'NONE', *, *, #3489, .F. ) ;
#5363 = DIRECTION ( 'NONE',  ( -0.000000000000000000, -0.000000000000000000, -1.000000000000000000 ) ) ;
#5364 = ORIENTED_EDGE ( 'NONE', *, *, #3228, .F. ) ;
#5365 = DIRECTION ( 'NONE',  ( -1.000000000000000000, 0.000000000000000000, -0.000000000000000000 ) ) ;
#5366 = DIRECTION ( 'NONE',  ( 7.885106708985485090E-16, 1.000000000000000000, 0.000000000000000000 ) ) ;
#5367 = VECTOR ( 'NONE', #223, 1000.000000000000000 ) ;
#5368 = FACE_OUTER_BOUND ( 'NONE', #3176, .T. ) ;
#5369 = ORIENTED_EDGE ( 'NONE', *, *, #2313, .F. ) ;
#5370 = CLOSED_SHELL ( 'NONE', ( #3360, #6356, #3447, #900, #6660, #1326 ) ) ;
#5371 = CARTESIAN_POINT ( 'NONE',  ( -1.949999999999999956, -1.149999999999999467, 0.1800000000000000211 ) ) ;
#5372 = ORIENTED_EDGE ( 'NONE', *, *, #75, .T. ) ;
#5373 = CARTESIAN_POINT ( 'NONE',  ( 0.000000000000000000, 1.300000000000000044, -0.02000000000000000042 ) ) ;
#5374 = FACE_OUTER_BOUND ( 'NONE', #6016, .T. ) ;
#5375 = VECTOR ( 'NONE', #5447, 1000.000000000000000 ) ;
#5376 = ADVANCED_FACE ( 'NONE', ( #122 ), #2136, .F. ) ;
#5377 = LINE ( 'NONE', #1613, #4242 ) ;
#5378 = ORIENTED_EDGE ( 'NONE', *, *, #2631, .T. ) ;
#5379 = DIRECTION ( 'NONE',  ( 0.000000000000000000, 0.000000000000000000, -1.000000000000000000 ) ) ;
#5380 = EDGE_LOOP ( 'NONE', ( #600, #2428 ) ) ;
#5381 = SURFACE_SIDE_STYLE ('',( #3234 ) ) ;
#5382 = CARTESIAN_POINT ( 'NONE',  ( 1.149999999999999911, 2.500000000000000000, 0.1800000000000000211 ) ) ;
#5383 = CARTESIAN_POINT ( 'NONE',  ( 2.500000000000000000, 0.1499999999999995226, -0.02000000000000000042 ) ) ;
#5384 = DIRECTION ( 'NONE',  ( 1.000000000000000000, -0.000000000000000000, 0.000000000000000000 ) ) ;
#5385 = EDGE_CURVE ( 'NONE', #4887, #3973, #3829, .T. ) ;
#5386 = ORIENTED_EDGE ( 'NONE', *, *, #6611, .T. ) ;
#5387 = EDGE_CURVE ( 'NONE', #998, #1806, #2279, .T. ) ;
#5388 = CARTESIAN_POINT ( 'NONE',  ( 1.449999999999999956, 2.500000000000000000, 0.1800000000000000211 ) ) ;
#5389 = ORIENTED_EDGE ( 'NONE', *, *, #2145, .F. ) ;
#5390 = PRESENTATION_STYLE_ASSIGNMENT (( #3795 ) ) ;
#5391 = CARTESIAN_POINT ( 'NONE',  ( -1.949999999999999956, -0.1499999999999999667, -0.02000000000000000042 ) ) ;
#5392 =( NAMED_UNIT ( * ) PLANE_ANGLE_UNIT ( ) SI_UNIT ( $, .RADIAN. ) );
#5393 = ADVANCED_FACE ( 'NONE', ( #3905 ), #5421, .T. ) ;
#5394 = ORIENTED_EDGE ( 'NONE', *, *, #2535, .T. ) ;
#5395 = CARTESIAN_POINT ( 'NONE',  ( -0.1500000000000021316, -1.949999999999999956, 0.1800000000000000488 ) ) ;
#5396 = EDGE_LOOP ( 'NONE', ( #562, #2356, #6880, #4096 ) ) ;
#5397 = DIRECTION ( 'NONE',  ( -0.000000000000000000, -0.000000000000000000, 1.000000000000000000 ) ) ;
#5398 = CARTESIAN_POINT ( 'NONE',  ( -0.8000000000000029310, -2.500000000000000000, 0.1800000000000000211 ) ) ;
#5399 = DIRECTION ( 'NONE',  ( 0.000000000000000000, -0.000000000000000000, 1.000000000000000000 ) ) ;
#5400 = DIRECTION ( 'NONE',  ( -1.000000000000000000, 0.000000000000000000, 0.000000000000000000 ) ) ;
#5401 = ORIENTED_EDGE ( 'NONE', *, *, #2007, .T. ) ;
#5402 = CARTESIAN_POINT ( 'NONE',  ( 2.500000000000000000, -1.150000000000000355, -0.02000000000000000042 ) ) ;
#5403 = EDGE_LOOP ( 'NONE', ( #5863, #4278, #1095, #3460 ) ) ;
#5404 = DIRECTION ( 'NONE',  ( -1.000000000000000000, 0.000000000000000000, 0.000000000000000000 ) ) ;
#5405 = DIRECTION ( 'NONE',  ( -0.000000000000000000, -0.000000000000000000, 1.000000000000000000 ) ) ;
#5406 = APPLICATION_PROTOCOL_DEFINITION ( 'draft international standard', 'automotive_design', 1998, #500 ) ;
#5407 = PLANE ( 'NONE',  #633 ) ;
#5408 = ORIENTED_EDGE ( 'NONE', *, *, #5941, .T. ) ;
#5409 = ORIENTED_EDGE ( 'NONE', *, *, #742, .T. ) ;
#5410 = FILL_AREA_STYLE_COLOUR ( '', #4978 ) ;
#5411 = DIRECTION ( 'NONE',  ( 0.000000000000000000, 1.000000000000000000, 0.000000000000000000 ) ) ;
#5412 = DIRECTION ( 'NONE',  ( -0.000000000000000000, -0.000000000000000000, -1.000000000000000000 ) ) ;
#5413 = LINE ( 'NONE', #1731, #4131 ) ;
#5414 = FACE_OUTER_BOUND ( 'NONE', #236, .T. ) ;
#5415 = ORIENTED_EDGE ( 'NONE', *, *, #2457, .F. ) ;
#5416 = LINE ( 'NONE', #1630, #2556 ) ;
#5417 = EDGE_CURVE ( 'NONE', #2782, #5015, #580, .T. ) ;
#5418 = ADVANCED_FACE ( 'NONE', ( #4321 ), #6565, .F. ) ;
#5419 = PLANE ( 'NONE',  #2452 ) ;
#5420 = ORIENTED_EDGE ( 'NONE', *, *, #5296, .T. ) ;
#5421 = CYLINDRICAL_SURFACE ( 'NONE', #5360, 0.2000000000000003164 ) ;
#5422 = LINE ( 'NONE', #1218, #3541 ) ;
#5423 = VERTEX_POINT ( 'NONE', #1703 ) ;
#5424 = LINE ( 'NONE', #3314, #6153 ) ;
#5425 = EDGE_CURVE ( 'NONE', #6690, #1123, #1077, .T. ) ;
#5426 = AXIS2_PLACEMENT_3D ( 'NONE', #3265, #1726, #6441 ) ;
#5427 = EDGE_LOOP ( 'NONE', ( #1401, #3263, #4059, #221 ) ) ;
#5428 = CARTESIAN_POINT ( 'NONE',  ( -1.949999999999999956, -0.4999999999999995559, 0.1800000000000000211 ) ) ;
#5429 = LINE ( 'NONE', #3872, #6371 ) ;
#5430 = VECTOR ( 'NONE', #3942, 1000.000000000000000 ) ;
#5431 = CARTESIAN_POINT ( 'NONE',  ( -1.450000000000002842, -2.500000000000000000, 0.1800000000000000211 ) ) ;
#5432 = EDGE_CURVE ( 'NONE', #2995, #4887, #6989, .T. ) ;
#5433 = CARTESIAN_POINT ( 'NONE',  ( 1.949999999999999512, 1.449999999999999956, -0.02000000000000000042 ) ) ;
#5434 = ORIENTED_EDGE ( 'NONE', *, *, #4691, .T. ) ;
#5435 = CARTESIAN_POINT ( 'NONE',  ( -2.069999999999999840, 2.069999999999999840, 0.7699999999999999067 ) ) ;
#5436 = ORIENTED_EDGE ( 'NONE', *, *, #4481, .F. ) ;
#5437 = LINE ( 'NONE', #596, #5817 ) ;
#5438 = LINE ( 'NONE', #4275, #2405 ) ;
#5439 = DIRECTION ( 'NONE',  ( 0.000000000000000000, 0.000000000000000000, -1.000000000000000000 ) ) ;
#5440 = VERTEX_POINT ( 'NONE', #4391 ) ;
#5441 = VECTOR ( 'NONE', #6542, 1000.000000000000000 ) ;
#5442 = VERTEX_POINT ( 'NONE', #6450 ) ;
#5443 = PRESENTATION_STYLE_ASSIGNMENT (( #3849 ) ) ;
#5444 = VECTOR ( 'NONE', #5303, 1000.000000000000000 ) ;
#5445 = FACE_OUTER_BOUND ( 'NONE', #1642, .T. ) ;
#5446 = CARTESIAN_POINT ( 'NONE',  ( 1.449999999999999956, 2.500000000000000000, 0.1800000000000000211 ) ) ;
#5447 = DIRECTION ( 'NONE',  ( -0.000000000000000000, -0.000000000000000000, 1.000000000000000000 ) ) ;
#5448 = CARTESIAN_POINT ( 'NONE',  ( -2.469999999999999751, -2.500000000000000000, 0.7800000000000000266 ) ) ;
#5449 =( GEOMETRIC_REPRESENTATION_CONTEXT ( 3 ) GLOBAL_UNCERTAINTY_ASSIGNED_CONTEXT ( ( #2054 ) ) GLOBAL_UNIT_ASSIGNED_CONTEXT ( ( #691, #3797, #5969 ) ) REPRESENTATION_CONTEXT ( 'NONE', 'WORKASPACE' ) );
#5450 = FACE_OUTER_BOUND ( 'NONE', #20, .T. ) ;
#5451 = ORIENTED_EDGE ( 'NONE', *, *, #6816, .F. ) ;
#5452 = CARTESIAN_POINT ( 'NONE',  ( 1.949999999999999512, -0.5000000000000000000, 0.1800000000000000211 ) ) ;
#5453 = VECTOR ( 'NONE', #6306, 1000.000000000000000 ) ;
#5454 = CARTESIAN_POINT ( 'NONE',  ( -0.1499999999999999667, 2.500000000000000000, 0.1800000000000000488 ) ) ;
#5455 = VECTOR ( 'NONE', #5521, 1000.000000000000000 ) ;
#5456 = ORIENTED_EDGE ( 'NONE', *, *, #2686, .F. ) ;
#5457 = EDGE_CURVE ( 'NONE', #6391, #3287, #2207, .T. ) ;
#5458 = EDGE_CURVE ( 'NONE', #1598, #5979, #1175, .T. ) ;
#5459 = ADVANCED_FACE ( 'NONE', ( #548 ), #2244, .F. ) ;
#5460 = ORIENTED_EDGE ( 'NONE', *, *, #708, .F. ) ;
#5461 = DIRECTION ( 'NONE',  ( -0.000000000000000000, 1.000000000000000000, -0.000000000000000000 ) ) ;
#5462 = AXIS2_PLACEMENT_3D ( 'NONE', #2943, #2453, #5845 ) ;
#5463 = VERTEX_POINT ( 'NONE', #5391 ) ;
#5464 = COLOUR_RGB ( '',0.8039215686274510109, 0.8039215686274510109, 0.8039215686274510109 ) ;
#5465 = PLANE ( 'NONE',  #946 ) ;
#5466 = DIRECTION ( 'NONE',  ( 0.000000000000000000, -1.000000000000000000, 0.000000000000000000 ) ) ;
#5467 = DIRECTION ( 'NONE',  ( 0.000000000000000000, -0.000000000000000000, 1.000000000000000000 ) ) ;
#5468 = CLOSED_SHELL ( 'NONE', ( #2417, #1704, #5376, #3468, #6462, #5295 ) ) ;
#5469 = ADVANCED_FACE ( 'NONE', ( #2699 ), #1808, .F. ) ;
#5470 =( GEOMETRIC_REPRESENTATION_CONTEXT ( 3 ) GLOBAL_UNCERTAINTY_ASSIGNED_CONTEXT ( ( #6311 ) ) GLOBAL_UNIT_ASSIGNED_CONTEXT ( ( #438, #6287, #1537 ) ) REPRESENTATION_CONTEXT ( 'NONE', 'WORKASPACE' ) );
#5471 = CARTESIAN_POINT ( 'NONE',  ( -2.500000000000000000, 0.8000000000000001554, 0.1800000000000000211 ) ) ;
#5472 = ORIENTED_EDGE ( 'NONE', *, *, #6090, .F. ) ;
#5473 = FACE_OUTER_BOUND ( 'NONE', #809, .T. ) ;
#5474 = CIRCLE ( 'NONE', #845, 0.02999999999999997113 ) ;
#5475 = EDGE_LOOP ( 'NONE', ( #68, #1708, #826, #6567 ) ) ;
#5476 = LINE ( 'NONE', #563, #492 ) ;
#5477 = VECTOR ( 'NONE', #1244, 1000.000000000000000 ) ;
#5478 = DIRECTION ( 'NONE',  ( 0.000000000000000000, 0.000000000000000000, 1.000000000000000000 ) ) ;
#5479 = PLANE ( 'NONE',  #55 ) ;
#5480 = VERTEX_POINT ( 'NONE', #1886 ) ;
#5481 = ORIENTED_EDGE ( 'NONE', *, *, #934, .F. ) ;
#5482 = FACE_OUTER_BOUND ( 'NONE', #5882, .T. ) ;
#5483 = CARTESIAN_POINT ( 'NONE',  ( -2.500000000000000000, 0.8000000000000001554, 0.1800000000000000211 ) ) ;
#5484 = VECTOR ( 'NONE', #4314, 1000.000000000000000 ) ;
#5485 = VECTOR ( 'NONE', #5337, 1000.000000000000000 ) ;
#5486 = PLANE ( 'NONE',  #3345 ) ;
#5487 = LINE ( 'NONE', #6479, #383 ) ;
#5488 = PLANE ( 'NONE',  #4337 ) ;
#5489 = VECTOR ( 'NONE', #4962, 1000.000000000000000 ) ;
#5490 = CARTESIAN_POINT ( 'NONE',  ( -1.150000000000000355, 1.949999999999999956, -0.02000000000000000042 ) ) ;
#5491 =( LENGTH_UNIT ( ) NAMED_UNIT ( * ) SI_UNIT ( .MILLI., .METRE. ) );
#5492 = EDGE_LOOP ( 'NONE', ( #2437, #1809, #4219, #5909 ) ) ;
#5493 = EDGE_CURVE ( 'NONE', #2017, #6163, #2987, .T. ) ;
#5494 = VECTOR ( 'NONE', #153, 1000.000000000000000 ) ;
#5495 = CARTESIAN_POINT ( 'NONE',  ( 1.949999999999999512, 0.1499999999999999667, 0.1800000000000000211 ) ) ;
#5496 = LINE ( 'NONE', #2277, #1640 ) ;
#5497 = DIRECTION ( 'NONE',  ( -0.000000000000000000, -0.000000000000000000, -1.000000000000000000 ) ) ;
#5498 = CARTESIAN_POINT ( 'NONE',  ( 0.000000000000000000, 0.000000000000000000, 0.1800000000000000211 ) ) ;
#5499 = LINE ( 'NONE', #3383, #5695 ) ;
#5500 = AXIS2_PLACEMENT_3D ( 'NONE', #1563, #5865, #5826 ) ;
#5501 = ORIENTED_EDGE ( 'NONE', *, *, #2686, .T. ) ;
#5502 = EDGE_LOOP ( 'NONE', ( #1361, #4151, #4085, #986 ) ) ;
#5503 = CARTESIAN_POINT ( 'NONE',  ( -2.500000000000000000, -0.4999999999999995559, 0.000000000000000000 ) ) ;
#5504 = ORIENTED_EDGE ( 'NONE', *, *, #2741, .T. ) ;
#5505 = CARTESIAN_POINT ( 'NONE',  ( -1.449999999999999956, 1.949999999999999956, 0.1800000000000000488 ) ) ;
#5506 = ADVANCED_FACE ( 'NONE', ( #829 ), #2353, .F. ) ;
#5507 = CARTESIAN_POINT ( 'NONE',  ( -1.450000000000002176, -1.949999999999999956, -0.02000000000000000042 ) ) ;
#5508 = PLANE ( 'NONE',  #3785 ) ;
#5509 = FACE_OUTER_BOUND ( 'NONE', #254, .T. ) ;
#5510 = ORIENTED_EDGE ( 'NONE', *, *, #2713, .T. ) ;
#5511 = LINE ( 'NONE', #5753, #4034 ) ;
#5512 = CARTESIAN_POINT ( 'NONE',  ( 1.149999999999999911, 1.949999999999999956, 0.1800000000000000211 ) ) ;
#5513 = ORIENTED_EDGE ( 'NONE', *, *, #5606, .F. ) ;
#5514 = CARTESIAN_POINT ( 'NONE',  ( 1.949999999999999512, -1.449999999999999956, 0.1800000000002910383 ) ) ;
#5515 = EDGE_CURVE ( 'NONE', #6255, #1674, #157, .T. ) ;
#5516 = ADVANCED_FACE ( 'NONE', ( #2317 ), #1847, .F. ) ;
#5517 = FACE_OUTER_BOUND ( 'NONE', #5502, .T. ) ;
#5518 = LINE ( 'NONE', #674, #2994 ) ;
#5519 = ORIENTED_EDGE ( 'NONE', *, *, #3399, .F. ) ;
#5520 = CARTESIAN_POINT ( 'NONE',  ( -1.449999999999999956, 2.500000000000000000, -0.02000000000000000042 ) ) ;
#5521 = DIRECTION ( 'NONE',  ( -0.000000000000000000, -0.000000000000000000, -1.000000000000000000 ) ) ;
#5522 = DIRECTION ( 'NONE',  ( -1.000000000000000000, -3.942553354492742545E-16, 0.000000000000000000 ) ) ;
#5523 = EDGE_CURVE ( 'NONE', #2814, #3287, #6716, .T. ) ;
#5524 = DIRECTION ( 'NONE',  ( 1.000000000000000000, 0.000000000000000000, 0.000000000000000000 ) ) ;
#5525 = DIRECTION ( 'NONE',  ( -1.000000000000000000, -3.942553354492739094E-16, 0.000000000000000000 ) ) ;
#5526 = CARTESIAN_POINT ( 'NONE',  ( 1.949999999999999512, -1.149999999999999911, -0.02000000000000000042 ) ) ;
#5527 = CARTESIAN_POINT ( 'NONE',  ( -2.500000000000000000, 2.469999999999999751, 0.7800000000000000266 ) ) ;
#5528 = CARTESIAN_POINT ( 'NONE',  ( 2.500000000000000000, -0.1499999999999997446, 0.1800000000000000211 ) ) ;
#5529 = LINE ( 'NONE', #5495, #4699 ) ;
#5530 = EDGE_LOOP ( 'NONE', ( #2290, #5805, #1478, #4575 ) ) ;
#5531 = DIRECTION ( 'NONE',  ( 1.000000000000000000, 0.000000000000000000, -0.000000000000000000 ) ) ;
#5532 = CARTESIAN_POINT ( 'NONE',  ( 1.449999999999999956, -2.500000000000000000, -0.02000000000000000042 ) ) ;
#5533 = PRESENTATION_STYLE_ASSIGNMENT (( #581 ) ) ;
#5534 = COLOUR_RGB ( '',0.8039215686274510109, 0.8039215686274510109, 0.8039215686274510109 ) ;
#5535 = ORIENTED_EDGE ( 'NONE', *, *, #6095, .T. ) ;
#5536 = EDGE_LOOP ( 'NONE', ( #781, #2858, #5680 ) ) ;
#5537 = FACE_OUTER_BOUND ( 'NONE', #3463, .T. ) ;
#5538 = ORIENTED_EDGE ( 'NONE', *, *, #6815, .F. ) ;
#5539 = DIRECTION ( 'NONE',  ( -7.885106708985480159E-16, -1.000000000000000000, 0.000000000000000000 ) ) ;
#5540 = DIRECTION ( 'NONE',  ( -0.000000000000000000, -0.000000000000000000, -1.000000000000000000 ) ) ;
#5541 = PLANE ( 'NONE',  #4355 ) ;
#5542 = DIRECTION ( 'NONE',  ( -1.000000000000000000, -0.000000000000000000, -0.000000000000000000 ) ) ;
#5543 = EDGE_CURVE ( 'NONE', #3403, #1231, #5148, .T. ) ;
#5544 = VERTEX_POINT ( 'NONE', #4502 ) ;
#5545 = EDGE_LOOP ( 'NONE', ( #1940, #5719, #2490, #4409 ) ) ;
#5546 = CARTESIAN_POINT ( 'NONE',  ( 2.500000000000000000, 1.150000000000000133, -0.02000000000000000042 ) ) ;
#5547 = DIRECTION ( 'NONE',  ( 1.000000000000000000, 0.000000000000000000, 0.000000000000000000 ) ) ;
#5548 = ORIENTED_EDGE ( 'NONE', *, *, #5085, .F. ) ;
#5549 = CARTESIAN_POINT ( 'NONE',  ( -0.7999999999999999334, 2.500000000000000000, 0.1800000000000000211 ) ) ;
#5550 = CARTESIAN_POINT ( 'NONE',  ( -2.500000000000000000, 2.469999999999999751, 0.7500000000000000000 ) ) ;
#5551 = STYLED_ITEM ( 'NONE', ( #3684 ), #1849 ) ;
#5552 = CARTESIAN_POINT ( 'NONE',  ( -2.500000000000000000, -0.4999999999999997780, 0.000000000000000000 ) ) ;
#5553 = ORIENTED_EDGE ( 'NONE', *, *, #4264, .F. ) ;
#5554 = VERTEX_POINT ( 'NONE', #6179 ) ;
#5555 = FACE_OUTER_BOUND ( 'NONE', #2492, .T. ) ;
#5556 = EDGE_CURVE ( 'NONE', #2494, #5660, #2951, .T. ) ;
#5557 = PLANE ( 'NONE',  #1282 ) ;
#5558 = LINE ( 'NONE', #114, #5723 ) ;
#5559 = CARTESIAN_POINT ( 'NONE',  ( 1.149999999999997913, -1.949999999999999956, -0.02000000000000000042 ) ) ;
#5560 = FACE_OUTER_BOUND ( 'NONE', #578, .T. ) ;
#5561 = AXIS2_PLACEMENT_3D ( 'NONE', #4152, #6318, #6820 ) ;
#5562 = CARTESIAN_POINT ( 'NONE',  ( -0.8000000000000024869, -2.500000000000000000, 0.000000000000000000 ) ) ;
#5563 = LINE ( 'NONE', #2872, #6934 ) ;
#5564 = VERTEX_POINT ( 'NONE', #800 ) ;
#5565 = EDGE_CURVE ( 'NONE', #5739, #5050, #1285, .T. ) ;
#5566 = STYLED_ITEM ( 'NONE', ( #5320 ), #6513 ) ;
#5567 = DIRECTION ( 'NONE',  ( 0.000000000000000000, -0.000000000000000000, 1.000000000000000000 ) ) ;
#5568 = ORIENTED_EDGE ( 'NONE', *, *, #2920, .T. ) ;
#5569 = VECTOR ( 'NONE', #3257, 1000.000000000000000 ) ;
#5570 = FACE_OUTER_BOUND ( 'NONE', #6050, .T. ) ;
#5571 = CARTESIAN_POINT ( 'NONE',  ( 2.500000000000000000, -0.7999999999999997113, 0.1800000000000000211 ) ) ;
#5572 = EDGE_CURVE ( 'NONE', #327, #6584, #1777, .T. ) ;
#5573 = DIRECTION ( 'NONE',  ( -0.000000000000000000, -0.000000000000000000, -1.000000000000000000 ) ) ;
#5574 =( GEOMETRIC_REPRESENTATION_CONTEXT ( 3 ) GLOBAL_UNCERTAINTY_ASSIGNED_CONTEXT ( ( #3611 ) ) GLOBAL_UNIT_ASSIGNED_CONTEXT ( ( #4252, #3089, #5345 ) ) REPRESENTATION_CONTEXT ( 'NONE', 'WORKASPACE' ) );
#5575 = ORIENTED_EDGE ( 'NONE', *, *, #4826, .F. ) ;
#5576 = EDGE_CURVE ( 'NONE', #1141, #1931, #3456, .T. ) ;
#5577 = ORIENTED_EDGE ( 'NONE', *, *, #4143, .F. ) ;
#5578 = VECTOR ( 'NONE', #3157, 1000.000000000000000 ) ;
#5579 = CARTESIAN_POINT ( 'NONE',  ( -1.949999999999999956, 1.149999999999999911, 0.1800000000000000211 ) ) ;
#5580 = ORIENTED_EDGE ( 'NONE', *, *, #1016, .F. ) ;
#5581 =( NAMED_UNIT ( * ) PLANE_ANGLE_UNIT ( ) SI_UNIT ( $, .RADIAN. ) );
#5582 = PLANE ( 'NONE',  #3215 ) ;
#5583 = LINE ( 'NONE', #3426, #5026 ) ;
#5584 = ORIENTED_EDGE ( 'NONE', *, *, #2851, .F. ) ;
#5585 = VECTOR ( 'NONE', #1349, 1000.000000000000000 ) ;
#5586 = ORIENTED_EDGE ( 'NONE', *, *, #512, .F. ) ;
#5587 = LINE ( 'NONE', #6577, #3583 ) ;
#5588 = AXIS2_PLACEMENT_3D ( 'NONE', #5744, #6303, #3077 ) ;
#5589 = PLANE ( 'NONE',  #5333 ) ;
#5590 = VERTEX_POINT ( 'NONE', #295 ) ;
#5591 = CARTESIAN_POINT ( 'NONE',  ( -2.500000000000000000, 0.5000000000000002220, -0.02000000000000000042 ) ) ;
#5592 = LINE ( 'NONE', #706, #5688 ) ;
#5593 = VECTOR ( 'NONE', #4107, 1000.000000000000000 ) ;
#5594 = VECTOR ( 'NONE', #2370, 1000.000000000000000 ) ;
#5595 = CARTESIAN_POINT ( 'NONE',  ( -2.469999999999999751, -2.469999999999999751, 0.7500000000000000000 ) ) ;
#5596 = VERTEX_POINT ( 'NONE', #2462 ) ;
#5597 = AXIS2_PLACEMENT_3D ( 'NONE', #277, #5193, #2476 ) ;
#5598 = ORIENTED_EDGE ( 'NONE', *, *, #4416, .F. ) ;
#5599 = LINE ( 'NONE', #5097, #3161 ) ;
#5600 = AXIS2_PLACEMENT_3D ( 'NONE', #793, #6132, #4524 ) ;
#5601 = LINE ( 'NONE', #5067, #2419 ) ;
#5602 = LINE ( 'NONE', #759, #6035 ) ;
#5603 = EDGE_CURVE ( 'NONE', #2, #3437, #5109, .T. ) ;
#5604 = PLANE ( 'NONE',  #3457 ) ;
#5605 = DIRECTION ( 'NONE',  ( -1.000000000000000000, 3.942553354492743531E-16, 0.000000000000000000 ) ) ;
#5606 = EDGE_CURVE ( 'NONE', #3437, #1193, #5044, .T. ) ;
#5607 = VECTOR ( 'NONE', #5651, 1000.000000000000000 ) ;
#5608 = VERTEX_POINT ( 'NONE', #1217 ) ;
#5609 = VECTOR ( 'NONE', #6949, 1000.000000000000000 ) ;
#5610 = CARTESIAN_POINT ( 'NONE',  ( 0.7999999999999994893, -1.949999999999999956, 0.1800000000000000211 ) ) ;
#5611 = CLOSED_SHELL ( 'NONE', ( #5326, #1746, #6162, #4170, #1280, #6472 ) ) ;
#5612 = AXIS2_PLACEMENT_3D ( 'NONE', #611, #2203, #575 ) ;
#5613 = ORIENTED_EDGE ( 'NONE', *, *, #3134, .F. ) ;
#5614 = LINE ( 'NONE', #2842, #5367 ) ;
#5615 = EDGE_CURVE ( 'NONE', #6677, #3969, #6648, .T. ) ;
#5616 = CARTESIAN_POINT ( 'NONE',  ( -1.149999999999999911, -2.500000000000000000, 0.1800000000000000211 ) ) ;
#5617 = ADVANCED_FACE ( 'NONE', ( #6679 ), #224, .T. ) ;
#5618 = FILL_AREA_STYLE_COLOUR ( '', #4542 ) ;
#5619 = EDGE_LOOP ( 'NONE', ( #568, #520, #5766, #1606 ) ) ;
#5620 = ORIENTED_EDGE ( 'NONE', *, *, #5733, .F. ) ;
#5621 = LINE ( 'NONE', #6034, #3156 ) ;
#5622 = ORIENTED_EDGE ( 'NONE', *, *, #2402, .T. ) ;
#5623 =( LENGTH_UNIT ( ) NAMED_UNIT ( * ) SI_UNIT ( .MILLI., .METRE. ) );
#5624 = PLANE ( 'NONE',  #2644 ) ;
#5625 = EDGE_CURVE ( 'NONE', #5979, #4947, #6106, .T. ) ;
#5626 = CARTESIAN_POINT ( 'NONE',  ( 0.000000000000000000, 2.600000000000000089, 0.1800000000000000211 ) ) ;
#5627 = AXIS2_PLACEMENT_3D ( 'NONE', #3877, #894, #701 ) ;
#5628 = DIRECTION ( 'NONE',  ( -3.942553354492742545E-16, 1.000000000000000000, 0.000000000000000000 ) ) ;
#5629 = ORIENTED_EDGE ( 'NONE', *, *, #3651, .T. ) ;
#5630 = ORIENTED_EDGE ( 'NONE', *, *, #4738, .F. ) ;
#5631 = DIRECTION ( 'NONE',  ( -0.000000000000000000, -0.000000000000000000, 1.000000000000000000 ) ) ;
#5632 = ORIENTED_EDGE ( 'NONE', *, *, #4183, .T. ) ;
#5633 = CARTESIAN_POINT ( 'NONE',  ( -0.7999999999999999334, 2.500000000000000000, 0.1800000000000000211 ) ) ;
#5634 = DIRECTION ( 'NONE',  ( 0.7071067811865475727, -0.7071067811865475727, 0.000000000000000000 ) ) ;
#5635 = PLANE ( 'NONE',  #2629 ) ;
#5636 = VECTOR ( 'NONE', #3591, 1000.000000000000000 ) ;
#5637 = LINE ( 'NONE', #3534, #2435 ) ;
#5638 = VERTEX_POINT ( 'NONE', #5571 ) ;
#5639 = DIRECTION ( 'NONE',  ( -0.000000000000000000, -0.000000000000000000, 1.000000000000000000 ) ) ;
#5640 = EDGE_LOOP ( 'NONE', ( #1755, #6680, #401, #4837 ) ) ;
#5641 = FACE_OUTER_BOUND ( 'NONE', #529, .T. ) ;
#5642 = CARTESIAN_POINT ( 'NONE',  ( 2.500000000000000000, -0.1499999999999997446, 0.1800000000000000211 ) ) ;
#5643 = DIRECTION ( 'NONE',  ( -0.000000000000000000, -1.000000000000000000, -0.000000000000000000 ) ) ;
#5644 = FACE_OUTER_BOUND ( 'NONE', #308, .T. ) ;
#5645 = CARTESIAN_POINT ( 'NONE',  ( -1.949999999999999956, 1.149999999999999911, -0.02000000000000000042 ) ) ;
#5646 = CARTESIAN_POINT ( 'NONE',  ( 0.000000000000000000, 1.949999999999999956, 0.1800000000000000211 ) ) ;
#5647 = ORIENTED_EDGE ( 'NONE', *, *, #5954, .F. ) ;
#5648 =( NAMED_UNIT ( * ) PLANE_ANGLE_UNIT ( ) SI_UNIT ( $, .RADIAN. ) );
#5649 = ADVANCED_FACE ( 'NONE', ( #727 ), #5180, .F. ) ;
#5650 = ORIENTED_EDGE ( 'NONE', *, *, #3084, .T. ) ;
#5651 = DIRECTION ( 'NONE',  ( -1.000000000000000000, -3.942553354492739094E-16, 0.000000000000000000 ) ) ;
#5652 = CARTESIAN_POINT ( 'NONE',  ( 0.7999999999999999334, -2.500000000000000000, -0.02000000000000000042 ) ) ;
#5653 = PRESENTATION_STYLE_ASSIGNMENT (( #6107 ) ) ;
#5654 = ORIENTED_EDGE ( 'NONE', *, *, #639, .T. ) ;
#5655 = EDGE_CURVE ( 'NONE', #688, #130, #2193, .T. ) ;
#5656 = EDGE_CURVE ( 'NONE', #1061, #226, #4747, .T. ) ;
#5657 = VERTEX_POINT ( 'NONE', #3552 ) ;
#5658 = FACE_OUTER_BOUND ( 'NONE', #3758, .T. ) ;
#5659 = ADVANCED_FACE ( 'NONE', ( #391 ), #5204, .F. ) ;
#5660 = VERTEX_POINT ( 'NONE', #6914 ) ;
#5661 = SURFACE_SIDE_STYLE ('',( #1298 ) ) ;
#5662 = DIRECTION ( 'NONE',  ( 1.000000000000000000, 0.000000000000000000, 0.000000000000000000 ) ) ;
#5663 = EDGE_CURVE ( 'NONE', #1925, #39, #3130, .T. ) ;
#5664 = VERTEX_POINT ( 'NONE', #1387 ) ;
#5665 = LINE ( 'NONE', #1867, #2059 ) ;
#5666 = ORIENTED_EDGE ( 'NONE', *, *, #4903, .F. ) ;
#5667 = CARTESIAN_POINT ( 'NONE',  ( 0.4999999999999970024, -2.500000000000000000, -0.02000000000000000042 ) ) ;
#5668 = CARTESIAN_POINT ( 'NONE',  ( -1.949999999999999956, 1.149999999999999911, -0.02000000000000000042 ) ) ;
#5669 = DIRECTION ( 'NONE',  ( 0.000000000000000000, 0.000000000000000000, -1.000000000000000000 ) ) ;
#5670 = ORIENTED_EDGE ( 'NONE', *, *, #3784, .T. ) ;
#5671 = FACE_OUTER_BOUND ( 'NONE', #59, .T. ) ;
#5672 = ORIENTED_EDGE ( 'NONE', *, *, #1483, .F. ) ;
#5673 = CARTESIAN_POINT ( 'NONE',  ( -1.949999999999999956, 0.5000000000000000000, 0.1800000000000000211 ) ) ;
#5674 = LINE ( 'NONE', #2040, #6267 ) ;
#5675 = PLANE ( 'NONE',  #5600 ) ;
#5676 = EDGE_CURVE ( 'NONE', #4303, #1467, #6813, .T. ) ;
#5677 = FACE_OUTER_BOUND ( 'NONE', #5530, .T. ) ;
#5678 = AXIS2_PLACEMENT_3D ( 'NONE', #4293, #3209, #3175 ) ;
#5679 = ORIENTED_EDGE ( 'NONE', *, *, #280, .F. ) ;
#5680 = ORIENTED_EDGE ( 'NONE', *, *, #2839, .F. ) ;
#5681 = DIRECTION ( 'NONE',  ( 1.000000000000000000, -0.000000000000000000, 0.000000000000000000 ) ) ;
#5682 = CARTESIAN_POINT ( 'NONE',  ( -1.949999999999999956, 0.8000000000000003775, 0.1800000000000000211 ) ) ;
#5683 = ORIENTED_EDGE ( 'NONE', *, *, #2839, .T. ) ;
#5684 = ORIENTED_EDGE ( 'NONE', *, *, #36, .T. ) ;
#5685 = FACE_OUTER_BOUND ( 'NONE', #2134, .T. ) ;
#5686 = VERTEX_POINT ( 'NONE', #2488 ) ;
#5687 = FILL_AREA_STYLE_COLOUR ( '', #1515 ) ;
#5688 = VECTOR ( 'NONE', #1870, 1000.000000000000000 ) ;
#5689 = DIRECTION ( 'NONE',  ( 1.000000000000000000, -0.000000000000000000, 0.000000000000000000 ) ) ;
#5690 = EDGE_CURVE ( 'NONE', #1571, #998, #2597, .T. ) ;
#5691 = EDGE_CURVE ( 'NONE', #2845, #2340, #3163, .T. ) ;
#5692 = EDGE_CURVE ( 'NONE', #4176, #1841, #6883, .T. ) ;
#5693 = ORIENTED_EDGE ( 'NONE', *, *, #2953, .F. ) ;
#5694 = EDGE_CURVE ( 'NONE', #2772, #1122, #3687, .T. ) ;
#5695 = VECTOR ( 'NONE', #159, 1000.000000000000000 ) ;
#5696 = ORIENTED_EDGE ( 'NONE', *, *, #4138, .T. ) ;
#5697 = CARTESIAN_POINT ( 'NONE',  ( -1.949999999999999956, 0.8000000000000003775, 0.1800000000000000211 ) ) ;
#5698 = ORIENTED_EDGE ( 'NONE', *, *, #4949, .T. ) ;
#5699 = DIRECTION ( 'NONE',  ( -0.000000000000000000, -0.000000000000000000, 1.000000000000000000 ) ) ;
#5700 = CIRCLE ( 'NONE', #6476, 0.02999999999999997113 ) ;
#5701 = FILL_AREA_STYLE ('',( #2605 ) ) ;
#5702 = ADVANCED_FACE ( 'NONE', ( #5860 ), #3646, .T. ) ;
#5703 = PLANE ( 'NONE',  #6843 ) ;
#5704 = VECTOR ( 'NONE', #5302, 1000.000000000000000 ) ;
#5705 = ORIENTED_EDGE ( 'NONE', *, *, #1124, .F. ) ;
#5706 = ORIENTED_EDGE ( 'NONE', *, *, #6174, .T. ) ;
#5707 = PLANE ( 'NONE',  #6438 ) ;
#5708 = CARTESIAN_POINT ( 'NONE',  ( -1.949999999999999956, -1.449999999999999956, 0.1800000000002910383 ) ) ;
#5709 = VECTOR ( 'NONE', #1004, 1000.000000000000000 ) ;
#5710 = VECTOR ( 'NONE', #5839, 1000.000000000000000 ) ;
#5711 = MECHANICAL_DESIGN_GEOMETRIC_PRESENTATION_REPRESENTATION (  '', ( #4789 ), #1071 ) ;
#5712 = DIRECTION ( 'NONE',  ( -7.885106708985485090E-16, -1.000000000000000000, 0.000000000000000000 ) ) ;
#5713 = EDGE_CURVE ( 'NONE', #1112, #6084, #5280, .T. ) ;
#5714 = CARTESIAN_POINT ( 'NONE',  ( -2.500000000000000000, -0.4999999999999997780, 0.1800000000000000211 ) ) ;
#5715 = LINE ( 'NONE', #1984, #2299 ) ;
#5716 = CARTESIAN_POINT ( 'NONE',  ( 1.625000000000000222, 1.625000000000000222, -0.02000000000000000042 ) ) ;
#5717 = AXIS2_PLACEMENT_3D ( 'NONE', #4033, #850, #3041 ) ;
#5718 = VECTOR ( 'NONE', #5722, 1000.000000000000000 ) ;
#5719 = ORIENTED_EDGE ( 'NONE', *, *, #4762, .T. ) ;
#5720 = LINE ( 'NONE', #3487, #2721 ) ;
#5721 = CARTESIAN_POINT ( 'NONE',  ( 1.949999999999999956, 0.000000000000000000, 0.1800000000000000211 ) ) ;
#5722 = DIRECTION ( 'NONE',  ( -0.000000000000000000, 1.000000000000000000, -0.000000000000000000 ) ) ;
#5723 = VECTOR ( 'NONE', #2269, 1000.000000000000000 ) ;
#5724 = PRESENTATION_STYLE_ASSIGNMENT (( #3553 ) ) ;
#5725 = ORIENTED_EDGE ( 'NONE', *, *, #5012, .T. ) ;
#5726 = FACE_OUTER_BOUND ( 'NONE', #2691, .T. ) ;
#5727 = ORIENTED_EDGE ( 'NONE', *, *, #5124, .F. ) ;
#5728 = LINE ( 'NONE', #2032, #469 ) ;
#5729 = EDGE_LOOP ( 'NONE', ( #5386, #1257, #3233, #6543 ) ) ;
#5730 =( NAMED_UNIT ( * ) PLANE_ANGLE_UNIT ( ) SI_UNIT ( $, .RADIAN. ) );
#5731 = CARTESIAN_POINT ( 'NONE',  ( -1.450000000000002842, -2.500000000000000000, 0.1800000000000000488 ) ) ;
#5732 = VECTOR ( 'NONE', #4467, 1000.000000000000000 ) ;
#5733 = EDGE_CURVE ( 'NONE', #1931, #3069, #2625, .T. ) ;
#5734 = DIRECTION ( 'NONE',  ( 1.577021341797097018E-15, 1.000000000000000000, 0.000000000000000000 ) ) ;
#5735 = VERTEX_POINT ( 'NONE', #4777 ) ;
#5736 = FACE_OUTER_BOUND ( 'NONE', #813, .T. ) ;
#5737 = DIRECTION ( 'NONE',  ( -0.000000000000000000, -1.000000000000000000, 1.445602896647340928E-14 ) ) ;
#5738 = ORIENTED_EDGE ( 'NONE', *, *, #4425, .T. ) ;
#5739 = VERTEX_POINT ( 'NONE', #2519 ) ;
#5740 = EDGE_CURVE ( 'NONE', #1768, #3037, #6947, .T. ) ;
#5741 = CARTESIAN_POINT ( 'NONE',  ( -1.949999999999999956, -0.4999999999999995559, -0.02000000000000000042 ) ) ;
#5742 = EDGE_CURVE ( 'NONE', #6455, #6874, #6849, .T. ) ;
#5743 = ORIENTED_EDGE ( 'NONE', *, *, #765, .F. ) ;
#5744 = CARTESIAN_POINT ( 'NONE',  ( -2.500000000000000000, 1.150000000000000133, -0.02000000000000000042 ) ) ;
#5745 = DIRECTION ( 'NONE',  ( 1.000000000000000000, 0.000000000000000000, -0.000000000000000000 ) ) ;
#5746 = ORIENTED_EDGE ( 'NONE', *, *, #5085, .T. ) ;
#5747 = EDGE_CURVE ( 'NONE', #5907, #2523, #5780, .T. ) ;
#5748 = UNCERTAINTY_MEASURE_WITH_UNIT (LENGTH_MEASURE( 1.000000000000000082E-05 ), #4276, 'distance_accuracy_value', 'NONE');
#5749 = CARTESIAN_POINT ( 'NONE',  ( -2.500000000000000000, 0.8000000000000001554, -0.02000000000000000042 ) ) ;
#5750 = DIRECTION ( 'NONE',  ( 7.885106708985485090E-16, -1.000000000000000000, -0.000000000000000000 ) ) ;
#5751 = DIRECTION ( 'NONE',  ( 1.000000000000000000, 7.885106708985485090E-16, -0.000000000000000000 ) ) ;
#5752 = ORIENTED_EDGE ( 'NONE', *, *, #4738, .T. ) ;
#5753 = CARTESIAN_POINT ( 'NONE',  ( 1.949999999999999512, 0.7999999999999999334, 0.1800000000000000211 ) ) ;
#5754 = EDGE_CURVE ( 'NONE', #1049, #4687, #1456, .T. ) ;
#5755 = ORIENTED_EDGE ( 'NONE', *, *, #2051, .F. ) ;
#5756 = CARTESIAN_POINT ( 'NONE',  ( 1.949999999999999512, 1.449999999999999956, 0.000000000000000000 ) ) ;
#5757 = ORIENTED_EDGE ( 'NONE', *, *, #1646, .T. ) ;
#5758 = CARTESIAN_POINT ( 'NONE',  ( -0.5000000000000000000, -2.500000000000000000, 0.1800000000000000211 ) ) ;
#5759 = CARTESIAN_POINT ( 'NONE',  ( -1.949999999999999956, 1.450000000000000400, -0.02000000000000000042 ) ) ;
#5760 = ORIENTED_EDGE ( 'NONE', *, *, #6902, .F. ) ;
#5761 = CARTESIAN_POINT ( 'NONE',  ( 1.949999999999999512, -0.5000000000000000000, 0.1800000000000000211 ) ) ;
#5762 = ORIENTED_EDGE ( 'NONE', *, *, #584, .F. ) ;
#5763 = VECTOR ( 'NONE', #2081, 1000.000000000000000 ) ;
#5764 = DIRECTION ( 'NONE',  ( 0.000000000000000000, 0.000000000000000000, 1.000000000000000000 ) ) ;
#5765 = PLANE ( 'NONE',  #1301 ) ;
#5766 = ORIENTED_EDGE ( 'NONE', *, *, #5911, .F. ) ;
#5767 = ORIENTED_EDGE ( 'NONE', *, *, #6294, .T. ) ;
#5768 = EDGE_CURVE ( 'NONE', #2744, #3384, #5241, .T. ) ;
#5769 = DIRECTION ( 'NONE',  ( -1.000000000000000000, 0.000000000000000000, -0.000000000000000000 ) ) ;
#5770 = ORIENTED_EDGE ( 'NONE', *, *, #2762, .F. ) ;
#5771 = DIRECTION ( 'NONE',  ( 3.942553354492743531E-16, 1.000000000000000000, 0.000000000000000000 ) ) ;
#5772 = DIRECTION ( 'NONE',  ( -1.000000000000000000, 0.000000000000000000, -0.000000000000000000 ) ) ;
#5773 = CARTESIAN_POINT ( 'NONE',  ( -2.069999999999999840, 2.069999999999999840, 0.7800000000000000266 ) ) ;
#5774 = EDGE_CURVE ( 'NONE', #2751, #6863, #5989, .T. ) ;
#5775 = EDGE_CURVE ( 'NONE', #2854, #3014, #3195, .T. ) ;
#5776 = EDGE_CURVE ( 'NONE', #263, #4362, #3852, .T. ) ;
#5777 = VERTEX_POINT ( 'NONE', #2723 ) ;
#5778 = FACE_OUTER_BOUND ( 'NONE', #6235, .T. ) ;
#5779 = DIRECTION ( 'NONE',  ( 1.000000000000000000, -0.000000000000000000, 0.000000000000000000 ) ) ;
#5780 = LINE ( 'NONE', #1427, #4457 ) ;
#5781 = PLANE ( 'NONE',  #1311 ) ;
#5782 = DIRECTION ( 'NONE',  ( -1.000000000000000000, -0.000000000000000000, -0.000000000000000000 ) ) ;
#5783 = EDGE_CURVE ( 'NONE', #993, #1873, #5921, .T. ) ;
#5784 = VECTOR ( 'NONE', #5038, 1000.000000000000000 ) ;
#5785 = ORIENTED_EDGE ( 'NONE', *, *, #4019, .T. ) ;
#5786 = LINE ( 'NONE', #1072, #6871 ) ;
#5787 = ORIENTED_EDGE ( 'NONE', *, *, #1744, .F. ) ;
#5788 = DIRECTION ( 'NONE',  ( 0.000000000000000000, -1.000000000000000000, 0.000000000000000000 ) ) ;
#5789 = ORIENTED_EDGE ( 'NONE', *, *, #194, .F. ) ;
#5790 = LINE ( 'NONE', #2571, #1057 ) ;
#5791 = VECTOR ( 'NONE', #971, 1000.000000000000000 ) ;
#5792 = EDGE_CURVE ( 'NONE', #5250, #1716, #6520, .T. ) ;
#5793 = VERTEX_POINT ( 'NONE', #1032 ) ;
#5794 = VECTOR ( 'NONE', #4790, 1000.000000000000000 ) ;
#5795 = LINE ( 'NONE', #1501, #3885 ) ;
#5796 = EDGE_CURVE ( 'NONE', #6683, #6532, #42, .T. ) ;
#5797 = ORIENTED_EDGE ( 'NONE', *, *, #3822, .T. ) ;
#5798 = CARTESIAN_POINT ( 'NONE',  ( -1.624999999999999778, -1.624999999999999334, 0.01000000000000000021 ) ) ;
#5799 = PLANE ( 'NONE',  #3916 ) ;
#5800 = FACE_OUTER_BOUND ( 'NONE', #6329, .T. ) ;
#5801 = EDGE_CURVE ( 'NONE', #226, #4118, #3719, .T. ) ;
#5802 = CARTESIAN_POINT ( 'NONE',  ( -2.069999999999999840, 2.069999999999999840, 0.7699999999999999067 ) ) ;
#5803 = COLOUR_RGB ( '',0.8039215686274510109, 0.8039215686274510109, 0.8039215686274510109 ) ;
#5804 = ORIENTED_EDGE ( 'NONE', *, *, #2535, .F. ) ;
#5805 = ORIENTED_EDGE ( 'NONE', *, *, #79, .F. ) ;
#5806 = CARTESIAN_POINT ( 'NONE',  ( 1.949999999999999512, -0.1499999999999999667, -0.02000000000000000042 ) ) ;
#5807 = ORIENTED_EDGE ( 'NONE', *, *, #6904, .F. ) ;
#5808 = LINE ( 'NONE', #5197, #4217 ) ;
#5809 = STYLED_ITEM ( 'NONE', ( #3778 ), #2334 ) ;
#5810 = CARTESIAN_POINT ( 'NONE',  ( 1.149999999999999911, 1.949999999999999956, 0.1800000000000000211 ) ) ;
#5812 = VECTOR ( 'NONE', #2409, 1000.000000000000000 ) ;
#5811 = DIRECTION ( 'NONE',  ( -0.000000000000000000, -1.000000000000000000, -0.000000000000000000 ) ) ;
#5813 = CARTESIAN_POINT ( 'NONE',  ( 0.000000000000000000, 0.000000000000000000, -0.02000000000000000042 ) ) ;
#5814 = ORIENTED_EDGE ( 'NONE', *, *, #5127, .T. ) ;
#5815 = DIRECTION ( 'NONE',  ( 7.885106708985479173E-16, 1.000000000000000000, -0.000000000000000000 ) ) ;
#5816 = VECTOR ( 'NONE', #3065, 1000.000000000000000 ) ;
#5817 = VECTOR ( 'NONE', #4912, 1000.000000000000000 ) ;
#5818 = FACE_OUTER_BOUND ( 'NONE', #3034, .T. ) ;
#5819 = CARTESIAN_POINT ( 'NONE',  ( 1.949999999999999956, 0.000000000000000000, 0.1800000000000000211 ) ) ;
#5820 = CLOSED_SHELL ( 'NONE', ( #5393, #3272, #668, #6992 ) ) ;
#5821 = DIRECTION ( 'NONE',  ( -0.000000000000000000, -0.000000000000000000, -1.000000000000000000 ) ) ;
#5822 = SURFACE_SIDE_STYLE ('',( #4749 ) ) ;
#5823 = VECTOR ( 'NONE', #4470, 1000.000000000000000 ) ;
#5824 = MECHANICAL_DESIGN_GEOMETRIC_PRESENTATION_REPRESENTATION (  '', ( #6497 ), #6736 ) ;
#5825 = EDGE_LOOP ( 'NONE', ( #5169, #671, #6889, #736, #544, #5577, #3167, #3632, #479, #6175, #4869, #5995, #531, #175, #5613, #4533, #1137, #4970, #4376, #6227, #2224, #341, #6146, #1138, #4284, #1146, #1354, #4356, #2168, #5586, #5706, #4577, #5246, #2847, #2322, #6401, #947, #4265, #6811, #4596, #3601, #3387, #2731, #2737, #108, #1889, #6835, #5513, #5538, #1044, #1866, #695, #74, #6956, #2449, #5519, #6152, #419, #2254, #5872, #2231, #3631, #2112, #3043, #2262, #2670, #3207, #4980, #6057, #1119, #1723, #5105, #6804, #3150, #1953, #3704, #5451, #1496, #2139, #5548, #1392, #1595, #2212, #861, #6416, #887, #6241, #6395 ) ) ;
#5826 = DIRECTION ( 'NONE',  ( 0.000000000000000000, 0.000000000000000000, 1.000000000000000000 ) ) ;
#5827 = VECTOR ( 'NONE', #2173, 1000.000000000000000 ) ;
#5828 = ORIENTED_EDGE ( 'NONE', *, *, #2960, .T. ) ;
#5829 = EDGE_CURVE ( 'NONE', #2678, #5963, #6413, .T. ) ;
#5830 = CARTESIAN_POINT ( 'NONE',  ( 1.449999999999999512, 1.949999999999999956, -0.02000000000000000042 ) ) ;
#5831 = ADVANCED_FACE ( 'NONE', ( #3269 ), #504, .F. ) ;
#5832 = VECTOR ( 'NONE', #2869, 1000.000000000000000 ) ;
#5833 = ORIENTED_EDGE ( 'NONE', *, *, #5576, .T. ) ;
#5834 = VECTOR ( 'NONE', #6276, 1000.000000000000000 ) ;
#5835 = CARTESIAN_POINT ( 'NONE',  ( 0.6500000000000000222, 0.000000000000000000, -0.02000000000000000042 ) ) ;
#5836 = CARTESIAN_POINT ( 'NONE',  ( -2.469999999999999751, 0.000000000000000000, 0.7500000000000000000 ) ) ;
#5837 = EDGE_LOOP ( 'NONE', ( #5797, #3848, #3726, #6633 ) ) ;
#5838 = AXIS2_PLACEMENT_3D ( 'NONE', #4480, #4180, #4715 ) ;
#5839 = DIRECTION ( 'NONE',  ( 0.000000000000000000, 1.000000000000000000, 0.000000000000000000 ) ) ;
#5840 = ADVANCED_FACE ( 'NONE', ( #3299 ), #2659, .F. ) ;
#5841 = EDGE_CURVE ( 'NONE', #4719, #279, #81, .T. ) ;
#5842 = ORIENTED_EDGE ( 'NONE', *, *, #3413, .T. ) ;
#5843 = AXIS2_PLACEMENT_3D ( 'NONE', #5716, #1881, #6335 ) ;
#5844 = CARTESIAN_POINT ( 'NONE',  ( -2.500000000000000000, 1.450000000000000178, 0.1800000000000000211 ) ) ;
#5845 = DIRECTION ( 'NONE',  ( 1.000000000000000000, 0.000000000000000000, 0.000000000000000000 ) ) ;
#5846 = DIRECTION ( 'NONE',  ( -1.000000000000000000, 7.885106708985487062E-16, 0.000000000000000000 ) ) ;
#5847 = EDGE_CURVE ( 'NONE', #4202, #3353, #2156, .T. ) ;
#5848 = ORIENTED_EDGE ( 'NONE', *, *, #669, .F. ) ;
#5849 = DIRECTION ( 'NONE',  ( -0.000000000000000000, -1.000000000000000000, -0.000000000000000000 ) ) ;
#5850 = EDGE_CURVE ( 'NONE', #2344, #5966, #4816, .T. ) ;
#5851 = EDGE_LOOP ( 'NONE', ( #5568, #775, #895, #1865 ) ) ;
#5852 = CARTESIAN_POINT ( 'NONE',  ( -1.949999999999999956, 0.1500000000000003830, 0.1800000000000000211 ) ) ;
#5853 = PLANE ( 'NONE',  #477 ) ;
#5854 = AXIS2_PLACEMENT_3D ( 'NONE', #5926, #6984, #355 ) ;
#5855 = CARTESIAN_POINT ( 'NONE',  ( -1.949999999999999956, 0.5000000000000000000, 0.1800000000002910383 ) ) ;
#5856 = CARTESIAN_POINT ( 'NONE',  ( -1.150000000000000355, 1.949999999999999956, 0.1800000000000000488 ) ) ;
#5857 = EDGE_LOOP ( 'NONE', ( #5828, #3599, #891, #700 ) ) ;
#5858 = DIRECTION ( 'NONE',  ( 1.000000000000000000, 3.942553354492742545E-16, 0.000000000000000000 ) ) ;
#5859 = CARTESIAN_POINT ( 'NONE',  ( -1.449999999999999956, 1.949999999999999956, 0.1800000000000000211 ) ) ;
#5860 = FACE_OUTER_BOUND ( 'NONE', #2015, .T. ) ;
#5861 = LINE ( 'NONE', #5281, #4241 ) ;
#5862 = PRESENTATION_STYLE_ASSIGNMENT (( #5282 ) ) ;
#5863 = ORIENTED_EDGE ( 'NONE', *, *, #2281, .T. ) ;
#5864 = EDGE_CURVE ( 'NONE', #5181, #3840, #6980, .T. ) ;
#5865 = DIRECTION ( 'NONE',  ( -1.000000000000000000, 0.000000000000000000, 0.000000000000000000 ) ) ;
#5866 = VECTOR ( 'NONE', #330, 1000.000000000000000 ) ;
#5867 = DIRECTION ( 'NONE',  ( 0.000000000000000000, -0.000000000000000000, 1.000000000000000000 ) ) ;
#5868 = VERTEX_POINT ( 'NONE', #4281 ) ;
#5869 = DIRECTION ( 'NONE',  ( -7.885106708985480159E-16, -1.000000000000000000, 0.000000000000000000 ) ) ;
#5870 = ORIENTED_EDGE ( 'NONE', *, *, #349, .T. ) ;
#5871 = EDGE_CURVE ( 'NONE', #2384, #3046, #5487, .T. ) ;
#5872 = ORIENTED_EDGE ( 'NONE', *, *, #2937, .F. ) ;
#5873 = LINE ( 'NONE', #1011, #1935 ) ;
#5874 = ORIENTED_EDGE ( 'NONE', *, *, #5953, .F. ) ;
#5875 = DIRECTION ( 'NONE',  ( -1.000000000000000000, 0.000000000000000000, 0.000000000000000000 ) ) ;
#5876 = CARTESIAN_POINT ( 'NONE',  ( 0.4999999999999978351, -1.949999999999999956, 0.1800000000000000488 ) ) ;
#5877 = EDGE_CURVE ( 'NONE', #3504, #4527, #649, .T. ) ;
#5878 = ORIENTED_EDGE ( 'NONE', *, *, #621, .T. ) ;
#5879 = ORIENTED_EDGE ( 'NONE', *, *, #934, .T. ) ;
#5880 = VECTOR ( 'NONE', #5849, 1000.000000000000000 ) ;
#5881 = CARTESIAN_POINT ( 'NONE',  ( -1.949999999999999956, -0.4999999999999995559, 0.1800000000000000211 ) ) ;
#5882 = EDGE_LOOP ( 'NONE', ( #1305, #3133 ) ) ;
#5883 = DIRECTION ( 'NONE',  ( -1.000000000000000000, -0.000000000000000000, -0.000000000000000000 ) ) ;
#5884 = LINE ( 'NONE', #6471, #5444 ) ;
#5885 = DIRECTION ( 'NONE',  ( 1.000000000000000000, 0.000000000000000000, -0.000000000000000000 ) ) ;
#5886 = EDGE_CURVE ( 'NONE', #1222, #5907, #115, .T. ) ;
#5887 = ORIENTED_EDGE ( 'NONE', *, *, #3109, .T. ) ;
#5888 = LINE ( 'NONE', #5340, #4861 ) ;
#5889 = UNCERTAINTY_MEASURE_WITH_UNIT (LENGTH_MEASURE( 1.000000000000000082E-05 ), #4102, 'distance_accuracy_value', 'NONE');
#5890 = PLANE ( 'NONE',  #6744 ) ;
#5891 = DIRECTION ( 'NONE',  ( -7.885106708985480159E-16, -1.000000000000000000, 0.000000000000000000 ) ) ;
#5892 = LINE ( 'NONE', #2562, #6176 ) ;
#5893 = CARTESIAN_POINT ( 'NONE',  ( -2.500000000000000000, -0.4999999999999997780, -0.02000000000000000042 ) ) ;
#5894 = CARTESIAN_POINT ( 'NONE',  ( 2.499999999999999556, 1.150000000000000355, 0.000000000000000000 ) ) ;
#5895 = ORIENTED_EDGE ( 'NONE', *, *, #17, .F. ) ;
#5896 = CARTESIAN_POINT ( 'NONE',  ( 1.149999999999997913, -1.949999999999999956, 0.1800000000000000211 ) ) ;
#5897 = CARTESIAN_POINT ( 'NONE',  ( -2.500000000000000000, -0.4999999999999997780, 0.1800000000000000211 ) ) ;
#5898 = AXIS2_PLACEMENT_3D ( 'NONE', #5073, #5815, #6275 ) ;
#5899 = EDGE_CURVE ( 'NONE', #4018, #5735, #6443, .T. ) ;
#5900 = ORIENTED_EDGE ( 'NONE', *, *, #6961, .F. ) ;
#5901 = DIRECTION ( 'NONE',  ( 1.000000000000000000, 0.000000000000000000, -0.000000000000000000 ) ) ;
#5902 = VERTEX_POINT ( 'NONE', #4313 ) ;
#5903 = DIRECTION ( 'NONE',  ( 0.000000000000000000, -1.000000000000000000, 0.000000000000000000 ) ) ;
#5904 = EDGE_CURVE ( 'NONE', #4546, #3881, #1295, .T. ) ;
#5905 = PRESENTATION_LAYER_ASSIGNMENT (  '', '', ( #4537 ) ) ;
#5906 = CARTESIAN_POINT ( 'NONE',  ( -1.150000000000000355, -1.949999999999999956, 0.1800000000000000488 ) ) ;
#5907 = VERTEX_POINT ( 'NONE', #2978 ) ;
#5908 = LINE ( 'NONE', #485, #5569 ) ;
#5909 = ORIENTED_EDGE ( 'NONE', *, *, #6011, .F. ) ;
#5910 = DIRECTION ( 'NONE',  ( 1.000000000000000000, 3.942553354492742545E-16, 0.000000000000000000 ) ) ;
#5911 = EDGE_CURVE ( 'NONE', #2211, #4056, #1878, .T. ) ;
#5912 = EDGE_CURVE ( 'NONE', #582, #2912, #3409, .T. ) ;
#5913 = PLANE ( 'NONE',  #4878 ) ;
#5914 = CARTESIAN_POINT ( 'NONE',  ( -1.949999999999999956, -0.1499999999999999667, 0.000000000000000000 ) ) ;
#5915 = ORIENTED_EDGE ( 'NONE', *, *, #5713, .T. ) ;
#5916 =( GEOMETRIC_REPRESENTATION_CONTEXT ( 3 ) GLOBAL_UNCERTAINTY_ASSIGNED_CONTEXT ( ( #3747 ) ) GLOBAL_UNIT_ASSIGNED_CONTEXT ( ( #2048, #884, #5230 ) ) REPRESENTATION_CONTEXT ( 'NONE', 'WORKASPACE' ) );
#5917 = FILL_AREA_STYLE ('',( #1207 ) ) ;
#5918 = EDGE_CURVE ( 'NONE', #102, #2118, #5139, .T. ) ;
#5919 = ADVANCED_FACE ( 'NONE', ( #3934 ), #5675, .F. ) ;
#5920 = DIRECTION ( 'NONE',  ( 1.000000000000000000, 0.000000000000000000, -0.000000000000000000 ) ) ;
#5921 = LINE ( 'NONE', #1584, #1857 ) ;
#5922 = CARTESIAN_POINT ( 'NONE',  ( 0.4999999999999978351, -1.949999999999999956, 0.000000000000000000 ) ) ;
#5923 = FACE_OUTER_BOUND ( 'NONE', #451, .T. ) ;
#5924 = AXIS2_PLACEMENT_3D ( 'NONE', #1836, #980, #4730 ) ;
#5925 = VECTOR ( 'NONE', #929, 1000.000000000000000 ) ;
#5926 = CARTESIAN_POINT ( 'NONE',  ( 1.625000000000000222, 1.625000000000000222, 0.01000000000000000021 ) ) ;
#5927 = EDGE_LOOP ( 'NONE', ( #2692, #2388, #614, #2071, #347 ) ) ;
#5928 = LINE ( 'NONE', #579, #3106 ) ;
#5929 = DIRECTION ( 'NONE',  ( 0.000000000000000000, 0.000000000000000000, 1.000000000000000000 ) ) ;
#5930 = VECTOR ( 'NONE', #2768, 1000.000000000000000 ) ;
#5931 = VECTOR ( 'NONE', #6828, 1000.000000000000000 ) ;
#5932 = ORIENTED_EDGE ( 'NONE', *, *, #1356, .F. ) ;
#5933 = VECTOR ( 'NONE', #4940, 1000.000000000000000 ) ;
#5934 = VECTOR ( 'NONE', #6674, 1000.000000000000000 ) ;
#5935 = AXIS2_PLACEMENT_3D ( 'NONE', #696, #5539, #3976 ) ;
#5936 = CARTESIAN_POINT ( 'NONE',  ( -1.949999999999999956, -0.7999999999999999334, 0.1800000001139778760 ) ) ;
#5937 = ORIENTED_EDGE ( 'NONE', *, *, #5247, .F. ) ;
#5938 = DIRECTION ( 'NONE',  ( -0.000000000000000000, -0.000000000000000000, 1.000000000000000000 ) ) ;
#5939 = DIRECTION ( 'NONE',  ( 0.000000000000000000, -0.000000000000000000, -1.000000000000000000 ) ) ;
#5940 = PLANE ( 'NONE',  #173 ) ;
#5941 = EDGE_CURVE ( 'NONE', #5686, #1345, #3376, .T. ) ;
#5942 = VECTOR ( 'NONE', #5075, 1000.000000000000000 ) ;
#5943 = EDGE_CURVE ( 'NONE', #2421, #875, #1837, .T. ) ;
#5944 = VECTOR ( 'NONE', #3131, 1000.000000000000000 ) ;
#5945 = PLANE ( 'NONE',  #4026 ) ;
#5946 = ORIENTED_EDGE ( 'NONE', *, *, #5829, .F. ) ;
#5947 = VECTOR ( 'NONE', #134, 1000.000000000000000 ) ;
#5948 = DIRECTION ( 'NONE',  ( 1.000000000000000000, -0.000000000000000000, 0.000000000000000000 ) ) ;
#5949 = ORIENTED_EDGE ( 'NONE', *, *, #5964, .T. ) ;
#5950 = CARTESIAN_POINT ( 'NONE',  ( -1.274999999999999689, 1.625000000000000222, 0.01000000000000000021 ) ) ;
#5951 = CARTESIAN_POINT ( 'NONE',  ( -2.500000000000000000, -0.7999999999999997113, -0.02000000000000000042 ) ) ;
#5952 = LINE ( 'NONE', #1518, #3908 ) ;
#5953 = EDGE_CURVE ( 'NONE', #3069, #3334, #3512, .T. ) ;
#5954 = EDGE_CURVE ( 'NONE', #4605, #4018, #2413, .T. ) ;
#5955 = ORIENTED_EDGE ( 'NONE', *, *, #6825, .F. ) ;
#5956 = ORIENTED_EDGE ( 'NONE', *, *, #3694, .F. ) ;
#5957 = LINE ( 'NONE', #5520, #798 ) ;
#5958 = AXIS2_PLACEMENT_3D ( 'NONE', #6047, #1229, #1757 ) ;
#5959 = CARTESIAN_POINT ( 'NONE',  ( -1.949999999999999956, 0.1500000000000003830, 0.1800000000002910383 ) ) ;
#5960 = DIRECTION ( 'NONE',  ( 0.7071067811865475727, 0.7071067811865475727, 0.000000000000000000 ) ) ;
#5961 = CARTESIAN_POINT ( 'NONE',  ( 1.149999999999999911, 2.500000000000000000, -0.02000000000000000042 ) ) ;
#5962 = DIRECTION ( 'NONE',  ( -0.000000000000000000, 1.000000000000000000, -0.000000000000000000 ) ) ;
#5963 = VERTEX_POINT ( 'NONE', #4041 ) ;
#5964 = EDGE_CURVE ( 'NONE', #30, #1315, #2944, .T. ) ;
#5965 = LINE ( 'NONE', #1104, #1532 ) ;
#5966 = VERTEX_POINT ( 'NONE', #1276 ) ;
#5967 = FILL_AREA_STYLE_COLOUR ( '', #2194 ) ;
#5968 = DIRECTION ( 'NONE',  ( -1.000000000000000000, 0.000000000000000000, 0.000000000000000000 ) ) ;
#5969 =( NAMED_UNIT ( * ) SI_UNIT ( $, .STERADIAN. ) SOLID_ANGLE_UNIT ( ) );
#5970 = ORIENTED_EDGE ( 'NONE', *, *, #404, .F. ) ;
#5971 = DIRECTION ( 'NONE',  ( -1.000000000000000000, 0.000000000000000000, 0.000000000000000000 ) ) ;
#5972 = ORIENTED_EDGE ( 'NONE', *, *, #4143, .T. ) ;
#5973 = DIRECTION ( 'NONE',  ( -0.000000000000000000, 0.000000000000000000, 1.000000000000000000 ) ) ;
#5974 = LINE ( 'NONE', #1644, #3101 ) ;
#5975 = LINE ( 'NONE', #527, #3559 ) ;
#5976 = DIRECTION ( 'NONE',  ( -0.000000000000000000, 0.000000000000000000, 1.000000000000000000 ) ) ;
#5977 = ORIENTED_EDGE ( 'NONE', *, *, #984, .F. ) ;
#5978 = PLANE ( 'NONE',  #3753 ) ;
#5979 = VERTEX_POINT ( 'NONE', #682 ) ;
#5980 = DIRECTION ( 'NONE',  ( 0.000000000000000000, 1.000000000000000000, -0.000000000000000000 ) ) ;
#5981 = ADVANCED_FACE ( 'NONE', ( #6171 ), #3445, .F. ) ;
#5982 = DIRECTION ( 'NONE',  ( -7.885106708985485090E-16, -1.000000000000000000, 0.000000000000000000 ) ) ;
#5983 = DIRECTION ( 'NONE',  ( 1.000000000000000000, 0.000000000000000000, 0.000000000000000000 ) ) ;
#5984 = DIRECTION ( 'NONE',  ( 1.000000000000000000, -1.577021341797097412E-15, 0.000000000000000000 ) ) ;
#5985 = VECTOR ( 'NONE', #6836, 1000.000000000000000 ) ;
#5986 = ORIENTED_EDGE ( 'NONE', *, *, #4772, .F. ) ;
#5987 = EDGE_LOOP ( 'NONE', ( #6764, #3870, #3478, #5456 ) ) ;
#5988 = DIRECTION ( 'NONE',  ( -1.000000000000000000, -7.885106708985487062E-16, 0.000000000000000000 ) ) ;
#5989 = LINE ( 'NONE', #1663, #6273 ) ;
#5990 = LINE ( 'NONE', #3300, #6384 ) ;
#5991 = CARTESIAN_POINT ( 'NONE',  ( -2.500000000000000000, 0.5000000000000002220, 0.000000000000000000 ) ) ;
#5992 = CARTESIAN_POINT ( 'NONE',  ( -2.500000000000000000, 1.150000000000000133, -0.02000000000000000042 ) ) ;
#5993 = DIRECTION ( 'NONE',  ( 0.000000000000000000, -0.000000000000000000, 1.000000000000000000 ) ) ;
#5994 = ADVANCED_FACE ( 'NONE', ( #1319 ), #5604, .F. ) ;
#5995 = ORIENTED_EDGE ( 'NONE', *, *, #3084, .F. ) ;
#5996 = EDGE_CURVE ( 'NONE', #4802, #3334, #4415, .T. ) ;
#5997 = DIRECTION ( 'NONE',  ( 0.000000000000000000, 0.000000000000000000, 1.000000000000000000 ) ) ;
#5998 = ADVANCED_FACE ( 'NONE', ( #2835 ), #6200, .T. ) ;
#5999 = EDGE_LOOP ( 'NONE', ( #6344, #1858, #1437, #4200 ) ) ;
#6000 = ORIENTED_EDGE ( 'NONE', *, *, #3149, .T. ) ;
#6001 = ORIENTED_EDGE ( 'NONE', *, *, #5847, .F. ) ;
#6002 = DIRECTION ( 'NONE',  ( 1.000000000000000000, 0.000000000000000000, 0.000000000000000000 ) ) ;
#6003 = ORIENTED_EDGE ( 'NONE', *, *, #6288, .F. ) ;
#6004 = CARTESIAN_POINT ( 'NONE',  ( 1.149999999999997913, -1.949999999999999956, 0.000000000000000000 ) ) ;
#6005 = CARTESIAN_POINT ( 'NONE',  ( 1.625000000000000222, -1.624999999999999334, 0.01000000000000000021 ) ) ;
#6006 = CARTESIAN_POINT ( 'NONE',  ( 2.469999999999998863, 2.469999999999999751, 0.000000000000000000 ) ) ;
#6007 = EDGE_LOOP ( 'NONE', ( #1955, #476, #5210, #5227 ) ) ;
#6008 = DIRECTION ( 'NONE',  ( -0.000000000000000000, 0.000000000000000000, 1.000000000000000000 ) ) ;
#6009 = ORIENTED_EDGE ( 'NONE', *, *, #1895, .T. ) ;
#6010 = DIRECTION ( 'NONE',  ( 0.000000000000000000, 1.000000000000000000, 0.000000000000000000 ) ) ;
#6011 = EDGE_CURVE ( 'NONE', #2478, #2915, #6592, .T. ) ;
#6012 = CARTESIAN_POINT ( 'NONE',  ( -0.1500000000000021316, -1.949999999999999956, 0.1800000000000000211 ) ) ;
#6013 = CARTESIAN_POINT ( 'NONE',  ( -1.150000000000000355, -1.949999999999999956, -0.02000000000000000042 ) ) ;
#6014 = ORIENTED_EDGE ( 'NONE', *, *, #2281, .F. ) ;
#6015 = VECTOR ( 'NONE', #634, 1000.000000000000000 ) ;
#6016 = EDGE_LOOP ( 'NONE', ( #3432, #4763, #6853, #4287 ) ) ;
#6017 = CARTESIAN_POINT ( 'NONE',  ( 2.500000000000000000, -1.449999999999999734, -0.02000000000000000042 ) ) ;
#6018 = CARTESIAN_POINT ( 'NONE',  ( 0.000000000000000000, 0.6500000000000000222, 0.1800000000000000211 ) ) ;
#6019 = VECTOR ( 'NONE', #1653, 1000.000000000000000 ) ;
#6020 = LINE ( 'NONE', #1210, #1864 ) ;
#6021 = DIRECTION ( 'NONE',  ( 1.000000000000000000, 0.000000000000000000, 0.000000000000000000 ) ) ;
#6022 = CARTESIAN_POINT ( 'NONE',  ( 0.000000000000000000, -2.469999999999999751, 0.7800000000000000266 ) ) ;
#6023 = DIRECTION ( 'NONE',  ( 0.000000000000000000, 1.000000000000000000, 0.000000000000000000 ) ) ;
#6024 = LINE ( 'NONE', #3380, #5489 ) ;
#6025 = ADVANCED_FACE ( 'NONE', ( #5033 ), #1730, .F. ) ;
#6026 = EDGE_LOOP ( 'NONE', ( #3374, #3847, #4188, #6962 ) ) ;
#6027 = DIRECTION ( 'NONE',  ( 0.000000000000000000, -0.000000000000000000, 1.000000000000000000 ) ) ;
#6028 = DIRECTION ( 'NONE',  ( 1.000000000000000000, 0.000000000000000000, 0.000000000000000000 ) ) ;
#6029 = VECTOR ( 'NONE', #5910, 1000.000000000000000 ) ;
#6030 = ORIENTED_EDGE ( 'NONE', *, *, #6698, .F. ) ;
#6031 = EDGE_CURVE ( 'NONE', #2899, #3032, #4496, .T. ) ;
#6032 = ADVANCED_FACE ( 'NONE', ( #1481 ), #1419, .F. ) ;
#6033 = EDGE_LOOP ( 'NONE', ( #6814, #4271, #4991, #4893 ) ) ;
#6034 = CARTESIAN_POINT ( 'NONE',  ( 1.949999999999999512, -1.449999999999999956, -0.02000000000000000042 ) ) ;
#6035 = VECTOR ( 'NONE', #2908, 1000.000000000000000 ) ;
#6036 = ORIENTED_EDGE ( 'NONE', *, *, #2582, .T. ) ;
#6037 = VECTOR ( 'NONE', #1142, 1000.000000000000000 ) ;
#6038 = DIRECTION ( 'NONE',  ( 1.000000000000000000, -7.885106708985478187E-16, 0.000000000000000000 ) ) ;
#6039 = DIRECTION ( 'NONE',  ( 0.7071067811865475727, 0.7071067811865475727, 0.000000000000000000 ) ) ;
#6040 = CARTESIAN_POINT ( 'NONE',  ( -2.500000000000000000, -1.149999999999999689, 0.1800000000000000211 ) ) ;
#6041 = AXIS2_PLACEMENT_3D ( 'NONE', #4490, #5984, #6583 ) ;
#6042 = VECTOR ( 'NONE', #3349, 1000.000000000000000 ) ;
#6043 = PRESENTATION_LAYER_ASSIGNMENT (  '', '', ( #6497 ) ) ;
#6044 = ADVANCED_FACE ( 'NONE', ( #3580 ), #2511, .T. ) ;
#6045 = CARTESIAN_POINT ( 'NONE',  ( 0.4999999999999970024, -2.500000000000000000, 0.1800000000000000211 ) ) ;
#6046 = ORIENTED_EDGE ( 'NONE', *, *, #3824, .T. ) ;
#6047 = CARTESIAN_POINT ( 'NONE',  ( -1.450000000000002176, -1.949999999999999956, 0.1800000000000000211 ) ) ;
#6048 = CARTESIAN_POINT ( 'NONE',  ( 0.000000000000000000, 0.000000000000000000, 0.1800000000000000211 ) ) ;
#6049 = AXIS2_PLACEMENT_3D ( 'NONE', #6079, #1753, #3392 ) ;
#6050 = EDGE_LOOP ( 'NONE', ( #1254, #2036, #4051, #4511 ) ) ;
#6051 = LINE ( 'NONE', #672, #6029 ) ;
#6052 = VECTOR ( 'NONE', #1558, 1000.000000000000000 ) ;
#6053 = LINE ( 'NONE', #1201, #3192 ) ;
#6054 = DIRECTION ( 'NONE',  ( -1.000000000000000000, 0.000000000000000000, -0.000000000000000000 ) ) ;
#6055 = VECTOR ( 'NONE', #2252, 1000.000000000000000 ) ;
#6056 = EDGE_CURVE ( 'NONE', #6292, #5564, #6232, .T. ) ;
#6057 = ORIENTED_EDGE ( 'NONE', *, *, #784, .F. ) ;
#6058 = ORIENTED_EDGE ( 'NONE', *, *, #3831, .T. ) ;
#6059 = CARTESIAN_POINT ( 'NONE',  ( 1.449999999999999512, 1.949999999999999956, 0.1800000000000000211 ) ) ;
#6060 = DIRECTION ( 'NONE',  ( -0.000000000000000000, -0.000000000000000000, 1.000000000000000000 ) ) ;
#6061 = CARTESIAN_POINT ( 'NONE',  ( 2.500000000000000000, 0.7999999999999994893, -0.02000000000000000042 ) ) ;
#6062 = AXIS2_PLACEMENT_3D ( 'NONE', #6006, #3286, #64 ) ;
#6063 = DIRECTION ( 'NONE',  ( 1.000000000000000000, 0.000000000000000000, 0.000000000000000000 ) ) ;
#6064 = DIRECTION ( 'NONE',  ( 0.000000000000000000, 1.000000000000000000, 0.000000000000000000 ) ) ;
#6065 = PLANE ( 'NONE',  #523 ) ;
#6066 = LINE ( 'NONE', #4354, #3911 ) ;
#6067 = DIRECTION ( 'NONE',  ( -0.000000000000000000, -0.000000000000000000, -1.000000000000000000 ) ) ;
#6068 = ORIENTED_EDGE ( 'NONE', *, *, #6796, .F. ) ;
#6069 = FACE_OUTER_BOUND ( 'NONE', #5837, .T. ) ;
#6070 = DIRECTION ( 'NONE',  ( -1.000000000000000000, 0.000000000000000000, -0.000000000000000000 ) ) ;
#6071 = DIRECTION ( 'NONE',  ( 1.000000000000000000, 3.942553354492739587E-16, 0.000000000000000000 ) ) ;
#6072 = ADVANCED_FACE ( 'NONE', ( #3079 ), #3048, .T. ) ;
#6073 = ORIENTED_EDGE ( 'NONE', *, *, #4821, .F. ) ;
#6074 = EDGE_LOOP ( 'NONE', ( #2779, #6036, #2662, #1369 ) ) ;
#6075 = LINE ( 'NONE', #3062, #1896 ) ;
#6076 = ORIENTED_EDGE ( 'NONE', *, *, #393, .F. ) ;
#6077 = DIRECTION ( 'NONE',  ( -0.000000000000000000, 0.000000000000000000, 1.000000000000000000 ) ) ;
#6078 = PLANE ( 'NONE',  #730 ) ;
#6079 = CARTESIAN_POINT ( 'NONE',  ( 0.000000000000000000, 0.000000000000000000, 0.1800000000000000211 ) ) ;
#6080 = EDGE_CURVE ( 'NONE', #1447, #5554, #2047, .T. ) ;
#6081 = EDGE_CURVE ( 'NONE', #1219, #259, #913, .T. ) ;
#6082 = EDGE_CURVE ( 'NONE', #5440, #2637, #287, .T. ) ;
#6083 = ORIENTED_EDGE ( 'NONE', *, *, #4569, .F. ) ;
#6084 = VERTEX_POINT ( 'NONE', #6365 ) ;
#6085 = DIRECTION ( 'NONE',  ( -3.942553354492740080E-16, 1.000000000000000000, 0.000000000000000000 ) ) ;
#6086 = PLANE ( 'NONE',  #4309 ) ;
#6087 = ORIENTED_EDGE ( 'NONE', *, *, #5565, .T. ) ;
#6088 = CARTESIAN_POINT ( 'NONE',  ( 1.625000000000000222, -1.624999999999999334, 0.000000000000000000 ) ) ;
#6089 = CARTESIAN_POINT ( 'NONE',  ( -2.500000000000000000, 1.450000000000000178, 0.1800000000000000211 ) ) ;
#6090 = EDGE_CURVE ( 'NONE', #6732, #4486, #1945, .T. ) ;
#6091 = PLANE ( 'NONE',  #5359 ) ;
#6092 = EDGE_LOOP ( 'NONE', ( #3537, #2022, #2683, #3677 ) ) ;
#6093 = ORIENTED_EDGE ( 'NONE', *, *, #4340, .T. ) ;
#6094 = DIRECTION ( 'NONE',  ( -1.000000000000000000, 0.000000000000000000, 0.000000000000000000 ) ) ;
#6095 = EDGE_CURVE ( 'NONE', #6541, #3198, #1516, .T. ) ;
#6096 = LINE ( 'NONE', #5352, #4892 ) ;
#6097 = CARTESIAN_POINT ( 'NONE',  ( 2.499999999999999556, -2.500000000000000000, 0.7800000000000000266 ) ) ;
#6098 = DIRECTION ( 'NONE',  ( -1.000000000000000000, 3.942553354492742545E-16, -0.000000000000000000 ) ) ;
#6099 = CARTESIAN_POINT ( 'NONE',  ( -2.500000000000000000, -0.1499999999999997446, -0.02000000000000000042 ) ) ;
#6100 = EDGE_CURVE ( 'NONE', #4843, #5966, #3640, .T. ) ;
#6101 = DIRECTION ( 'NONE',  ( -7.885106708985487062E-16, -1.000000000000000000, 0.000000000000000000 ) ) ;
#6102 = LINE ( 'NONE', #1247, #2981 ) ;
#6103 = CARTESIAN_POINT ( 'NONE',  ( -2.500000000000000000, 0.1500000000000001887, -0.02000000000000000042 ) ) ;
#6104 = VERTEX_POINT ( 'NONE', #3679 ) ;
#6105 = DIRECTION ( 'NONE',  ( -0.000000000000000000, -1.000000000000000000, -0.000000000000000000 ) ) ;
#6106 = LINE ( 'NONE', #1252, #4226 ) ;
#6107 = SURFACE_STYLE_USAGE ( .BOTH. , #6717 ) ;
#6108 = ORIENTED_EDGE ( 'NONE', *, *, #6517, .T. ) ;
#6109 = ORIENTED_EDGE ( 'NONE', *, *, #1100, .T. ) ;
#6110 = LINE ( 'NONE', #3422, #4645 ) ;
#6111 = ORIENTED_EDGE ( 'NONE', *, *, #4481, .T. ) ;
#6112 = CARTESIAN_POINT ( 'NONE',  ( -1.949999999999999956, 0.8000000000000003775, 0.000000000000000000 ) ) ;
#6113 = LINE ( 'NONE', #4583, #6298 ) ;
#6114 = FACE_OUTER_BOUND ( 'NONE', #935, .T. ) ;
#6115 = EDGE_LOOP ( 'NONE', ( #2941, #1905, #2283, #2957 ) ) ;
#6116 = VERTEX_POINT ( 'NONE', #6877 ) ;
#6117 = DIRECTION ( 'NONE',  ( -0.000000000000000000, 0.000000000000000000, 1.000000000000000000 ) ) ;
#6118 = ADVANCED_FACE ( 'NONE', ( #5273 ), #5853, .T. ) ;
#6119 = CARTESIAN_POINT ( 'NONE',  ( 0.4999999999999970024, -2.500000000000000000, 0.1800000000000000211 ) ) ;
#6120 = ORIENTED_EDGE ( 'NONE', *, *, #4474, .T. ) ;
#6121 = DIRECTION ( 'NONE',  ( 0.000000000000000000, -0.000000000000000000, -1.000000000000000000 ) ) ;
#6122 = ADVANCED_FACE ( 'NONE', ( #2553 ), #5173, .F. ) ;
#6123 = FACE_OUTER_BOUND ( 'NONE', #3352, .T. ) ;
#6124 = MECHANICAL_DESIGN_GEOMETRIC_PRESENTATION_REPRESENTATION (  '', ( #5207 ), #2840 ) ;
#6125 = CARTESIAN_POINT ( 'NONE',  ( 1.949999999999999512, -1.149999999999999911, -0.02000000000000000042 ) ) ;
#6126 = VERTEX_POINT ( 'NONE', #3155 ) ;
#6127 = ORIENTED_EDGE ( 'NONE', *, *, #4297, .T. ) ;
#6128 = CARTESIAN_POINT ( 'NONE',  ( 1.949999999999999512, -1.149999999999999911, 0.1800000000000000211 ) ) ;
#6129 = EDGE_CURVE ( 'NONE', #771, #6692, #2020, .T. ) ;
#6130 = DIRECTION ( 'NONE',  ( 0.000000000000000000, 0.000000000000000000, 1.000000000000000000 ) ) ;
#6131 = DIRECTION ( 'NONE',  ( -0.000000000000000000, 0.000000000000000000, 1.000000000000000000 ) ) ;
#6132 = DIRECTION ( 'NONE',  ( 0.000000000000000000, 1.000000000000000000, 0.000000000000000000 ) ) ;
#6133 = DIRECTION ( 'NONE',  ( -0.000000000000000000, -0.000000000000000000, -1.000000000000000000 ) ) ;
#6134 = CARTESIAN_POINT ( 'NONE',  ( -1.449999999999999956, 2.500000000000000000, 0.000000000000000000 ) ) ;
#6135 = ORIENTED_EDGE ( 'NONE', *, *, #1102, .F. ) ;
#6136 = AXIS2_PLACEMENT_3D ( 'NONE', #1794, #243, #2861 ) ;
#6137 = EDGE_CURVE ( 'NONE', #4947, #4597, #421, .T. ) ;
#6138 = CARTESIAN_POINT ( 'NONE',  ( 1.949999999999999512, -1.149999999999999911, 0.1800000001139778760 ) ) ;
#6139 = DIRECTION ( 'NONE',  ( -0.000000000000000000, -0.000000000000000000, -1.000000000000000000 ) ) ;
#6140 =( NAMED_UNIT ( * ) PLANE_ANGLE_UNIT ( ) SI_UNIT ( $, .RADIAN. ) );
#6141 = STYLED_ITEM ( 'NONE', ( #5533 ), #6559 ) ;
#6142 = VERTEX_POINT ( 'NONE', #4601 ) ;
#6143 = VERTEX_POINT ( 'NONE', #6777 ) ;
#6144 = VECTOR ( 'NONE', #6595, 1000.000000000000000 ) ;
#6145 = DIRECTION ( 'NONE',  ( 1.000000000000000000, -0.000000000000000000, -0.000000000000000000 ) ) ;
#6146 = ORIENTED_EDGE ( 'NONE', *, *, #920, .F. ) ;
#6147 = LINE ( 'NONE', #3000, #498 ) ;
#6148 = PLANE ( 'NONE',  #5056 ) ;
#6149 = LINE ( 'NONE', #2786, #5933 ) ;
#6150 = ORIENTED_EDGE ( 'NONE', *, *, #4783, .T. ) ;
#6151 = AXIS2_PLACEMENT_3D ( 'NONE', #5264, #2578, #6776 ) ;
#6152 = ORIENTED_EDGE ( 'NONE', *, *, #3633, .F. ) ;
#6153 = VECTOR ( 'NONE', #5461, 1000.000000000000000 ) ;
#6154 = VECTOR ( 'NONE', #5397, 1000.000000000000000 ) ;
#6155 = DIRECTION ( 'NONE',  ( -1.000000000000000000, 0.000000000000000000, 0.000000000000000000 ) ) ;
#6156 = ORIENTED_EDGE ( 'NONE', *, *, #5458, .F. ) ;
#6157 = CARTESIAN_POINT ( 'NONE',  ( -2.500000000000000000, -1.149999999999999689, 0.1800000000000000211 ) ) ;
#6158 = CARTESIAN_POINT ( 'NONE',  ( -2.500000000000000000, 0.1500000000000001887, 0.000000000000000000 ) ) ;
#6159 = VECTOR ( 'NONE', #3749, 1000.000000000000000 ) ;
#6160 = VECTOR ( 'NONE', #4507, 1000.000000000000000 ) ;
#6161 = CARTESIAN_POINT ( 'NONE',  ( -2.500000000000000000, -1.449999999999999734, 0.1800000001139778760 ) ) ;
#6162 = ADVANCED_FACE ( 'NONE', ( #1909 ), #1381, .F. ) ;
#6163 = VERTEX_POINT ( 'NONE', #2482 ) ;
#6164 = VECTOR ( 'NONE', #1938, 1000.000000000000000 ) ;
#6165 = ORIENTED_EDGE ( 'NONE', *, *, #1140, .T. ) ;
#6166 = DIRECTION ( 'NONE',  ( -3.942553354492742545E-16, 1.000000000000000000, 0.000000000000000000 ) ) ;
#6167 = VECTOR ( 'NONE', #2909, 1000.000000000000000 ) ;
#6168 = AXIS2_PLACEMENT_3D ( 'NONE', #5452, #615, #1591 ) ;
#6169 = CARTESIAN_POINT ( 'NONE',  ( -1.450000000000002842, -2.500000000000000000, 0.1800000000000000211 ) ) ;
#6170 = CARTESIAN_POINT ( 'NONE',  ( 1.449999999999999956, -2.500000000000000000, 0.1800000000000000211 ) ) ;
#6171 = FACE_OUTER_BOUND ( 'NONE', #3160, .T. ) ;
#6172 = CARTESIAN_POINT ( 'NONE',  ( -0.1499999999999999667, 2.500000000000000000, 0.1800000000000000211 ) ) ;
#6173 = ADVANCED_FACE ( 'NONE', ( #1056 ), #2226, .F. ) ;
#6174 = EDGE_CURVE ( 'NONE', #4624, #1806, #354, .T. ) ;
#6175 = ORIENTED_EDGE ( 'NONE', *, *, #1234, .F. ) ;
#6176 = VECTOR ( 'NONE', #5821, 1000.000000000000000 ) ;
#6177 = PRESENTATION_STYLE_ASSIGNMENT (( #5106 ) ) ;
#6178 = VECTOR ( 'NONE', #631, 1000.000000000000000 ) ;
#6179 = CARTESIAN_POINT ( 'NONE',  ( -0.1500000000000025757, -2.500000000000000000, 0.000000000000000000 ) ) ;
#6180 = EDGE_CURVE ( 'NONE', #4359, #6909, #4768, .T. ) ;
#6181 = ORIENTED_EDGE ( 'NONE', *, *, #3193, .F. ) ;
#6182 = ORIENTED_EDGE ( 'NONE', *, *, #6304, .F. ) ;
#6183 = PLANE ( 'NONE',  #576 ) ;
#6184 = EDGE_CURVE ( 'NONE', #471, #1925, #3844, .T. ) ;
#6185 = ORIENTED_EDGE ( 'NONE', *, *, #2411, .T. ) ;
#6186 = FACE_OUTER_BOUND ( 'NONE', #1648, .T. ) ;
#6187 = CARTESIAN_POINT ( 'NONE',  ( -2.469999999999999751, 2.500000000000000000, 0.7500000000000000000 ) ) ;
#6188 = VECTOR ( 'NONE', #6953, 1000.000000000000000 ) ;
#6189 = ADVANCED_FACE ( 'NONE', ( #5374 ), #5913, .F. ) ;
#6190 = EDGE_LOOP ( 'NONE', ( #2416, #5013, #1156, #6821 ) ) ;
#6191 = FACE_OUTER_BOUND ( 'NONE', #2897, .T. ) ;
#6192 = VERTEX_POINT ( 'NONE', #533 ) ;
#6193 = LINE ( 'NONE', #844, #269 ) ;
#6194 = CARTESIAN_POINT ( 'NONE',  ( 1.949999999999999512, 0.1499999999999999667, 0.1800000000000000211 ) ) ;
#6195 = DIRECTION ( 'NONE',  ( -1.000000000000000000, 0.000000000000000000, 0.000000000000000000 ) ) ;
#6196 = EDGE_LOOP ( 'NONE', ( #5650, #2593, #4273, #3091 ) ) ;
#6197 = CARTESIAN_POINT ( 'NONE',  ( 0.000000000000000000, 0.000000000000000000, -0.02000000000000000042 ) ) ;
#6198 = FACE_OUTER_BOUND ( 'NONE', #5987, .T. ) ;
#6199 = CARTESIAN_POINT ( 'NONE',  ( -0.8000000000000020428, -1.949999999999999956, 0.1800000000000000488 ) ) ;
#6200 = PLANE ( 'NONE',  #6844 ) ;
#6201 = CARTESIAN_POINT ( 'NONE',  ( 2.500000000000000000, 1.449999999999999512, -0.02000000000000000042 ) ) ;
#6202 = ORIENTED_EDGE ( 'NONE', *, *, #767, .T. ) ;
#6203 = VECTOR ( 'NONE', #5113, 1000.000000000000000 ) ;
#6204 = EDGE_CURVE ( 'NONE', #6192, #5250, #5438, .T. ) ;
#6205 = ADVANCED_FACE ( 'NONE', ( #1552 ), #2618, .F. ) ;
#6206 = CARTESIAN_POINT ( 'NONE',  ( 1.949999999999999512, -1.149999999999999911, -0.02000000000000000042 ) ) ;
#6207 = CARTESIAN_POINT ( 'NONE',  ( 1.949999999999999512, -1.449999999999999956, 0.1800000000000000211 ) ) ;
#6208 =( NAMED_UNIT ( * ) SI_UNIT ( $, .STERADIAN. ) SOLID_ANGLE_UNIT ( ) );
#6209 = EDGE_LOOP ( 'NONE', ( #163, #6571, #5005, #125 ) ) ;
#6210 = VECTOR ( 'NONE', #987, 1000.000000000000000 ) ;
#6211 = ORIENTED_EDGE ( 'NONE', *, *, #4307, .F. ) ;
#6212 = EDGE_CURVE ( 'NONE', #537, #2328, #3864, .T. ) ;
#6213 = DIRECTION ( 'NONE',  ( -0.000000000000000000, 1.000000000000000000, -0.000000000000000000 ) ) ;
#6214 = EDGE_CURVE ( 'NONE', #5463, #293, #5884, .T. ) ;
#6215 = ORIENTED_EDGE ( 'NONE', *, *, #6566, .T. ) ;
#6216 = CARTESIAN_POINT ( 'NONE',  ( 0.4999999999999970024, -2.500000000000000000, 0.1800000000000000211 ) ) ;
#6217 = SPHERICAL_SURFACE ( 'NONE', #1733, 0.02999999999999999889 ) ;
#6218 = VERTEX_POINT ( 'NONE', #6935 ) ;
#6219 = LINE ( 'NONE', #3364, #6924 ) ;
#6220 = EDGE_CURVE ( 'NONE', #6921, #39, #1685, .T. ) ;
#6221 = EDGE_LOOP ( 'NONE', ( #5089, #593, #5059, #4012 ) ) ;
#6222 = DIRECTION ( 'NONE',  ( 7.885106708985487062E-16, -1.000000000000000000, 0.000000000000000000 ) ) ;
#6223 = DIRECTION ( 'NONE',  ( -0.000000000000000000, -0.000000000000000000, 1.000000000000000000 ) ) ;
#6224 = DIRECTION ( 'NONE',  ( 0.000000000000000000, -1.000000000000000000, 0.000000000000000000 ) ) ;
#6225 = MECHANICAL_DESIGN_GEOMETRIC_PRESENTATION_REPRESENTATION (  '', ( #3845 ), #3407 ) ;
#6226 = ORIENTED_EDGE ( 'NONE', *, *, #1694, .F. ) ;
#6227 = ORIENTED_EDGE ( 'NONE', *, *, #5783, .F. ) ;
#6228 = ORIENTED_EDGE ( 'NONE', *, *, #1696, .T. ) ;
#6229 = LINE ( 'NONE', #853, #335 ) ;
#6230 = PLANE ( 'NONE',  #3653 ) ;
#6231 = COLOUR_RGB ( '',0.8039215686274510109, 0.8039215686274510109, 0.8039215686274510109 ) ;
#6232 = LINE ( 'NONE', #4740, #4015 ) ;
#6233 = DIRECTION ( 'NONE',  ( 1.000000000000000000, -0.000000000000000000, 0.000000000000000000 ) ) ;
#6234 = VECTOR ( 'NONE', #6002, 1000.000000000000000 ) ;
#6235 = EDGE_LOOP ( 'NONE', ( #398, #796, #2258, #5225 ) ) ;
#6236 = LINE ( 'NONE', #4638, #5784 ) ;
#6237 = VERTEX_POINT ( 'NONE', #4371 ) ;
#6238 = CARTESIAN_POINT ( 'NONE',  ( 0.7999999999999994893, 1.949999999999999956, -0.02000000000000000042 ) ) ;
#6239 = DIRECTION ( 'NONE',  ( -1.000000000000000000, -0.000000000000000000, -0.000000000000000000 ) ) ;
#6240 = SURFACE_STYLE_FILL_AREA ( #296 ) ;
#6241 = ORIENTED_EDGE ( 'NONE', *, *, #6784, .F. ) ;
#6242 = PRESENTATION_LAYER_ASSIGNMENT (  '', '', ( #5566 ) ) ;
#6243 = LINE ( 'NONE', #4977, #304 ) ;
#6244 = VERTEX_POINT ( 'NONE', #2087 ) ;
#6245 = LINE ( 'NONE', #5185, #2178 ) ;
#6246 = ORIENTED_EDGE ( 'NONE', *, *, #5493, .F. ) ;
#6247 = PLANE ( 'NONE',  #3665 ) ;
#6248 = STYLED_ITEM ( 'NONE', ( #5724 ), #6596 ) ;
#6249 = CARTESIAN_POINT ( 'NONE',  ( -2.500000000000000000, -0.4999999999999997780, -0.02000000000000000042 ) ) ;
#6250 = ADVANCED_FACE ( 'NONE', ( #1023 ), #3188, .F. ) ;
#6251 =( GEOMETRIC_REPRESENTATION_CONTEXT ( 3 ) GLOBAL_UNCERTAINTY_ASSIGNED_CONTEXT ( ( #2127 ) ) GLOBAL_UNIT_ASSIGNED_CONTEXT ( ( #5491, #4819, #4960 ) ) REPRESENTATION_CONTEXT ( 'NONE', 'WORKASPACE' ) );
#6252 = ORIENTED_EDGE ( 'NONE', *, *, #1779, .T. ) ;
#6253 = EDGE_CURVE ( 'NONE', #643, #3881, #3777, .T. ) ;
#6254 = CARTESIAN_POINT ( 'NONE',  ( 1.949999999999999512, 1.449999999999999956, 0.1800000000002910383 ) ) ;
#6255 = VERTEX_POINT ( 'NONE', #5336 ) ;
#6256 = DIRECTION ( 'NONE',  ( -0.000000000000000000, 1.000000000000000000, -0.000000000000000000 ) ) ;
#6257 = STYLED_ITEM ( 'NONE', ( #5862 ), #6655 ) ;
#6258 = LINE ( 'NONE', #1706, #6464 ) ;
#6259 = PLANE ( 'NONE',  #4454 ) ;
#6260 = AXIS2_PLACEMENT_3D ( 'NONE', #5859, #4879, #3162 ) ;
#6261 = VECTOR ( 'NONE', #2587, 1000.000000000000000 ) ;
#6262 = EDGE_LOOP ( 'NONE', ( #1313, #5666, #4408, #2621 ) ) ;
#6263 = VERTEX_POINT ( 'NONE', #2653 ) ;
#6264 = DIRECTION ( 'NONE',  ( -0.000000000000000000, 1.000000000000000000, -0.000000000000000000 ) ) ;
#6265 = ORIENTED_EDGE ( 'NONE', *, *, #5656, .F. ) ;
#6266 = CARTESIAN_POINT ( 'NONE',  ( 0.7999999999999994893, 1.949999999999999956, -0.02000000000000000042 ) ) ;
#6267 = VECTOR ( 'NONE', #5294, 1000.000000000000000 ) ;
#6268 = VECTOR ( 'NONE', #3871, 1000.000000000000000 ) ;
#6269 = DIRECTION ( 'NONE',  ( 0.000000000000000000, -0.000000000000000000, 1.000000000000000000 ) ) ;
#6270 = LINE ( 'NONE', #860, #4549 ) ;
#6271 = EDGE_CURVE ( 'NONE', #4605, #5657, #1610, .T. ) ;
#6272 = VECTOR ( 'NONE', #6297, 1000.000000000000000 ) ;
#6273 = VECTOR ( 'NONE', #6021, 1000.000000000000000 ) ;
#6274 = ORIENTED_EDGE ( 'NONE', *, *, #5904, .T. ) ;
#6275 = DIRECTION ( 'NONE',  ( -1.000000000000000000, 7.885106708985479173E-16, 0.000000000000000000 ) ) ;
#6276 = DIRECTION ( 'NONE',  ( -1.000000000000000000, 0.000000000000000000, 0.000000000000000000 ) ) ;
#6277 = DIRECTION ( 'NONE',  ( 0.000000000000000000, -1.000000000000000000, 0.000000000000000000 ) ) ;
#6278 = DIRECTION ( 'NONE',  ( 1.000000000000000000, 3.942553354492743531E-16, 0.000000000000000000 ) ) ;
#6279 = VECTOR ( 'NONE', #2461, 1000.000000000000000 ) ;
#6280 = SURFACE_STYLE_FILL_AREA ( #1527 ) ;
#6281 = ORIENTED_EDGE ( 'NONE', *, *, #2727, .T. ) ;
#6282 = CLOSED_SHELL ( 'NONE', ( #4554, #1918, #4049, #283, #1127, #6345 ) ) ;
#6283 = CARTESIAN_POINT ( 'NONE',  ( -1.624999999999999778, -1.624999999999999334, -0.02000000000000000042 ) ) ;
#6284 = VERTEX_POINT ( 'NONE', #5951 ) ;
#6285 = LINE ( 'NONE', #3096, #4323 ) ;
#6286 = ORIENTED_EDGE ( 'NONE', *, *, #1964, .F. ) ;
#6287 =( NAMED_UNIT ( * ) PLANE_ANGLE_UNIT ( ) SI_UNIT ( $, .RADIAN. ) );
#6288 = EDGE_CURVE ( 'NONE', #293, #6532, #4806, .T. ) ;
#6289 = PLANE ( 'NONE',  #5235 ) ;
#6290 = ORIENTED_EDGE ( 'NONE', *, *, #17, .T. ) ;
#6291 = LINE ( 'NONE', #6254, #166 ) ;
#6292 = VERTEX_POINT ( 'NONE', #6974 ) ;
#6293 = LINE ( 'NONE', #4626, #1169 ) ;
#6294 = EDGE_CURVE ( 'NONE', #1377, #677, #6437, .T. ) ;
#6295 = FACE_OUTER_BOUND ( 'NONE', #4791, .T. ) ;
#6296 = CARTESIAN_POINT ( 'NONE',  ( 2.500000000000000000, 0.1499999999999995226, -0.02000000000000000042 ) ) ;
#6297 = DIRECTION ( 'NONE',  ( 1.000000000000000000, 0.000000000000000000, 0.000000000000000000 ) ) ;
#6298 = VECTOR ( 'NONE', #740, 1000.000000000000000 ) ;
#6299 = ORIENTED_EDGE ( 'NONE', *, *, #320, .T. ) ;
#6300 = ORIENTED_EDGE ( 'NONE', *, *, #2663, .T. ) ;
#6301 = DIRECTION ( 'NONE',  ( 1.577021341797097018E-15, 1.000000000000000000, 0.000000000000000000 ) ) ;
#6302 = ORIENTED_EDGE ( 'NONE', *, *, #6056, .F. ) ;
#6303 = DIRECTION ( 'NONE',  ( 1.000000000000000000, -0.000000000000000000, 0.000000000000000000 ) ) ;
#6304 = EDGE_CURVE ( 'NONE', #6576, #1782, #2183, .T. ) ;
#6305 = DIRECTION ( 'NONE',  ( 0.000000000000000000, 0.000000000000000000, 1.000000000000000000 ) ) ;
#6306 = DIRECTION ( 'NONE',  ( 0.000000000000000000, 1.000000000000000000, 0.000000000000000000 ) ) ;
#6307 = DIRECTION ( 'NONE',  ( -1.000000000000000000, 0.000000000000000000, 0.000000000000000000 ) ) ;
#6308 = ORIENTED_EDGE ( 'NONE', *, *, #6082, .T. ) ;
#6309 = EDGE_CURVE ( 'NONE', #3520, #4622, #787, .T. ) ;
#6310 = LINE ( 'NONE', #3053, #4522 ) ;
#6311 = UNCERTAINTY_MEASURE_WITH_UNIT (LENGTH_MEASURE( 1.000000000000000082E-05 ), #438, 'distance_accuracy_value', 'NONE');
#6312 = CARTESIAN_POINT ( 'NONE',  ( 1.149999999999997025, -2.500000000000000000, 0.1800000000000000211 ) ) ;
#6313 = DIRECTION ( 'NONE',  ( -1.000000000000000000, 3.942553354492743038E-16, 0.000000000000000000 ) ) ;
#6314 = DIRECTION ( 'NONE',  ( -0.000000000000000000, -0.000000000000000000, -1.000000000000000000 ) ) ;
#6315 = EDGE_LOOP ( 'NONE', ( #5767, #1683, #6226, #3170 ) ) ;
#6316 = LINE ( 'NONE', #685, #1654 ) ;
#6317 = EDGE_LOOP ( 'NONE', ( #3145, #4953, #5434, #515 ) ) ;
#6318 = DIRECTION ( 'NONE',  ( -0.7071067811865475727, 0.7071067811865475727, 0.000000000000000000 ) ) ;
#6319 = ORIENTED_EDGE ( 'NONE', *, *, #6214, .F. ) ;
#6320 = CARTESIAN_POINT ( 'NONE',  ( 0.5000000000000000000, 2.500000000000000000, 0.1800000000000000211 ) ) ;
#6321 = ORIENTED_EDGE ( 'NONE', *, *, #3311, .T. ) ;
#6322 = DIRECTION ( 'NONE',  ( -0.000000000000000000, -0.000000000000000000, -1.000000000000000000 ) ) ;
#6323 = EDGE_LOOP ( 'NONE', ( #4133, #381, #5322, #5698, #3708 ) ) ;
#6324 = DIRECTION ( 'NONE',  ( -0.000000000000000000, -1.000000000000000000, -0.000000000000000000 ) ) ;
#6325 = DIRECTION ( 'NONE',  ( 7.885106708985485090E-16, -1.000000000000000000, -0.000000000000000000 ) ) ;
#6326 = DIRECTION ( 'NONE',  ( 1.000000000000000000, 7.885106708985485090E-16, -0.000000000000000000 ) ) ;
#6327 = EDGE_CURVE ( 'NONE', #4887, #6116, #1721, .T. ) ;
#6328 = ADVANCED_FACE ( 'NONE', ( #4488 ), #5091, .F. ) ;
#6329 = EDGE_LOOP ( 'NONE', ( #1173, #2031, #1105, #6000 ) ) ;
#6330 = ORIENTED_EDGE ( 'NONE', *, *, #4373, .T. ) ;
#6331 = CARTESIAN_POINT ( 'NONE',  ( -2.500000000000000000, -2.469999999999999751, 0.7800000000000000266 ) ) ;
#6332 = ORIENTED_EDGE ( 'NONE', *, *, #1191, .T. ) ;
#6333 = CARTESIAN_POINT ( 'NONE',  ( 2.500000000000000000, -1.150000000000000355, -0.02000000000000000042 ) ) ;
#6334 = DIRECTION ( 'NONE',  ( -0.000000000000000000, -0.000000000000000000, -1.000000000000000000 ) ) ;
#6335 = DIRECTION ( 'NONE',  ( -0.000000000000000000, 0.000000000000000000, 1.000000000000000000 ) ) ;
#6336 = ADVANCED_FACE ( 'NONE', ( #1763, #140 ), #3400, .F. ) ;
#6337 = ORIENTED_EDGE ( 'NONE', *, *, #5289, .T. ) ;
#6338 = DIRECTION ( 'NONE',  ( -0.000000000000000000, -0.000000000000000000, -1.000000000000000000 ) ) ;
#6339 = VECTOR ( 'NONE', #4845, 1000.000000000000000 ) ;
#6340 = CARTESIAN_POINT ( 'NONE',  ( 1.625000000000000222, -1.624999999999999334, 0.01000000000000000021 ) ) ;
#6341 = CARTESIAN_POINT ( 'NONE',  ( -1.949999999999999956, 1.450000000000000400, -0.02000000000000000042 ) ) ;
#6342 = CARTESIAN_POINT ( 'NONE',  ( -1.449999999999999956, 2.500000000000000000, 0.1800000000000000211 ) ) ;
#6343 = SURFACE_STYLE_FILL_AREA ( #4181 ) ;
#6344 = ORIENTED_EDGE ( 'NONE', *, *, #3859, .T. ) ;
#6345 = ADVANCED_FACE ( 'NONE', ( #3435 ), #2296, .T. ) ;
#6346 = CARTESIAN_POINT ( 'NONE',  ( -2.500000000000000000, 1.450000000000000178, 0.000000000000000000 ) ) ;
#6347 = ORIENTED_EDGE ( 'NONE', *, *, #1883, .T. ) ;
#6348 = DIRECTION ( 'NONE',  ( -0.000000000000000000, -0.000000000000000000, -1.000000000000000000 ) ) ;
#6349 = ORIENTED_EDGE ( 'NONE', *, *, #4872, .F. ) ;
#6350 = DIRECTION ( 'NONE',  ( -0.000000000000000000, -0.000000000000000000, 1.000000000000000000 ) ) ;
#6351 = ORIENTED_EDGE ( 'NONE', *, *, #5385, .T. ) ;
#6352 = VECTOR ( 'NONE', #5982, 1000.000000000000000 ) ;
#6353 = PLANE ( 'NONE',  #501 ) ;
#6354 = ORIENTED_EDGE ( 'NONE', *, *, #2008, .F. ) ;
#6355 = CARTESIAN_POINT ( 'NONE',  ( -2.500000000000000000, 0.5000000000000002220, 0.1800000000000000211 ) ) ;
#6356 = ADVANCED_FACE ( 'NONE', ( #2260 ), #2901, .F. ) ;
#6357 = CARTESIAN_POINT ( 'NONE',  ( 1.300000000000000044, 0.000000000000000000, -0.02000000000000000042 ) ) ;
#6358 = CARTESIAN_POINT ( 'NONE',  ( -2.500000000000000000, -1.149999999999999689, -0.02000000000000000042 ) ) ;
#6359 = VERTEX_POINT ( 'NONE', #5550 ) ;
#6360 = VERTEX_POINT ( 'NONE', #6734 ) ;
#6361 = DIRECTION ( 'NONE',  ( 1.000000000000000000, 3.942553354492742545E-16, 0.000000000000000000 ) ) ;
#6362 = ORIENTED_EDGE ( 'NONE', *, *, #2749, .T. ) ;
#6363 = CARTESIAN_POINT ( 'NONE',  ( 2.500000000000000000, -1.449999999999999734, 0.1800000000000000211 ) ) ;
#6364 = AXIS2_PLACEMENT_3D ( 'NONE', #3680, #2021, #954 ) ;
#6365 = CARTESIAN_POINT ( 'NONE',  ( 2.500000000000000000, -0.5000000000000004441, 0.1800000000000000211 ) ) ;
#6367 = AXIS2_PLACEMENT_3D ( 'NONE', #4804, #4706, #3186 ) ;
#6366 = CARTESIAN_POINT ( 'NONE',  ( 1.449999999999999512, 1.949999999999999956, -0.02000000000000000042 ) ) ;
#6368 = DIRECTION ( 'NONE',  ( 0.000000000000000000, -1.000000000000000000, 0.000000000000000000 ) ) ;
#6369 = ORIENTED_EDGE ( 'NONE', *, *, #1693, .T. ) ;
#6370 = SURFACE_SIDE_STYLE ('',( #5234 ) ) ;
#6371 = VECTOR ( 'NONE', #5540, 1000.000000000000000 ) ;
#6372 = UNCERTAINTY_MEASURE_WITH_UNIT (LENGTH_MEASURE( 1.000000000000000082E-05 ), #1360, 'distance_accuracy_value', 'NONE');
#6373 = AXIS2_PLACEMENT_3D ( 'NONE', #1936, #4160, #4089 ) ;
#6374 = LINE ( 'NONE', #3298, #3781 ) ;
#6375 = DIRECTION ( 'NONE',  ( 0.000000000000000000, -1.000000000000000000, 0.000000000000000000 ) ) ;
#6376 = VECTOR ( 'NONE', #3846, 1000.000000000000000 ) ;
#6377 = CARTESIAN_POINT ( 'NONE',  ( 1.625000000000000222, -1.624999999999999334, -0.02000000000000000042 ) ) ;
#6378 = LINE ( 'NONE', #3132, #32 ) ;
#6379 = VECTOR ( 'NONE', #3382, 1000.000000000000000 ) ;
#6380 = EDGE_CURVE ( 'NONE', #6661, #2221, #5592, .T. ) ;
#6381 = COLOUR_RGB ( '',0.8039215686274510109, 0.8039215686274510109, 0.8039215686274510109 ) ;
#6382 = EDGE_LOOP ( 'NONE', ( #4853, #2922, #1892, #1491 ) ) ;
#6383 = DIRECTION ( 'NONE',  ( 0.000000000000000000, 1.000000000000000000, 0.000000000000000000 ) ) ;
#6384 = VECTOR ( 'NONE', #3964, 1000.000000000000000 ) ;
#6385 = DIRECTION ( 'NONE',  ( -0.000000000000000000, 1.000000000000000000, -0.000000000000000000 ) ) ;
#6386 = VERTEX_POINT ( 'NONE', #4406 ) ;
#6387 = AXIS2_PLACEMENT_3D ( 'NONE', #3818, #570, #6442 ) ;
#6388 = DIRECTION ( 'NONE',  ( 0.000000000000000000, -1.000000000000000000, 0.000000000000000000 ) ) ;
#6389 = DIRECTION ( 'NONE',  ( 1.000000000000000000, 0.000000000000000000, -0.000000000000000000 ) ) ;
#6390 = EDGE_CURVE ( 'NONE', #5111, #6859, #6697, .T. ) ;
#6391 = VERTEX_POINT ( 'NONE', #1309 ) ;
#6392 = ORIENTED_EDGE ( 'NONE', *, *, #233, .T. ) ;
#6393 = AXIS2_PLACEMENT_3D ( 'NONE', #4384, #5384, #1664 ) ;
#6394 = LINE ( 'NONE', #1082, #4898 ) ;
#6395 = ORIENTED_EDGE ( 'NONE', *, *, #1233, .F. ) ;
#6396 = VECTOR ( 'NONE', #3743, 1000.000000000000000 ) ;
#6397 = DIRECTION ( 'NONE',  ( -1.000000000000000000, -3.942553354492740080E-16, 0.000000000000000000 ) ) ;
#6398 = EDGE_CURVE ( 'NONE', #4622, #1383, #3955, .T. ) ;
#6399 = PLANE ( 'NONE',  #1172 ) ;
#6400 = AXIS2_PLACEMENT_3D ( 'NONE', #6640, #4042, #6101 ) ;
#6401 = ORIENTED_EDGE ( 'NONE', *, *, #455, .F. ) ;
#6402 = ORIENTED_EDGE ( 'NONE', *, *, #199, .T. ) ;
#6403 = LINE ( 'NONE', #5881, #3826 ) ;
#6404 = ORIENTED_EDGE ( 'NONE', *, *, #5257, .F. ) ;
#6405 = CARTESIAN_POINT ( 'NONE',  ( -1.624999999999999778, -1.624999999999999334, 0.000000000000000000 ) ) ;
#6406 = CARTESIAN_POINT ( 'NONE',  ( 2.500000000000000000, -1.150000000000000355, 0.1800000000000000211 ) ) ;
#6407 = AXIS2_PLACEMENT_3D ( 'NONE', #3722, #2133, #927 ) ;
#6408 = CARTESIAN_POINT ( 'NONE',  ( 2.499999999999999556, -2.500000000000000000, 0.7500000000000000000 ) ) ;
#6409 = DIRECTION ( 'NONE',  ( 0.000000000000000000, 1.000000000000000000, 0.000000000000000000 ) ) ;
#6410 = ORIENTED_EDGE ( 'NONE', *, *, #4341, .F. ) ;
#6411 = CARTESIAN_POINT ( 'NONE',  ( 2.500000000000000000, 1.150000000000000133, 0.1800000000000000211 ) ) ;
#6412 = DIRECTION ( 'NONE',  ( -1.000000000000000000, 0.000000000000000000, 0.000000000000000000 ) ) ;
#6413 = LINE ( 'NONE', #1623, #2536 ) ;
#6414 = CARTESIAN_POINT ( 'NONE',  ( 0.1499999999999999667, -2.500000000000000000, 0.1800000000000000211 ) ) ;
#6415 = LINE ( 'NONE', #5243, #2516 ) ;
#6416 = ORIENTED_EDGE ( 'NONE', *, *, #5676, .F. ) ;
#6417 = ADVANCED_FACE ( 'NONE', ( #6123 ), #752, .F. ) ;
#6418 = ADVANCED_FACE ( 'NONE', ( #4550 ), #5635, .F. ) ;
#6419 = DIRECTION ( 'NONE',  ( -0.000000000000000000, -0.000000000000000000, 1.000000000000000000 ) ) ;
#6420 = LINE ( 'NONE', #144, #3763 ) ;
#6421 = VERTEX_POINT ( 'NONE', #637 ) ;
#6422 = FACE_OUTER_BOUND ( 'NONE', #6745, .T. ) ;
#6423 = FACE_OUTER_BOUND ( 'NONE', #467, .T. ) ;
#6424 = DIRECTION ( 'NONE',  ( -0.000000000000000000, -0.000000000000000000, 1.000000000000000000 ) ) ;
#6425 = ORIENTED_EDGE ( 'NONE', *, *, #3142, .T. ) ;
#6426 = EDGE_CURVE ( 'NONE', #5442, #2954, #5061, .T. ) ;
#6427 = ORIENTED_EDGE ( 'NONE', *, *, #6833, .F. ) ;
#6428 = PLANE ( 'NONE',  #5678 ) ;
#6429 = ORIENTED_EDGE ( 'NONE', *, *, #5864, .T. ) ;
#6430 = LINE ( 'NONE', #4901, #3768 ) ;
#6431 = EDGE_CURVE ( 'NONE', #6218, #2915, #1824, .T. ) ;
#6432 = VERTEX_POINT ( 'NONE', #6581 ) ;
#6433 = ORIENTED_EDGE ( 'NONE', *, *, #5841, .F. ) ;
#6434 = VECTOR ( 'NONE', #3074, 1000.000000000000000 ) ;
#6435 = DIRECTION ( 'NONE',  ( -1.000000000000000000, 0.000000000000000000, -0.000000000000000000 ) ) ;
#6436 = FACE_OUTER_BOUND ( 'NONE', #6806, .T. ) ;
#6437 = LINE ( 'NONE', #565, #6352 ) ;
#6438 = AXIS2_PLACEMENT_3D ( 'NONE', #6128, #713, #5065 ) ;
#6439 = DIRECTION ( 'NONE',  ( -1.000000000000000000, 3.942553354492743531E-16, 0.000000000000000000 ) ) ;
#6440 = ORIENTED_EDGE ( 'NONE', *, *, #4129, .T. ) ;
#6441 = DIRECTION ( 'NONE',  ( 1.000000000000000000, 3.942553354492743531E-16, 0.000000000000000000 ) ) ;
#6442 = DIRECTION ( 'NONE',  ( 7.885106708985487062E-16, -1.000000000000000000, 0.000000000000000000 ) ) ;
#6443 = LINE ( 'NONE', #541, #4333 ) ;
#6444 = CARTESIAN_POINT ( 'NONE',  ( 1.949999999999999512, -0.5000000000000000000, 0.1800000000000000211 ) ) ;
#6445 = ORIENTED_EDGE ( 'NONE', *, *, #4473, .T. ) ;
#6446 = VECTOR ( 'NONE', #4775, 1000.000000000000000 ) ;
#6447 = FACE_OUTER_BOUND ( 'NONE', #5536, .T. ) ;
#6448 = EDGE_CURVE ( 'NONE', #379, #925, #6053, .T. ) ;
#6449 = ORIENTED_EDGE ( 'NONE', *, *, #6557, .F. ) ;
#6450 = CARTESIAN_POINT ( 'NONE',  ( 0.7999999999999994893, 1.949999999999999956, 0.1800000000000000488 ) ) ;
#6451 = DIRECTION ( 'NONE',  ( 3.942553354492739587E-16, -1.000000000000000000, 0.000000000000000000 ) ) ;
#6452 = ADVANCED_FACE ( 'NONE', ( #5517 ), #673, .F. ) ;
#6453 = VECTOR ( 'NONE', #1781, 1000.000000000000000 ) ;
#6454 = ORIENTED_EDGE ( 'NONE', *, *, #326, .T. ) ;
#6455 = VERTEX_POINT ( 'NONE', #2441 ) ;
#6456 = DIRECTION ( 'NONE',  ( -7.885106708985485090E-16, -1.000000000000000000, 0.000000000000000000 ) ) ;
#6457 = ORIENTED_EDGE ( 'NONE', *, *, #6426, .T. ) ;
#6458 = CARTESIAN_POINT ( 'NONE',  ( -2.500000000000000000, -1.149999999999999689, 0.1800000000000000211 ) ) ;
#6459 = FACE_OUTER_BOUND ( 'NONE', #3315, .T. ) ;
#6460 = VECTOR ( 'NONE', #1394, 1000.000000000000000 ) ;
#6461 = EDGE_CURVE ( 'NONE', #2384, #1447, #310, .T. ) ;
#6462 = ADVANCED_FACE ( 'NONE', ( #474 ), #2110, .T. ) ;
#6463 = VECTOR ( 'NONE', #812, 1000.000000000000000 ) ;
#6464 = VECTOR ( 'NONE', #2208, 1000.000000000000000 ) ;
#6465 = LINE ( 'NONE', #2176, #754 ) ;
#6466 = ORIENTED_EDGE ( 'NONE', *, *, #6380, .F. ) ;
#6467 = DIRECTION ( 'NONE',  ( -0.000000000000000000, -0.000000000000000000, 1.000000000000000000 ) ) ;
#6468 = ORIENTED_EDGE ( 'NONE', *, *, #6090, .T. ) ;
#6469 = AXIS2_PLACEMENT_3D ( 'NONE', #3737, #6435, #6008 ) ;
#6470 = LINE ( 'NONE', #3843, #3991 ) ;
#6471 = CARTESIAN_POINT ( 'NONE',  ( -1.949999999999999956, -0.1499999999999999667, -0.02000000000000000042 ) ) ;
#6472 = ADVANCED_FACE ( 'NONE', ( #6960 ), #5357, .T. ) ;
#6473 = EDGE_CURVE ( 'NONE', #1117, #2954, #1005, .T. ) ;
#6474 = DIRECTION ( 'NONE',  ( 3.942553354492743531E-16, 1.000000000000000000, 0.000000000000000000 ) ) ;
#6475 = ORIENTED_EDGE ( 'NONE', *, *, #6204, .F. ) ;
#6476 = AXIS2_PLACEMENT_3D ( 'NONE', #507, #4850, #84 ) ;
#6477 = ORIENTED_EDGE ( 'NONE', *, *, #3954, .T. ) ;
#6478 = LINE ( 'NONE', #5342, #4440 ) ;
#6479 = CARTESIAN_POINT ( 'NONE',  ( 0.1499999999999999667, -2.500000000000000000, 0.1800000000000000211 ) ) ;
#6480 = FACE_OUTER_BOUND ( 'NONE', #4684, .T. ) ;
#6481 = CARTESIAN_POINT ( 'NONE',  ( 0.000000000000000000, 0.6500000000000000222, -0.02000000000000000042 ) ) ;
#6482 = PRESENTATION_LAYER_ASSIGNMENT (  '', '', ( #5809 ) ) ;
#6483 = MANIFOLD_SOLID_BREP ( 'LPattern8[3]', #5159 ) ;
#6484 = AXIS2_PLACEMENT_3D ( 'NONE', #2433, #739, #5081 ) ;
#6485 = AXIS2_PLACEMENT_3D ( 'NONE', #1720, #3774, #2294 ) ;
#6486 = FACE_OUTER_BOUND ( 'NONE', #6742, .T. ) ;
#6487 = ORIENTED_EDGE ( 'NONE', *, *, #3320, .T. ) ;
#6488 = FILL_AREA_STYLE ('',( #3171 ) ) ;
#6489 = CARTESIAN_POINT ( 'NONE',  ( -0.5000000000000004441, -1.949999999999999956, -0.02000000000000000042 ) ) ;
#6490 = VECTOR ( 'NONE', #6, 1000.000000000000000 ) ;
#6491 = AXIS2_PLACEMENT_3D ( 'NONE', #1793, #2474, #2900 ) ;
#6492 = FILL_AREA_STYLE ('',( #2700 ) ) ;
#6493 = ORIENTED_EDGE ( 'NONE', *, *, #6431, .T. ) ;
#6494 = AXIS2_PLACEMENT_3D ( 'NONE', #4163, #6326, #414 ) ;
#6495 = VECTOR ( 'NONE', #5712, 1000.000000000000000 ) ;
#6496 = VERTEX_POINT ( 'NONE', #3506 ) ;
#6497 = STYLED_ITEM ( 'NONE', ( #662 ), #4164 ) ;
#6498 = CARTESIAN_POINT ( 'NONE',  ( -2.469999999999999751, 2.469999999999999751, 0.7800000000000000266 ) ) ;
#6499 = ORIENTED_EDGE ( 'NONE', *, *, #6705, .T. ) ;
#6500 = LINE ( 'NONE', #94, #3886 ) ;
#6501 = LINE ( 'NONE', #1752, #4788 ) ;
#6502 = DIRECTION ( 'NONE',  ( -0.000000000000000000, 1.000000000000000000, -0.000000000000000000 ) ) ;
#6503 = ORIENTED_EDGE ( 'NONE', *, *, #4084, .T. ) ;
#6504 = CLOSED_SHELL ( 'NONE', ( #2363, #1362, #4489, #4435, #4739, #1024 ) ) ;
#6505 = EDGE_CURVE ( 'NONE', #6874, #1804, #2475, .T. ) ;
#6506 = EDGE_CURVE ( 'NONE', #6863, #2, #4756, .T. ) ;
#6507 = CARTESIAN_POINT ( 'NONE',  ( -2.500000000000000000, 0.1500000000000001887, 0.1800000001139778760 ) ) ;
#6508 = CIRCLE ( 'NONE', #1760, 0.2000000000000003164 ) ;
#6509 = ORIENTED_EDGE ( 'NONE', *, *, #3645, .F. ) ;
#6510 = FACE_OUTER_BOUND ( 'NONE', #5283, .T. ) ;
#6511 = EDGE_CURVE ( 'NONE', #5074, #4318, #1373, .T. ) ;
#6512 = DIRECTION ( 'NONE',  ( -0.000000000000000000, -0.000000000000000000, 1.000000000000000000 ) ) ;
#6513 = MANIFOLD_SOLID_BREP ( 'LPattern2[1]', #5611 ) ;
#6514 = DIRECTION ( 'NONE',  ( 0.000000000000000000, -0.000000000000000000, -1.000000000000000000 ) ) ;
#6515 = EDGE_LOOP ( 'NONE', ( #4500, #3958, #1986, #192 ) ) ;
#6516 = ORIENTED_EDGE ( 'NONE', *, *, #5012, .F. ) ;
#6517 = EDGE_CURVE ( 'NONE', #2458, #2480, #6258, .T. ) ;
#6518 = VECTOR ( 'NONE', #2491, 1000.000000000000000 ) ;
#6519 = FACE_OUTER_BOUND ( 'NONE', #801, .T. ) ;
#6520 = LINE ( 'NONE', #4880, #1966 ) ;
#6521 = DIRECTION ( 'NONE',  ( 1.000000000000000000, -0.000000000000000000, 0.000000000000000000 ) ) ;
#6522 = DIRECTION ( 'NONE',  ( 0.000000000000000000, -1.000000000000000000, 0.000000000000000000 ) ) ;
#6523 = VERTEX_POINT ( 'NONE', #4968 ) ;
#6524 = MANIFOLD_SOLID_BREP ( 'LPattern2[3]', #1758 ) ;
#6525 = AXIS2_PLACEMENT_3D ( 'NONE', #1589, #5284, #3618 ) ;
#6526 = DIRECTION ( 'NONE',  ( -0.000000000000000000, -0.000000000000000000, -1.000000000000000000 ) ) ;
#6527 = EDGE_CURVE ( 'NONE', #2788, #3153, #4856, .T. ) ;
#6528 = LINE ( 'NONE', #87, #3354 ) ;
#6529 = ORIENTED_EDGE ( 'NONE', *, *, #3414, .F. ) ;
#6530 =( NAMED_UNIT ( * ) SI_UNIT ( $, .STERADIAN. ) SOLID_ANGLE_UNIT ( ) );
#6531 = CARTESIAN_POINT ( 'NONE',  ( -1.150000000000000355, 1.949999999999999956, -0.02000000000000000042 ) ) ;
#6532 = VERTEX_POINT ( 'NONE', #3863 ) ;
#6533 = ORIENTED_EDGE ( 'NONE', *, *, #3953, .T. ) ;
#6534 = VECTOR ( 'NONE', #6213, 1000.000000000000000 ) ;
#6535 = CARTESIAN_POINT ( 'NONE',  ( -1.149999999999999911, 2.500000000000000000, -0.02000000000000000042 ) ) ;
#6536 = ORIENTED_EDGE ( 'NONE', *, *, #4817, .T. ) ;
#6537 = LINE ( 'NONE', #1678, #1290 ) ;
#6538 = DIRECTION ( 'NONE',  ( -1.000000000000000000, 1.577021341797097018E-15, 0.000000000000000000 ) ) ;
#6539 = CARTESIAN_POINT ( 'NONE',  ( -2.500000000000000000, 0.8000000000000001554, -0.02000000000000000042 ) ) ;
#6540 = CARTESIAN_POINT ( 'NONE',  ( 1.949999999999999512, -0.1499999999999999667, -0.02000000000000000042 ) ) ;
#6541 = VERTEX_POINT ( 'NONE', #4322 ) ;
#6542 = DIRECTION ( 'NONE',  ( -0.000000000000000000, -0.000000000000000000, -1.000000000000000000 ) ) ;
#6543 = ORIENTED_EDGE ( 'NONE', *, *, #4398, .T. ) ;
#6544 = DIRECTION ( 'NONE',  ( -7.885106708985487062E-16, -1.000000000000000000, 0.000000000000000000 ) ) ;
#6545 = DIRECTION ( 'NONE',  ( 0.000000000000000000, 0.000000000000000000, -1.000000000000000000 ) ) ;
#6546 = ADVANCED_FACE ( 'NONE', ( #6603 ), #1178, .F. ) ;
#6547 = LINE ( 'NONE', #1686, #6376 ) ;
#6548 = EDGE_CURVE ( 'NONE', #6767, #5006, #2280, .T. ) ;
#6549 = VERTEX_POINT ( 'NONE', #3906 ) ;
#6550 = ORIENTED_EDGE ( 'NONE', *, *, #807, .F. ) ;
#6551 = DIRECTION ( 'NONE',  ( -0.000000000000000000, -0.000000000000000000, 1.000000000000000000 ) ) ;
#6552 = CARTESIAN_POINT ( 'NONE',  ( 2.500000000000000000, 0.7999999999999994893, -0.02000000000000000042 ) ) ;
#6553 = LINE ( 'NONE', #3933, #2436 ) ;
#6554 = DIRECTION ( 'NONE',  ( 0.000000000000000000, 1.000000000000000000, 0.000000000000000000 ) ) ;
#6555 = CARTESIAN_POINT ( 'NONE',  ( 0.000000000000000000, 0.000000000000000000, -0.02000000000000000042 ) ) ;
#6556 = DIRECTION ( 'NONE',  ( 0.000000000000000000, 0.000000000000000000, -1.000000000000000000 ) ) ;
#6557 = EDGE_CURVE ( 'NONE', #4665, #3721, #5422, .T. ) ;
#6558 = EDGE_CURVE ( 'NONE', #4952, #4094, #5499, .T. ) ;
#6559 = MANIFOLD_SOLID_BREP ( 'LPattern2[4]', #5370 ) ;
#6560 = ADVANCED_FACE ( 'NONE', ( #2735 ), #4891, .F. ) ;
#6561 = CARTESIAN_POINT ( 'NONE',  ( 1.949999999999999512, -0.5000000000000000000, 0.000000000000000000 ) ) ;
#6562 = DIRECTION ( 'NONE',  ( -0.000000000000000000, 1.000000000000000000, -0.000000000000000000 ) ) ;
#6563 = ORIENTED_EDGE ( 'NONE', *, *, #3042, .T. ) ;
#6564 = PLANE ( 'NONE',  #6168 ) ;
#6565 = PLANE ( 'NONE',  #3105 ) ;
#6566 = EDGE_CURVE ( 'NONE', #4867, #1775, #6649, .T. ) ;
#6567 = ORIENTED_EDGE ( 'NONE', *, *, #5747, .F. ) ;
#6568 = ORIENTED_EDGE ( 'NONE', *, *, #3693, .F. ) ;
#6569 = CARTESIAN_POINT ( 'NONE',  ( -0.7999999999999999334, 2.500000000000000000, 0.1800000000000000211 ) ) ;
#6570 = MANIFOLD_SOLID_BREP ( 'Boss-Extrude2[1]', #6282 ) ;
#6571 = ORIENTED_EDGE ( 'NONE', *, *, #807, .T. ) ;
#6572 = CARTESIAN_POINT ( 'NONE',  ( -1.949999999999999956, 1.149999999999999911, 0.1800000000002910383 ) ) ;
#6573 = DIRECTION ( 'NONE',  ( 1.000000000000000000, -7.885106708985485090E-16, 0.000000000000000000 ) ) ;
#6574 = LINE ( 'NONE', #3318, #387 ) ;
#6575 = FACE_OUTER_BOUND ( 'NONE', #4506, .T. ) ;
#6576 = VERTEX_POINT ( 'NONE', #2883 ) ;
#6577 = CARTESIAN_POINT ( 'NONE',  ( 0.1499999999999995226, -1.949999999999999956, -0.02000000000000000042 ) ) ;
#6578 = LINE ( 'NONE', #5331, #3427 ) ;
#6579 = ORIENTED_EDGE ( 'NONE', *, *, #5792, .T. ) ;
#6580 = CARTESIAN_POINT ( 'NONE',  ( 1.149999999999997025, -2.500000000000000000, 0.1800000000000000211 ) ) ;
#6581 = CARTESIAN_POINT ( 'NONE',  ( -2.500000000000000000, 0.8000000000000003775, 0.000000000000000000 ) ) ;
#6582 = MANIFOLD_SOLID_BREP ( 'LPattern8[8]', #2427 ) ;
#6583 = DIRECTION ( 'NONE',  ( 1.577021341797097412E-15, 1.000000000000000000, 0.000000000000000000 ) ) ;
#6584 = VERTEX_POINT ( 'NONE', #2354 ) ;
#6585 = ORIENTED_EDGE ( 'NONE', *, *, #5886, .F. ) ;
#6586 = CARTESIAN_POINT ( 'NONE',  ( 2.500000000000000000, -1.449999999999999734, 0.1800000001139778760 ) ) ;
#6587 = CARTESIAN_POINT ( 'NONE',  ( 2.469999999999999751, -2.500000000000000000, 0.7800000000000000266 ) ) ;
#6588 = EDGE_CURVE ( 'NONE', #6163, #1148, #4471, .T. ) ;
#6589 = DIRECTION ( 'NONE',  ( 1.000000000000000000, 0.000000000000000000, -0.000000000000000000 ) ) ;
#6590 = AXIS2_PLACEMENT_3D ( 'NONE', #2137, #4290, #5166 ) ;
#6591 = CARTESIAN_POINT ( 'NONE',  ( 1.949999999999999512, -1.149999999999999911, 0.000000000000000000 ) ) ;
#6592 = LINE ( 'NONE', #189, #56 ) ;
#6593 = EDGE_CURVE ( 'NONE', #3890, #3520, #830, .T. ) ;
#6594 = CARTESIAN_POINT ( 'NONE',  ( 0.5000000000000000000, 2.500000000000000000, 0.1800000000000000211 ) ) ;
#6595 = DIRECTION ( 'NONE',  ( -0.000000000000000000, -0.000000000000000000, -1.000000000000000000 ) ) ;
#6596 = MANIFOLD_SOLID_BREP ( 'Boss-Extrude2[2]', #6504 ) ;
#6597 = DIRECTION ( 'NONE',  ( -0.000000000000000000, -0.000000000000000000, -1.000000000000000000 ) ) ;
#6598 = LINE ( 'NONE', #687, #5494 ) ;
#6599 = EDGE_LOOP ( 'NONE', ( #5757, #184, #1962, #6087 ) ) ;
#6600 = DIRECTION ( 'NONE',  ( -0.000000000000000000, -0.000000000000000000, 1.000000000000000000 ) ) ;
#6601 = VECTOR ( 'NONE', #2199, 1000.000000000000000 ) ;
#6602 = DIRECTION ( 'NONE',  ( -0.000000000000000000, -0.000000000000000000, -1.000000000000000000 ) ) ;
#6603 = FACE_OUTER_BOUND ( 'NONE', #425, .T. ) ;
#6604 = VECTOR ( 'NONE', #4212, 1000.000000000000000 ) ;
#6605 = AXIS2_PLACEMENT_3D ( 'NONE', #1727, #3337, #3201 ) ;
#6606 = ORIENTED_EDGE ( 'NONE', *, *, #6398, .F. ) ;
#6607 = EDGE_LOOP ( 'NONE', ( #6670, #1371, #6337, #6093 ) ) ;
#6608 = CARTESIAN_POINT ( 'NONE',  ( 1.625000000000000222, -1.624999999999999334, -0.02000000000000000042 ) ) ;
#6609 = MANIFOLD_SOLID_BREP ( 'LPattern7', #1983 ) ;
#6610 = EDGE_CURVE ( 'NONE', #5015, #3973, #5150, .T. ) ;
#6611 = EDGE_CURVE ( 'NONE', #6770, #3046, #6415, .T. ) ;
#6612 = AXIS2_PLACEMENT_3D ( 'NONE', #4424, #6070, #1671 ) ;
#6613 = VECTOR ( 'NONE', #4194, 1000.000000000000000 ) ;
#6614 = ORIENTED_EDGE ( 'NONE', *, *, #454, .F. ) ;
#6615 = AXIS2_PLACEMENT_3D ( 'NONE', #5667, #2440, #2400 ) ;
#6616 = DIRECTION ( 'NONE',  ( -1.000000000000000000, -0.000000000000000000, -0.000000000000000000 ) ) ;
#6617 = DIRECTION ( 'NONE',  ( -0.000000000000000000, 1.000000000000000000, -0.000000000000000000 ) ) ;
#6618 = DIRECTION ( 'NONE',  ( -0.000000000000000000, -0.000000000000000000, -1.000000000000000000 ) ) ;
#6619 = VECTOR ( 'NONE', #1473, 1000.000000000000000 ) ;
#6620 = VECTOR ( 'NONE', #6139, 1000.000000000000000 ) ;
#6621 = MECHANICAL_DESIGN_GEOMETRIC_PRESENTATION_REPRESENTATION (  '', ( #1859 ), #1303 ) ;
#6622 = EDGE_LOOP ( 'NONE', ( #4020, #3420, #6606, #2315, #5269 ) ) ;
#6623 = VERTEX_POINT ( 'NONE', #964 ) ;
#6624 = DIRECTION ( 'NONE',  ( 0.000000000000000000, 0.000000000000000000, -1.000000000000000000 ) ) ;
#6625 = CARTESIAN_POINT ( 'NONE',  ( 1.149999999999997913, -1.949999999999999956, 0.1800000000000000211 ) ) ;
#6626 = EDGE_CURVE ( 'NONE', #4695, #379, #6378, .T. ) ;
#6627 = ORIENTED_EDGE ( 'NONE', *, *, #3149, .F. ) ;
#6628 = CARTESIAN_POINT ( 'NONE',  ( 0.000000000000000000, 0.000000000000000000, 0.01000000000000000021 ) ) ;
#6629 = VECTOR ( 'NONE', #716, 1000.000000000000000 ) ;
#6630 = CARTESIAN_POINT ( 'NONE',  ( 0.1499999999999999667, 2.500000000000000000, 0.1800000000000000488 ) ) ;
#6631 = CARTESIAN_POINT ( 'NONE',  ( 1.149999999999997913, -1.949999999999999956, 0.1800000000000000211 ) ) ;
#6632 = CARTESIAN_POINT ( 'NONE',  ( 1.949999999999999512, 1.449999999999999956, 0.1800000001139778760 ) ) ;
#6633 = ORIENTED_EDGE ( 'NONE', *, *, #1018, .T. ) ;
#6634 = EDGE_LOOP ( 'NONE', ( #3247, #3006, #6781, #5630 ) ) ;
#6635 = CARTESIAN_POINT ( 'NONE',  ( -2.500000000000000000, 0.8000000000000001554, 0.1800000000000000211 ) ) ;
#6636 = CARTESIAN_POINT ( 'NONE',  ( -0.8000000000000020428, -1.949999999999999956, 0.1800000000000000211 ) ) ;
#6637 = AXIS2_PLACEMENT_3D ( 'NONE', #1625, #2836, #7 ) ;
#6638 = CARTESIAN_POINT ( 'NONE',  ( -2.069999999999999840, 2.069999999999999840, 0.7800000000000000266 ) ) ;
#6639 = DIRECTION ( 'NONE',  ( 0.000000000000000000, 1.000000000000000000, 0.000000000000000000 ) ) ;
#6640 = CARTESIAN_POINT ( 'NONE',  ( 0.1499999999999999667, 2.500000000000000000, -0.02000000000000000042 ) ) ;
#6641 = CARTESIAN_POINT ( 'NONE',  ( -1.149999999999999911, -2.500000000000000000, 0.000000000000000000 ) ) ;
#6642 = MANIFOLD_SOLID_BREP ( 'Boss-Extrude7[2]', #4126 ) ;
#6643 = DIRECTION ( 'NONE',  ( -1.000000000000000000, -3.942553354492740080E-16, 0.000000000000000000 ) ) ;
#6644 = ADVANCED_FACE ( 'NONE', ( #2521 ), #3689, .T. ) ;
#6645 = DIRECTION ( 'NONE',  ( 0.000000000000000000, 1.000000000000000000, 0.000000000000000000 ) ) ;
#6646 = ORIENTED_EDGE ( 'NONE', *, *, #358, .T. ) ;
#6647 = CARTESIAN_POINT ( 'NONE',  ( -2.500000000000000000, -0.1499999999999997446, 0.1800000000000000211 ) ) ;
#6648 = LINE ( 'NONE', #2385, #2997 ) ;
#6649 = LINE ( 'NONE', #1848, #5339 ) ;
#6650 = VECTOR ( 'NONE', #2291, 1000.000000000000000 ) ;
#6651 = EDGE_LOOP ( 'NONE', ( #4571, #2448, #362, #65, #356, #3951, #870, #3522, #4743, #4262, #4631, #5361, #567, #4224, #5727, #237, #4857, #1568, #3673, #3762, #3581, #1854, #835, #4663 ) ) ;
#6652 = EDGE_CURVE ( 'NONE', #988, #3174, #466, .T. ) ;
#6653 = ORIENTED_EDGE ( 'NONE', *, *, #2953, .T. ) ;
#6654 = CARTESIAN_POINT ( 'NONE',  ( -2.500000000000000000, -2.500000000000000000, 0.000000000000000000 ) ) ;
#6655 = MANIFOLD_SOLID_BREP ( 'LPattern2[6]', #2331 ) ;
#6656 = ORIENTED_EDGE ( 'NONE', *, *, #881, .T. ) ;
#6657 = PRESENTATION_STYLE_ASSIGNMENT (( #2329 ) ) ;
#6658 = CARTESIAN_POINT ( 'NONE',  ( -2.500000000000000000, 0.1500000000000003830, 0.000000000000000000 ) ) ;
#6659 = DIRECTION ( 'NONE',  ( -1.000000000000000000, 3.942553354492742545E-16, 0.000000000000000000 ) ) ;
#6660 = ADVANCED_FACE ( 'NONE', ( #6982 ), #1488, .T. ) ;
#6661 = VERTEX_POINT ( 'NONE', #5992 ) ;
#6662 = VERTEX_POINT ( 'NONE', #3855 ) ;
#6663 = PLANE ( 'NONE',  #2220 ) ;
#6664 = DIRECTION ( 'NONE',  ( 1.577021341797097018E-15, 1.000000000000000000, 0.000000000000000000 ) ) ;
#6665 = EDGE_LOOP ( 'NONE', ( #3560, #5369, #1272, #6165 ) ) ;
#6666 = DIRECTION ( 'NONE',  ( 1.000000000000000000, 0.000000000000000000, 0.000000000000000000 ) ) ;
#6667 = DIRECTION ( 'NONE',  ( 0.000000000000000000, 1.000000000000000000, 0.000000000000000000 ) ) ;
#6668 = CARTESIAN_POINT ( 'NONE',  ( -1.949999999999999956, -0.4999999999999995559, 0.1800000000002910383 ) ) ;
#6669 = EDGE_CURVE ( 'NONE', #1587, #2616, #117, .T. ) ;
#6670 = ORIENTED_EDGE ( 'NONE', *, *, #4006, .T. ) ;
#6671 = DIRECTION ( 'NONE',  ( 1.000000000000000000, -3.942553354492742545E-16, 0.000000000000000000 ) ) ;
#6672 = DIRECTION ( 'NONE',  ( 0.000000000000000000, -1.000000000000000000, 0.000000000000000000 ) ) ;
#6673 = DIRECTION ( 'NONE',  ( 1.577021341797097018E-15, 1.000000000000000000, 0.000000000000000000 ) ) ;
#6674 = DIRECTION ( 'NONE',  ( -0.000000000000000000, -0.000000000000000000, -1.000000000000000000 ) ) ;
#6675 = CARTESIAN_POINT ( 'NONE',  ( -1.949999999999999956, 0.5000000000000000000, -0.02000000000000000042 ) ) ;
#6676 = ORIENTED_EDGE ( 'NONE', *, *, #3009, .T. ) ;
#6677 = VERTEX_POINT ( 'NONE', #1586 ) ;
#6678 = DIRECTION ( 'NONE',  ( -0.000000000000000000, -0.000000000000000000, -1.000000000000000000 ) ) ;
#6679 = FACE_OUTER_BOUND ( 'NONE', #1596, .T. ) ;
#6680 = ORIENTED_EDGE ( 'NONE', *, *, #4254, .F. ) ;
#6681 = ORIENTED_EDGE ( 'NONE', *, *, #2878, .F. ) ;
#6682 = DIRECTION ( 'NONE',  ( -1.000000000000000000, 3.942553354492742545E-16, 0.000000000000000000 ) ) ;
#6683 = VERTEX_POINT ( 'NONE', #1129 ) ;
#6684 = PLANE ( 'NONE',  #4227 ) ;
#6685 = FACE_OUTER_BOUND ( 'NONE', #2646, .T. ) ;
#6686 = FACE_OUTER_BOUND ( 'NONE', #4390, .T. ) ;
#6687 = CARTESIAN_POINT ( 'NONE',  ( -1.949999999999999956, -0.7999999999999999334, 0.1800000000000000211 ) ) ;
#6688 = ADVANCED_FACE ( 'NONE', ( #1099 ), #4385, .F. ) ;
#6689 = ORIENTED_EDGE ( 'NONE', *, *, #3766, .T. ) ;
#6690 = VERTEX_POINT ( 'NONE', #608 ) ;
#6691 = DIRECTION ( 'NONE',  ( -0.000000000000000000, -0.000000000000000000, 1.000000000000000000 ) ) ;
#6692 = VERTEX_POINT ( 'NONE', #3821 ) ;
#6693 = VECTOR ( 'NONE', #2923, 1000.000000000000000 ) ;
#6694 = CARTESIAN_POINT ( 'NONE',  ( -0.1499999999999999667, 1.949999999999999956, -0.02000000000000000042 ) ) ;
#6695 = EDGE_CURVE ( 'NONE', #6969, #1238, #2272, .T. ) ;
#6696 = ADVANCED_FACE ( 'NONE', ( #5414 ), #4882, .T. ) ;
#6697 = LINE ( 'NONE', #6158, #2849 ) ;
#6698 = EDGE_CURVE ( 'NONE', #3402, #2421, #3302, .T. ) ;
#6699 = PRESENTATION_LAYER_ASSIGNMENT (  '', '', ( #4298 ) ) ;
#6700 = DIRECTION ( 'NONE',  ( 7.885106708985485090E-16, -1.000000000000000000, 0.000000000000000000 ) ) ;
#6701 = ORIENTED_EDGE ( 'NONE', *, *, #2175, .T. ) ;
#6702 = EDGE_LOOP ( 'NONE', ( #5057, #2205, #3258, #1590 ) ) ;
#6703 = CARTESIAN_POINT ( 'NONE',  ( -0.7999999999999999334, 2.500000000000000000, 0.000000000000000000 ) ) ;
#6704 = DIRECTION ( 'NONE',  ( -1.000000000000000000, 0.000000000000000000, 0.000000000000000000 ) ) ;
#6705 = EDGE_CURVE ( 'NONE', #5164, #6541, #44, .T. ) ;
#6706 = FACE_OUTER_BOUND ( 'NONE', #197, .T. ) ;
#6707 = CARTESIAN_POINT ( 'NONE',  ( 2.500000000000000000, 1.449999999999999512, 0.1800000000000000211 ) ) ;
#6708 = LINE ( 'NONE', #1838, #4585 ) ;
#6709 = CARTESIAN_POINT ( 'NONE',  ( -0.1499999999999999667, 1.949999999999999956, 0.1800000000000000488 ) ) ;
#6710 = ORIENTED_EDGE ( 'NONE', *, *, #6713, .T. ) ;
#6711 = COLOUR_RGB ( '',0.8039215686274510109, 0.8039215686274510109, 0.8039215686274510109 ) ;
#6712 = DIRECTION ( 'NONE',  ( -0.000000000000000000, 1.000000000000000000, -0.000000000000000000 ) ) ;
#6713 = EDGE_CURVE ( 'NONE', #1873, #6163, #3343, .T. ) ;
#6714 = EDGE_LOOP ( 'NONE', ( #6281, #5389, #6083, #4911 ) ) ;
#6715 = LINE ( 'NONE', #2422, #490 ) ;
#6716 = LINE ( 'NONE', #6207, #6838 ) ;
#6717 = SURFACE_SIDE_STYLE ('',( #4017 ) ) ;
#6718 = COLOUR_RGB ( '',0.8039215686274510109, 0.8039215686274510109, 0.8039215686274510109 ) ;
#6719 = ORIENTED_EDGE ( 'NONE', *, *, #6626, .F. ) ;
#6720 = ORIENTED_EDGE ( 'NONE', *, *, #2323, .F. ) ;
#6721 = VECTOR ( 'NONE', #457, 1000.000000000000000 ) ;
#6722 = CARTESIAN_POINT ( 'NONE',  ( -1.450000000000002176, -1.949999999999999956, 0.000000000000000000 ) ) ;
#6723 = VERTEX_POINT ( 'NONE', #1213 ) ;
#6724 = DIRECTION ( 'NONE',  ( 1.000000000000000000, 0.000000000000000000, -0.000000000000000000 ) ) ;
#6725 = VECTOR ( 'NONE', #2800, 1000.000000000000000 ) ;
#6726 = FACE_OUTER_BOUND ( 'NONE', #6702, .T. ) ;
#6727 = ORIENTED_EDGE ( 'NONE', *, *, #5341, .F. ) ;
#6728 = VECTOR ( 'NONE', #3659, 1000.000000000000000 ) ;
#6729 = EDGE_LOOP ( 'NONE', ( #5329, #1036, #229, #5580 ) ) ;
#6730 = VECTOR ( 'NONE', #2143, 1000.000000000000000 ) ;
#6731 = DIRECTION ( 'NONE',  ( 1.000000000000000000, 0.000000000000000000, 0.000000000000000000 ) ) ;
#6732 = VERTEX_POINT ( 'NONE', #2807 ) ;
#6733 = FACE_OUTER_BOUND ( 'NONE', #5332, .T. ) ;
#6734 = CARTESIAN_POINT ( 'NONE',  ( 0.1499999999999999667, -2.500000000000000000, -0.02000000000000000042 ) ) ;
#6735 = AXIS2_PLACEMENT_3D ( 'NONE', #5446, #5343, #4924 ) ;
#6736 =( GEOMETRIC_REPRESENTATION_CONTEXT ( 3 ) GLOBAL_UNCERTAINTY_ASSIGNED_CONTEXT ( ( #1557 ) ) GLOBAL_UNIT_ASSIGNED_CONTEXT ( ( #4023, #5581, #5051 ) ) REPRESENTATION_CONTEXT ( 'NONE', 'WORKASPACE' ) );
#6737 = CARTESIAN_POINT ( 'NONE',  ( -1.949999999999999956, 0.5000000000000000000, 0.1800000000000000211 ) ) ;
#6738 = EDGE_CURVE ( 'NONE', #4830, #6192, #4283, .T. ) ;
#6739 = EDGE_CURVE ( 'NONE', #3721, #537, #1732, .T. ) ;
#6740 = ORIENTED_EDGE ( 'NONE', *, *, #1608, .T. ) ;
#6741 = AXIS2_PLACEMENT_3D ( 'NONE', #6769, #5737, #815 ) ;
#6742 = EDGE_LOOP ( 'NONE', ( #90, #5160, #143, #93 ) ) ;
#6743 = CARTESIAN_POINT ( 'NONE',  ( -0.8000000000000029310, -2.500000000000000000, 0.1800000000000000211 ) ) ;
#6744 = AXIS2_PLACEMENT_3D ( 'NONE', #5, #5411, #4847 ) ;
#6745 = EDGE_LOOP ( 'NONE', ( #2505, #4935, #1588, #1469 ) ) ;
#6746 = CARTESIAN_POINT ( 'NONE',  ( -2.500000000000000000, -1.149999999999999467, 0.000000000000000000 ) ) ;
#6747 = CARTESIAN_POINT ( 'NONE',  ( 0.7999999999999999334, -2.500000000000000000, 0.000000000000000000 ) ) ;
#6748 = DIRECTION ( 'NONE',  ( -1.000000000000000000, 0.000000000000000000, -0.000000000000000000 ) ) ;
#6749 = DIRECTION ( 'NONE',  ( -1.000000000000000000, 0.000000000000000000, -0.000000000000000000 ) ) ;
#6750 = EDGE_CURVE ( 'NONE', #4291, #1363, #5700, .T. ) ;
#6751 = ORIENTED_EDGE ( 'NONE', *, *, #75, .F. ) ;
#6752 = DIRECTION ( 'NONE',  ( 1.000000000000000000, -1.577021341797097412E-15, 0.000000000000000000 ) ) ;
#6753 = CIRCLE ( 'NONE', #6062, 0.03000000000000007869 ) ;
#6754 = VERTEX_POINT ( 'NONE', #2661 ) ;
#6755 = DIRECTION ( 'NONE',  ( 0.000000000000000000, -1.000000000000000000, 0.000000000000000000 ) ) ;
#6756 = CARTESIAN_POINT ( 'NONE',  ( 1.949999999999999512, 1.449999999999999956, 0.1800000000000000211 ) ) ;
#6757 = DIRECTION ( 'NONE',  ( 0.000000000000000000, -1.000000000000000000, 0.000000000000000000 ) ) ;
#6758 = ORIENTED_EDGE ( 'NONE', *, *, #404, .T. ) ;
#6759 = VERTEX_POINT ( 'NONE', #3752 ) ;
#6760 = PLANE ( 'NONE',  #4718 ) ;
#6761 = ORIENTED_EDGE ( 'NONE', *, *, #5713, .F. ) ;
#6762 = DIRECTION ( 'NONE',  ( 0.000000000000000000, -1.000000000000000000, 0.000000000000000000 ) ) ;
#6763 = ADVANCED_FACE ( 'NONE', ( #5923 ), #2690, .F. ) ;
#6764 = ORIENTED_EDGE ( 'NONE', *, *, #4690, .T. ) ;
#6765 = ORIENTED_EDGE ( 'NONE', *, *, #4182, .T. ) ;
#6766 = DIRECTION ( 'NONE',  ( 1.000000000000000000, 0.000000000000000000, -0.000000000000000000 ) ) ;
#6767 = VERTEX_POINT ( 'NONE', #2455 ) ;
#6768 = PLANE ( 'NONE',  #6491 ) ;
#6769 = CARTESIAN_POINT ( 'NONE',  ( -2.469999999999999751, 2.469999999999999751, 0.7500000000000000000 ) ) ;
#6770 = VERTEX_POINT ( 'NONE', #4464 ) ;
#6771 = ORIENTED_EDGE ( 'NONE', *, *, #5054, .F. ) ;
#6772 = ORIENTED_EDGE ( 'NONE', *, *, #1691, .F. ) ;
#6773 = PLANE ( 'NONE',  #5191 ) ;
#6774 = CARTESIAN_POINT ( 'NONE',  ( -0.5000000000000000000, -2.500000000000000000, 0.000000000000000000 ) ) ;
#6775 = EDGE_CURVE ( 'NONE', #5290, #6584, #6102, .T. ) ;
#6776 = DIRECTION ( 'NONE',  ( 7.885106708985485090E-16, 1.000000000000000000, 0.000000000000000000 ) ) ;
#6777 = CARTESIAN_POINT ( 'NONE',  ( 1.625000000000000222, 1.625000000000000222, 0.01000000000000000021 ) ) ;
#6778 = LINE ( 'NONE', #1839, #2415 ) ;
#6779 = ORIENTED_EDGE ( 'NONE', *, *, #4256, .T. ) ;
#6780 = PRODUCT_DEFINITION_SHAPE ( 'NONE', 'NONE',  #1259 ) ;
#6781 = ORIENTED_EDGE ( 'NONE', *, *, #1204, .F. ) ;
#6782 = PLANE ( 'NONE',  #3671 ) ;
#6783 = ADVANCED_FACE ( 'NONE', ( #4603 ), #2980, .F. ) ;
#6784 = EDGE_CURVE ( 'NONE', #4171, #5064, #6778, .T. ) ;
#6785 = DIRECTION ( 'NONE',  ( 0.000000000000000000, -0.000000000000000000, 1.000000000000000000 ) ) ;
#6786 = EDGE_CURVE ( 'NONE', #5963, #2211, #1352, .T. ) ;
#6787 = DIRECTION ( 'NONE',  ( 0.000000000000000000, 1.000000000000000000, 0.000000000000000000 ) ) ;
#6788 = ORIENTED_EDGE ( 'NONE', *, *, #1766, .T. ) ;
#6789 = AXIS2_PLACEMENT_3D ( 'NONE', #5028, #1378, #2974 ) ;
#6790 = CARTESIAN_POINT ( 'NONE',  ( -0.1499999999999999667, 2.500000000000000000, 0.000000000000000000 ) ) ;
#6791 = ORIENTED_EDGE ( 'NONE', *, *, #1006, .F. ) ;
#6792 = DIRECTION ( 'NONE',  ( -1.000000000000000000, -3.942553354492739094E-16, 0.000000000000000000 ) ) ;
#6793 = ORIENTED_EDGE ( 'NONE', *, *, #5565, .F. ) ;
#6794 = CARTESIAN_POINT ( 'NONE',  ( 1.625000000000000222, 1.625000000000000222, 0.01000000000000000021 ) ) ;
#6795 = DIRECTION ( 'NONE',  ( -0.000000000000000000, -0.000000000000000000, 1.000000000000000000 ) ) ;
#6796 = EDGE_CURVE ( 'NONE', #1238, #4346, #3412, .T. ) ;
#6797 = ORIENTED_EDGE ( 'NONE', *, *, #1015, .F. ) ;
#6798 = LINE ( 'NONE', #1932, #6613 ) ;
#6799 = EDGE_LOOP ( 'NONE', ( #1901, #5787, #4986, #552 ) ) ;
#6800 = CYLINDRICAL_SURFACE ( 'NONE', #6373, 0.2000000000000003164 ) ;
#6801 = SURFACE_SIDE_STYLE ('',( #3206 ) ) ;
#6802 = CARTESIAN_POINT ( 'NONE',  ( 1.449999999999999956, 2.500000000000000000, 0.1800000000000000211 ) ) ;
#6803 = EDGE_LOOP ( 'NONE', ( #6997, #1906, #16, #5647 ) ) ;
#6804 = ORIENTED_EDGE ( 'NONE', *, *, #1609, .F. ) ;
#6805 = CARTESIAN_POINT ( 'NONE',  ( 0.5000000000000000000, 2.500000000000000000, -0.02000000000000000042 ) ) ;
#6806 = EDGE_LOOP ( 'NONE', ( #6454, #4987, #6003, #6319 ) ) ;
#6807 = CARTESIAN_POINT ( 'NONE',  ( 1.449999999999999512, -1.949999999999999956, 0.1800000000000000211 ) ) ;
#6808 = CARTESIAN_POINT ( 'NONE',  ( 1.625000000000000222, -1.624999999999999334, 0.01000000000000000021 ) ) ;
#6809 = DIRECTION ( 'NONE',  ( 1.000000000000000000, 0.000000000000000000, -0.000000000000000000 ) ) ;
#6810 = VECTOR ( 'NONE', #2846, 1000.000000000000000 ) ;
#6811 = ORIENTED_EDGE ( 'NONE', *, *, #2729, .F. ) ;
#6812 = DIRECTION ( 'NONE',  ( 0.000000000000000000, -0.000000000000000000, 1.000000000000000000 ) ) ;
#6813 = LINE ( 'NONE', #1951, #5718 ) ;
#6814 = ORIENTED_EDGE ( 'NONE', *, *, #1964, .T. ) ;
#6815 = EDGE_CURVE ( 'NONE', #1750, #3437, #4498, .T. ) ;
#6816 = EDGE_CURVE ( 'NONE', #5006, #5793, #5140, .T. ) ;
#6817 = EDGE_CURVE ( 'NONE', #5087, #3121, #4003, .T. ) ;
#6818 = CARTESIAN_POINT ( 'NONE',  ( -1.949999999999999956, 0.8000000000000003775, -0.02000000000000000042 ) ) ;
#6819 = EDGE_LOOP ( 'NONE', ( #3118, #88, #5408, #5372 ) ) ;
#6820 = DIRECTION ( 'NONE',  ( -0.7071067811865474617, -0.7071067811865474617, 0.000000000000000000 ) ) ;
#6821 = ORIENTED_EDGE ( 'NONE', *, *, #6626, .T. ) ;
#6822 =( GEOMETRIC_REPRESENTATION_CONTEXT ( 3 ) GLOBAL_UNCERTAINTY_ASSIGNED_CONTEXT ( ( #1915 ) ) GLOBAL_UNIT_ASSIGNED_CONTEXT ( ( #325, #3029, #6208 ) ) REPRESENTATION_CONTEXT ( 'NONE', 'WORKASPACE' ) );
#6823 = CARTESIAN_POINT ( 'NONE',  ( 1.949999999999999512, 0.5000000000000000000, 0.000000000000000000 ) ) ;
#6824 = AXIS2_PLACEMENT_3D ( 'NONE', #543, #1165, #6556 ) ;
#6825 = EDGE_CURVE ( 'NONE', #329, #5308, #2414, .T. ) ;
#6826 = CARTESIAN_POINT ( 'NONE',  ( 1.625000000000000222, 1.625000000000000222, 0.01000000000000000021 ) ) ;
#6827 = ORIENTED_EDGE ( 'NONE', *, *, #4139, .F. ) ;
#6828 = DIRECTION ( 'NONE',  ( -0.000000000000000000, -0.000000000000000000, 1.000000000000000000 ) ) ;
#6829 = DIRECTION ( 'NONE',  ( 1.000000000000000000, 0.000000000000000000, 0.000000000000000000 ) ) ;
#6830 = FACE_OUTER_BOUND ( 'NONE', #6007, .T. ) ;
#6831 = CIRCLE ( 'NONE', #5462, 0.2000000000000003164 ) ;
#6832 = VECTOR ( 'NONE', #2018, 1000.000000000000000 ) ;
#6833 = EDGE_CURVE ( 'NONE', #5107, #1687, #4995, .T. ) ;
#6834 = VERTEX_POINT ( 'NONE', #1278 ) ;
#6835 = ORIENTED_EDGE ( 'NONE', *, *, #2727, .F. ) ;
#6836 = DIRECTION ( 'NONE',  ( -0.000000000000000000, 1.000000000000000000, -0.000000000000000000 ) ) ;
#6837 = CARTESIAN_POINT ( 'NONE',  ( -1.949999999999999956, 0.8000000000000003775, 0.1800000000000000211 ) ) ;
#6838 = VECTOR ( 'NONE', #2917, 1000.000000000000000 ) ;
#6839 = AXIS2_PLACEMENT_3D ( 'NONE', #6628, #1372, #3532 ) ;
#6840 = CARTESIAN_POINT ( 'NONE',  ( -0.5000000000000000000, 2.500000000000000000, 0.000000000000000000 ) ) ;
#6841 = PLANE ( 'NONE',  #6364 ) ;
#6842 = LINE ( 'NONE', #4141, #3663 ) ;
#6843 = AXIS2_PLACEMENT_3D ( 'NONE', #788, #1413, #1871 ) ;
#6844 = AXIS2_PLACEMENT_3D ( 'NONE', #1801, #251, #6748 ) ;
#6845 = ORIENTED_EDGE ( 'NONE', *, *, #5886, .T. ) ;
#6846 = LINE ( 'NONE', #3582, #2268 ) ;
#6847 = FACE_OUTER_BOUND ( 'NONE', #1179, .T. ) ;
#6848 = PLANE ( 'NONE',  #1398 ) ;
#6849 = LINE ( 'NONE', #6341, #2651 ) ;
#6850 = CARTESIAN_POINT ( 'NONE',  ( 1.949999999999999512, 1.449999999999999956, 0.1800000000000000211 ) ) ;
#6851 = VECTOR ( 'NONE', #1776, 1000.000000000000000 ) ;
#6852 = DIRECTION ( 'NONE',  ( -1.000000000000000000, 0.000000000000000000, -0.000000000000000000 ) ) ;
#6853 = ORIENTED_EDGE ( 'NONE', *, *, #408, .F. ) ;
#6854 = VECTOR ( 'NONE', #921, 1000.000000000000000 ) ;
#6855 = VECTOR ( 'NONE', #3598, 1000.000000000000000 ) ;
#6856 = CARTESIAN_POINT ( 'NONE',  ( -2.500000000000000000, -1.449999999999999734, 0.1800000000000000211 ) ) ;
#6857 = ORIENTED_EDGE ( 'NONE', *, *, #5121, .F. ) ;
#6858 = LINE ( 'NONE', #4578, #2806 ) ;
#6859 = VERTEX_POINT ( 'NONE', #2381 ) ;
#6860 =( NAMED_UNIT ( * ) SI_UNIT ( $, .STERADIAN. ) SOLID_ANGLE_UNIT ( ) );
#6861 = LINE ( 'NONE', #4689, #5816 ) ;
#6862 = AXIS2_PLACEMENT_3D ( 'NONE', #6018, #1159, #6589 ) ;
#6863 = VERTEX_POINT ( 'NONE', #288 ) ;
#6864 = ADVANCED_FACE ( 'NONE', ( #4043 ), #795, .F. ) ;
#6865 = LINE ( 'NONE', #409, #3555 ) ;
#6866 = ORIENTED_EDGE ( 'NONE', *, *, #4858, .F. ) ;
#6867 = CARTESIAN_POINT ( 'NONE',  ( -1.450000000000002842, -2.500000000000000000, 0.1800000000000000211 ) ) ;
#6868 = DIRECTION ( 'NONE',  ( 0.000000000000000000, -1.000000000000000000, 0.000000000000000000 ) ) ;
#6869 = EDGE_CURVE ( 'NONE', #4345, #988, #1321, .T. ) ;
#6870 = CARTESIAN_POINT ( 'NONE',  ( 1.449999999999999512, 1.949999999999999956, 0.000000000000000000 ) ) ;
#6871 = VECTOR ( 'NONE', #3093, 1000.000000000000000 ) ;
#6872 = ADVANCED_FACE ( 'NONE', ( #5677 ), #3513, .F. ) ;
#6873 = ORIENTED_EDGE ( 'NONE', *, *, #2051, .T. ) ;
#6874 = VERTEX_POINT ( 'NONE', #5645 ) ;
#6875 = CARTESIAN_POINT ( 'NONE',  ( 2.500000000000000000, -1.150000000000000355, -0.02000000000000000042 ) ) ;
#6876 = DIRECTION ( 'NONE',  ( -7.885106708985485090E-16, -1.000000000000000000, 0.000000000000000000 ) ) ;
#6877 = CARTESIAN_POINT ( 'NONE',  ( -2.500000000000000000, 1.450000000000000178, 0.1800000000000000211 ) ) ;
#6878 = EDGE_CURVE ( 'NONE', #5638, #2344, #5563, .T. ) ;
#6879 = ADVANCED_FACE ( 'NONE', ( #824 ), #2946, .T. ) ;
#6880 = ORIENTED_EDGE ( 'NONE', *, *, #2582, .F. ) ;
#6881 = CARTESIAN_POINT ( 'NONE',  ( 1.949999999999999512, 1.149999999999999911, -0.02000000000000000042 ) ) ;
#6882 = LINE ( 'NONE', #1485, #5037 ) ;
#6883 = LINE ( 'NONE', #4213, #5593 ) ;
#6884 = LINE ( 'NONE', #352, #5158 ) ;
#6885 = SURFACE_STYLE_USAGE ( .BOTH. , #6916 ) ;
#6886 = ORIENTED_EDGE ( 'NONE', *, *, #2263, .T. ) ;
#6887 = ORIENTED_EDGE ( 'NONE', *, *, #6304, .T. ) ;
#6888 = CARTESIAN_POINT ( 'NONE',  ( 1.149999999999997913, -1.949999999999999956, 0.1800000000000000211 ) ) ;
#6889 = ORIENTED_EDGE ( 'NONE', *, *, #395, .F. ) ;
#6890 = CARTESIAN_POINT ( 'NONE',  ( 0.7999999999999999334, -2.500000000000000000, -0.02000000000000000042 ) ) ;
#6891 = EDGE_LOOP ( 'NONE', ( #3815, #5436, #6771, #1789 ) ) ;
#6892 = DIRECTION ( 'NONE',  ( -0.000000000000000000, -0.000000000000000000, 1.000000000000000000 ) ) ;
#6893 = VECTOR ( 'NONE', #6301, 1000.000000000000000 ) ;
#6894 = ADVANCED_FACE ( 'NONE', ( #1880 ), #2837, .F. ) ;
#6895 = DIRECTION ( 'NONE',  ( 1.000000000000000000, -7.885106708985478187E-16, -0.000000000000000000 ) ) ;
#6896 = ORIENTED_EDGE ( 'NONE', *, *, #4762, .F. ) ;
#6897 = LINE ( 'NONE', #6867, #5137 ) ;
#6898 = CARTESIAN_POINT ( 'NONE',  ( 1.449999999999999956, 2.500000000000000000, -0.02000000000000000042 ) ) ;
#6899 = LINE ( 'NONE', #3148, #1407 ) ;
#6900 = LINE ( 'NONE', #3839, #4922 ) ;
#6901 = ORIENTED_EDGE ( 'NONE', *, *, #1233, .T. ) ;
#6902 = EDGE_CURVE ( 'NONE', #4118, #6759, #4206, .T. ) ;
#6903 = CARTESIAN_POINT ( 'NONE',  ( 1.949999999999999512, 1.449999999999999956, 0.1800000000000000211 ) ) ;
#6904 = EDGE_CURVE ( 'NONE', #925, #5793, #6270, .T. ) ;
#6905 = ORIENTED_EDGE ( 'NONE', *, *, #3928, .F. ) ;
#6906 = CARTESIAN_POINT ( 'NONE',  ( 2.500000000000000000, 0.1499999999999995226, 0.1800000000000000211 ) ) ;
#6907 = DIRECTION ( 'NONE',  ( 1.000000000000000000, 0.000000000000000000, -0.000000000000000000 ) ) ;
#6908 = DIRECTION ( 'NONE',  ( -0.000000000000000000, -0.000000000000000000, 1.000000000000000000 ) ) ;
#6909 = VERTEX_POINT ( 'NONE', #6936 ) ;
#6910 = EDGE_CURVE ( 'NONE', #6661, #6677, #4769, .T. ) ;
#6911 = PRESENTATION_LAYER_ASSIGNMENT (  '', '', ( #5551 ) ) ;
#6912 = VECTOR ( 'NONE', #3835, 1000.000000000000000 ) ;
#6913 = FACE_OUTER_BOUND ( 'NONE', #2963, .T. ) ;
#6914 = CARTESIAN_POINT ( 'NONE',  ( 0.4999999999999970024, -2.500000000000000000, -0.02000000000000000042 ) ) ;
#6915 = DIRECTION ( 'NONE',  ( 1.000000000000000000, -7.885106708985478187E-16, -0.000000000000000000 ) ) ;
#6916 = SURFACE_SIDE_STYLE ('',( #6280 ) ) ;
#6917 = EDGE_CURVE ( 'NONE', #3384, #3312, #3125, .T. ) ;
#6918 = ORIENTED_EDGE ( 'NONE', *, *, #4286, .F. ) ;
#6919 = FACE_OUTER_BOUND ( 'NONE', #732, .T. ) ;
#6920 = FACE_OUTER_BOUND ( 'NONE', #3067, .T. ) ;
#6921 = VERTEX_POINT ( 'NONE', #386 ) ;
#6922 = LINE ( 'NONE', #5288, #4327 ) ;
#6923 = VERTEX_POINT ( 'NONE', #4175 ) ;
#6924 = VECTOR ( 'NONE', #3984, 1000.000000000000000 ) ;
#6925 = DIRECTION ( 'NONE',  ( 1.000000000000000000, 0.000000000000000000, -0.000000000000000000 ) ) ;
#6926 = ORIENTED_EDGE ( 'NONE', *, *, #70, .T. ) ;
#6927 = DIRECTION ( 'NONE',  ( -3.942553354492742545E-16, -1.000000000000000000, 0.000000000000000000 ) ) ;
#6928 = LINE ( 'NONE', #1506, #2082 ) ;
#6929 = ORIENTED_EDGE ( 'NONE', *, *, #4604, .T. ) ;
#6930 = ORIENTED_EDGE ( 'NONE', *, *, #808, .F. ) ;
#6931 = FACE_OUTER_BOUND ( 'NONE', #5403, .T. ) ;
#6932 = ORIENTED_EDGE ( 'NONE', *, *, #3142, .F. ) ;
#6933 = CARTESIAN_POINT ( 'NONE',  ( 1.449999999999999512, 1.949999999999999956, 0.1800000000000000211 ) ) ;
#6934 = VECTOR ( 'NONE', #1803, 1000.000000000000000 ) ;
#6935 = CARTESIAN_POINT ( 'NONE',  ( -1.949999999999999956, 0.1500000000000003830, -0.02000000000000000042 ) ) ;
#6937 = AXIS2_PLACEMENT_3D ( 'NONE', #6552, #4955, #3372 ) ;
#6936 = CARTESIAN_POINT ( 'NONE',  ( 0.1499999999999995226, -1.949999999999999956, -0.02000000000000000042 ) ) ;
#6938 = DIRECTION ( 'NONE',  ( 1.000000000000000000, 3.942553354492742545E-16, 0.000000000000000000 ) ) ;
#6939 = ADVANCED_FACE ( 'NONE', ( #1450 ), #6841, .F. ) ;
#6940 = VERTEX_POINT ( 'NONE', #346 ) ;
#6941 = ADVANCED_FACE ( 'NONE', ( #422 ), #5274, .F. ) ;
#6942 = AXIS2_PLACEMENT_3D ( 'NONE', #5507, #556, #5939 ) ;
#6943 = UNCERTAINTY_MEASURE_WITH_UNIT (LENGTH_MEASURE( 1.000000000000000082E-05 ), #1249, 'distance_accuracy_value', 'NONE');
#6944 = VECTOR ( 'NONE', #1370, 1000.000000000000000 ) ;
#6945 = VECTOR ( 'NONE', #2006, 1000.000000000000000 ) ;
#6946 = DIRECTION ( 'NONE',  ( 0.000000000000000000, 1.000000000000000000, 0.000000000000000000 ) ) ;
#6947 = LINE ( 'NONE', #2097, #1617 ) ;
#6948 = VECTOR ( 'NONE', #4091, 1000.000000000000000 ) ;
#6949 = DIRECTION ( 'NONE',  ( 1.000000000000000000, 0.000000000000000000, 0.000000000000000000 ) ) ;
#6950 = EDGE_CURVE ( 'NONE', #5564, #4952, #1517, .T. ) ;
#6951 = AXIS2_PLACEMENT_3D ( 'NONE', #4531, #4610, #5001 ) ;
#6952 = ORIENTED_EDGE ( 'NONE', *, *, #6505, .F. ) ;
#6953 = DIRECTION ( 'NONE',  ( -1.000000000000000000, 3.942553354492742545E-16, -0.000000000000000000 ) ) ;
#6954 = VECTOR ( 'NONE', #6659, 1000.000000000000000 ) ;
#6955 = LINE ( 'NONE', #4255, #4104 ) ;
#6956 = ORIENTED_EDGE ( 'NONE', *, *, #2184, .F. ) ;
#6957 = AXIS2_PLACEMENT_3D ( 'NONE', #6638, #4923, #6063 ) ;
#6958 = LINE ( 'NONE', #2733, #4458 ) ;
#6959 = CARTESIAN_POINT ( 'NONE',  ( 2.500000000000000000, 1.449999999999999512, 0.1800000000000000211 ) ) ;
#6960 = FACE_OUTER_BOUND ( 'NONE', #5208, .T. ) ;
#6961 = EDGE_CURVE ( 'NONE', #985, #4757, #2512, .T. ) ;
#6962 = ORIENTED_EDGE ( 'NONE', *, *, #2590, .T. ) ;
#6963 = CARTESIAN_POINT ( 'NONE',  ( -2.500000000000000000, -0.7999999999999997113, 0.1800000000000000211 ) ) ;
#6964 = ORIENTED_EDGE ( 'NONE', *, *, #4414, .T. ) ;
#6965 = VECTOR ( 'NONE', #566, 1000.000000000000000 ) ;
#6966 = LINE ( 'NONE', #1600, #4560 ) ;
#6967 = VECTOR ( 'NONE', #86, 1000.000000000000000 ) ;
#6968 = CARTESIAN_POINT ( 'NONE',  ( 1.449999999999999956, 2.500000000000000000, -0.02000000000000000042 ) ) ;
#6969 = VERTEX_POINT ( 'NONE', #4669 ) ;
#6970 = ORIENTED_EDGE ( 'NONE', *, *, #4038, .T. ) ;
#6971 = CARTESIAN_POINT ( 'NONE',  ( -2.500000000000000000, -0.4999999999999997780, 0.1800000001139778760 ) ) ;
#6972 = ORIENTED_EDGE ( 'NONE', *, *, #2402, .F. ) ;
#6973 = CARTESIAN_POINT ( 'NONE',  ( -2.500000000000000000, -1.449999999999999734, 0.1800000000000000211 ) ) ;
#6974 = CARTESIAN_POINT ( 'NONE',  ( -1.949999999999999956, 0.8000000000000003775, 0.1800000001139778760 ) ) ;
#6975 = LINE ( 'NONE', #2152, #5485 ) ;
#6976 = ORIENTED_EDGE ( 'NONE', *, *, #1446, .F. ) ;
#6977 = CARTESIAN_POINT ( 'NONE',  ( 1.949999999999999512, 0.1499999999999999667, 0.000000000000000000 ) ) ;
#6978 = EDGE_CURVE ( 'NONE', #3690, #2705, #5715, .T. ) ;
#6979 = LINE ( 'NONE', #5959, #6052 ) ;
#6980 = LINE ( 'NONE', #3340, #6159 ) ;
#6981 = CARTESIAN_POINT ( 'NONE',  ( -2.500000000000000000, 0.1500000000000001887, 0.1800000000000000211 ) ) ;
#6982 = FACE_OUTER_BOUND ( 'NONE', #4536, .T. ) ;
#6983 = ORIENTED_EDGE ( 'NONE', *, *, #6878, .T. ) ;
#6984 = DIRECTION ( 'NONE',  ( 0.000000000000000000, 1.000000000000000000, -0.000000000000000000 ) ) ;
#6985 = EDGE_CURVE ( 'NONE', #4647, #6921, #5175, .T. ) ;
#6986 = EDGE_CURVE ( 'NONE', #5902, #1587, #2591, .T. ) ;
#6987 = ORIENTED_EDGE ( 'NONE', *, *, #3566, .T. ) ;
#6988 = LINE ( 'NONE', #2352, #5607 ) ;
#6989 = LINE ( 'NONE', #4289, #1411 ) ;
#6990 = ORIENTED_EDGE ( 'NONE', *, *, #4639, .F. ) ;
#6991 = CARTESIAN_POINT ( 'NONE',  ( -0.1500000000000029921, -2.500000000000000000, -0.02000000000000000042 ) ) ;
#6992 = ADVANCED_FACE ( 'NONE', ( #3604 ), #2484, .T. ) ;
#6993 = VERTEX_POINT ( 'NONE', #4100 ) ;
#6994 = CARTESIAN_POINT ( 'NONE',  ( 2.500000000000000000, 0.7999999999999994893, 0.1800000000000000211 ) ) ;
#6995 = EDGE_CURVE ( 'NONE', #3094, #4867, #4140, .T. ) ;
#6996 = LINE ( 'NONE', #5433, #2444 ) ;
#6997 = ORIENTED_EDGE ( 'NONE', *, *, #6271, .T. ) ;
#6998 = CARTESIAN_POINT ( 'NONE',  ( -0.1499999999999999667, 2.500000000000000000, 0.1800000000000000211 ) ) ;
#6999 = ORIENTED_EDGE ( 'NONE', *, *, #1191, .F. ) ;
#7000 = DIRECTION ( 'NONE',  ( 1.577021341797097018E-15, 1.000000000000000000, 0.000000000000000000 ) ) ;
#7001 = DIRECTION ( 'NONE',  ( 0.000000000000000000, 0.000000000000000000, 1.000000000000000000 ) ) ;
#7002 = LINE ( 'NONE', #3126, #4584 ) ;
ENDSEC;
END-ISO-10303-21;
